symbol,dhan_security_id,name,mcap_inr,cmp
3MINDIA,474,3M India,398839808000.0,35405.0
5PAISA,445,5Paisa Capital,16353828864.0,348.85
63MOONS,11868,63 Moons Technologies,35508117504.0,770.6
AADHARHFC,23729,Aadhar Housing Finance,215825874944.0,493.5
AARTIDRUGS,4481,Aarti Drugs,37306613760.0,408.75
AARTIIND,7,Aarti Industries,176013131776.0,485.25
AARTIPHARM,13868,Aarti Pharma Labs,62102069248.0,684.85
AAVAS,5385,Aavas Financiers,110236925952.0,1390.3
ABBOTINDIA,17903,Abbott,590093090816.0,27770.0
ABDL,24308,Allied Blenders & Distillers,179238256640.0,640.8
ABLBL,756843,Aditya Birla Lifestyle Brands,115633553408.0,95.2
ABREL,625,Aditya Birla Real Estate,155439267840.0,1405.7
ABSLAMC,6018,Aditya Birla Sun Life AMC,296061435904.0,1023.5
ACC,22,ACC,257644134400.0,1372.0
ACCELYA,7053,Accelya Solutions,17433872384.0,1168.0
ACE,13587,Action Construction Equipment,125467295744.0,1054.1
ACI,12024,Archean Chemical Industries,70013247488.0,567.1
ACMESOLAR,27061,ACME Solar Holdings,258714550272.0,366.3
ACUTAAS,5578,Acutaas Chemicals,270755987456.0,3307.1
ADFFOODS,19761,ADF Foods,33250215936.0,302.65
ADOR,34,Ador Welding,24941715456.0,1433.2
ADVAIT,760657,Advait Energy Transitions,24801329152.0,2267.7
ADVENZYMES,18039,Advanced Enzyme Tech,34813386752.0,310.9
AEGISLOG,40,Aegis Logistics,451386015744.0,1286.0
AEGISVOPAK,757336,Aegis Vopak Terminals,327533363200.0,295.61
AEQUS,760234,Aequs,150583705600.0,229.95
AEROENTER,12015,Aeroflex Enterprises,13806032896.0,122.0
AEROFLEX,18268,Aeroflex Industries,59853205504.0,452.3
AEROPLANE,761670,Amir Chand Jagdish Kumar (Exports),18980999168.0,183.3
AETHER,9810,Aether Industries,198086787072.0,1492.6
AFCONS,25977,Afcons Infrastructure,104193384448.0,283.3
AFFLE,11343,Affle 3i,233002598400.0,1655.6
AFSL,13288,Abans Financial Services,10218791936.0,201.0
AGARWALEYE,29452,Dr. Agarwal's Health Care,155659845632.0,491.0
AGI,1412,AGI Greenpac,46003073024.0,711.05
AGIIL,24445,AGI Infra,38286700544.0,306.3
AGL,763784,Allcargo Global,12235636736.0,12.45
AHLUCONT,17833,Ahluwalia Contracts,54929801216.0,820.0
AIAENG,13086,AIA Engineering,435012894720.0,4661.5
AIIL,23553,Authum Inv & Infr,470810624000.0,554.4
AJANTPHARM,8124,Ajanta Pharma,422932054016.0,3385.2
AJMERA,17307,Ajmera Realty & Infra,25337440256.0,128.75
AKUMS,24715,Akums Drugs & Pharma,101774598144.0,664.75
ALEMBICLTD,79,Alembic,23184830464.0,90.29
ALGOQUANT,761270,Algoquant Fintech,18788458496.0,66.84
ALICON,13656,Alicon Castalloy,11109051392.0,680.0
ALIVUS,5265,Alivus Life Sciences,136977227776.0,1116.0
ALKYLAMINE,4487,Alkyl Amines Chemicals,93070696448.0,1819.7
ALLCARGO,13501,Allcargo Logistics,11982227456.0,8.0
ALLDIGI,11798,Alldigi Tech,13246676992.0,869.3
ALLTIME,758448,All Time Plastics,14948219904.0,228.19
ALOKINDS,17675,Alok Industries,59632537600.0,12.01
AMAGI,760740,Amagi Media Labs,140349882368.0,648.75
AMNPLST,19867,Amines & Plasticizers,11196569600.0,203.5
AMRUTANJAN,17547,Amrutanjan Health Care,14926891008.0,516.5
ANANDRATHI,7145,Anand Rathi Wealth,337744527360.0,2034.1
ANANTRAJ,13620,Anant Raj,220622553088.0,613.05
ANDHRAPAP,166,Andhra Paper,12378424320.0,62.25
ANDHRSUGAR,136,Andhra Sugars,11347022848.0,83.72
ANTELOPUS,13598,Antelopus Selan Energy,27925946368.0,794.2
ANTHEM,757885,Anthem Biosciences,444371828736.0,791.1
ANURAS,2829,Anupam Rasayan,137927229440.0,1211.5
APARINDS,11491,Apar Industries,558100512768.0,13892.0
APCOTEXIND,154,Apcotex Industries,35718586368.0,688.95
APEX,21623,Apex Frozen Foods,11862500352.0,379.6
APLLTD,25328,Alembic Pharmaceuticals,159707529216.0,812.5
APOLLO,1134,Apollo Micro Systems,142341193728.0,383.05
APOLLOPIPE,14361,Apollo Pipes,21935523840.0,499.45
APOLLOTYRE,163,Apollo Tyres,268688916480.0,424.75
APTUS,5435,Aptus Value Housing Finance,141173473280.0,281.9
ARFIN,758700,Arfin,14717662208.0,87.23
ARIHANT,13885,Arihant Foundations & Housing,12698259456.0,1169.0
ARIHANTSUP,20159,Arihant Superstructures,11203909632.0,259.05
ARIS,757614,Arisinfra Solutions,10502329344.0,128.4
ARKADE,25398,Arkade Developers,25747828736.0,138.68
ARMANFIN,17263,Arman Financial Services,20217782272.0,1922.8
ARSSBL,759956,Anand Rathi Share & Stock Brokers,32485500928.0,515.1
ARVIND,193,Arvind,135237853184.0,515.9
ASAHIINDIA,5378,Asahi India Glass,222169055232.0,871.5
ASALCBR,17598,Associated Alcohols & Breweries,15342516224.0,764.1
ASHAPURMIN,203,Ashapura Minechem,67584712704.0,707.5
ASHIANA,24403,Ashiana Housing,38400495616.0,382.0
ASHOKA,20182,Ashoka Buildcon,34630017024.0,123.36
ASIANENE,7030,Asian Energy Services,18902044672.0,389.0
ASIANHOTNR,18422,Asian Hotels (North),13299435520.0,311.95
ASIANTILES,14889,Asian Granito,18470410240.0,62.3
ASKAUTOLTD,20152,ASK Automotive,103401291776.0,524.5
ASTEC,17728,Astec Lifesciences,14350874624.0,644.05
ASTERDM,1508,Aster DM Quality Care,713236611072.0,819.35
ASTRAMICRO,11618,Astra Microwave Products,168403959808.0,1773.7
ASTRAZEN,5610,AstraZeneca Pharma,204549996544.0,8182.0
ATHERENERG,757645,Ather Energy,492538396672.0,1249.7
ATLANTAELE,759007,Atlanta Electricals,120027938816.0,1560.9
ATUL,263,Atul,200203943936.0,6800.0
AURIONPRO,12022,Aurionpro Solutions,40512925696.0,733.75
AUTOAXLES,278,Automotive Axles,27271069696.0,1804.6
AVADHSUGAR,21406,Avadh Sugar & Energy,10369541120.0,518.0
AVALON,15058,Avalon Technologies,112143532032.0,1678.5
AVANTEL,24610,Avantel,43100958720.0,162.21
AVANTIFEED,7936,Avanti Feeds,129017806848.0,946.95
AVL,25984,Aditya Vision,81008295936.0,627.3
AVTNPL,14008,Avt Natural Products,10659879936.0,70.0
AWFIS,23864,Awfis Space Solutions,20080629760.0,280.6
AWHCL,1797,Antony Waste Handling Cell,12323238912.0,434.35
AWL,8110,AWL Agri Business,244489388032.0,189.26
AXISCADES,9436,Axiscades Engineering Technologies,66594680832.0,1565.7
AYE,760981,Aye Finance,40764334080.0,166.69
AZAD,20905,Azad Engineering,154802438144.0,2397.0
BAJAJCON,19531,Bajaj Consumer Care,70063669248.0,536.4
BAJAJELEC,15034,Bajaj Electricals,38079614976.0,330.0
BAJAJHCARE,6863,Bajaj HealthCare,11011056640.0,327.1
BAJAJHFL,25270,Bajaj Housing Finance,728924487680.0,87.52
BAJEL,20531,Bajel Projects,20451747840.0,176.77
BALAMINES,14501,Balaji Amines,74016841728.0,2284.4
BALKRISIND,335,Balkrishna Industries,402641027072.0,2082.8
BALMLAWRIE,338,Balmer Lawrie & Co,30599428096.0,178.94
BALRAMCHIN,341,Balrampur Chini Mills,128545529856.0,608.45
BALUFORGE,23607,Balu Forge Industries,50941415424.0,443.0
BANARISUG,350,Bannari Amman Sugars,43576713216.0,3475.1
BANCOINDIA,13880,Banco Products,89856032768.0,628.2
BANSALWIRE,24386,Bansal Wire Industries,49949175808.0,319.05
BASF,368,BASF,161498726400.0,3731.0
BATAINDIA,371,Bata,89840746496.0,699.0
BAYERCROP,17927,Bayer Crop Science,191170183168.0,4253.7
BBL,13761,Bharat Bijlee,29202741248.0,2583.6
BBOX,3435,Black Box,132133806080.0,744.0
BBTC,380,Bombay Burmah Trading,104560173056.0,1498.6
BCLIND,2513,BCL Industries,10239215616.0,34.69
BECTORFOOD,1628,Mrs. Bectors Food,66033676288.0,215.1
BELRISE,757102,Belrise Industries,223083266048.0,230.66
BEML,395,BEML,149145616384.0,1790.7
BEPL,419,Bhansali Engineering Polymers,28511713280.0,114.57
BERGEPAINT,404,Berger Paints,608303710208.0,521.7
BETA,759842,Beta Drugs,22392748032.0,2218.3
BFINVEST,21113,BF Investment,16984333312.0,450.9
BFUTILITIE,14567,BF Utilities,21696552960.0,576.0
BHAGCHEM,6164,Bhagiradha Chemicals & Industries,34679996416.0,267.45
BHARATRAS,3834,Bharat Rasayan,21191866368.0,1275.0
BHARATWIRE,16123,Bharat Wire Ropes,13820653568.0,201.4
BHARTIHEXA,23489,Bharti Hexacom,827900035072.0,1655.8
BIKAJI,11966,Bikaji Foods International,160809779200.0,641.35
BIL,7848,Bhartiya International,10026963968.0,747.7
BIRLACORPN,480,Birla Corporation,68442349568.0,888.8
BIRLANU,1455,Birlanu,10331031552.0,1370.0
BLACKBUCK,27144,Black Buck,94839562240.0,520.7
BLKASHYAP,13290,B L Kashyap & Sons,12225655808.0,54.22
BLS,17279,BLS International Services,99670687744.0,242.2
BLSE,22566,BLS E-Services,26688561152.0,294.4
BLUEDART,495,Blue Dart Express,120447746048.0,5076.2
BLUEJET,19686,Blue Jet Healthcare,104348123136.0,601.55
BLUESTONE,759291,BlueStone Jewellery & Lifestyle,117048295424.0,768.0
BLUSPRING,757520,Bluspring Enterprises,16353326080.0,109.43
BOMDYEING,513,Bombay Dyeing,25029963776.0,121.19
BOROLTD,19401,Borosil,27875876864.0,233.1
BORORENEW,3149,Borosil Renewables,80643702784.0,573.6
BOROSCI,24014,BOROSCI,13964686336.0,157.0
BOSCH-HCIL,4491,Bosch Home Comfort,35674439680.0,1312.0
BRIGADE,15184,Brigade Enterprises,183792500736.0,563.5
BRIGHOTEL,757794,Brigade Hotel Ventures,22767763456.0,59.94
BSOFT,6994,Birlasoft,87172907008.0,311.8
BUILDPRO,760594,Shankara Buildpro,29778171904.0,1228.0
BUTTERFLY,2716,Butterfly Gandhimathi Appliances,13047603200.0,729.75
CAMLINFINE,6216,Camlin Fine Sciences,24896995328.0,129.61
CAMPUS,9362,Campus Activewear,68475310080.0,224.01
CANHLIFE,759477,Canara HSBC Life Insurance Company,139289755648.0,147.01
CANTABIL,20160,Cantabil Retail,19906689024.0,238.01
CAPACITE,21749,Capacite Infraprojects,18502903808.0,218.7
CAPILLARY,759867,Capillary Technologies,41937367040.0,527.7
CAPITALSFB,22675,Capital Small Finance Bank,13557718016.0,298.2
CAPLIPOINT,3906,Caplin Point Laboratories,197638012928.0,2600.1
CARBORUNIV,595,Carborundum Universal,201599287296.0,1058.3
CARERATING,29113,CARE Ratings,50793119744.0,1688.2
CARRARO,28879,Carraro,30245017600.0,532.0
CARTRADE,5407,CarTrade Tech,136778596352.0,2830.3
CARYSIL,1879,CARYSIL,33511077888.0,1178.2
CASTROLIND,1250,Castrol,183037100032.0,185.05
CCAVENUE,16249,AvenuesAI,57993785344.0,16.66
CCL,11452,CCL Products,160397361152.0,1203.0
CEATLTD,15254,CEAT,139269668864.0,3443.0
CEIGALL,24742,Ceigall India,58132164608.0,333.7
CEINSYS,761037,Ceinsys Tech,17880762368.0,854.0
CELLO,19795,Cello World,76172206080.0,344.85
CEMPRO,5622,Cemindia Projects,227567009792.0,1324.7
CENTENKA,619,Century Enka,13459961856.0,616.0
CENTRALBK,14894,Central Bank of India,282132185088.0,31.17
CENTRUM,2454,Centrum Capital,11222100992.0,23.65
CENTUM,14982,Centum Electronics,52554551296.0,3565.2
CENTURYPLY,13305,Century Plyboards,174172520448.0,783.95
CERA,15039,Cera Sanitaryware,79607136256.0,6173.5
CESC,628,CESC,217512853504.0,164.09
CGCL,20329,Capri Global Capital,218485932032.0,227.08
CHAMBLFERT,637,Chambal Fertilisers & Chemicals,180794343424.0,451.25
CHEMPLASTS,5449,Chemplast Sanmar,32404555776.0,204.95
CHENNPETRO,2049,Chennai Petroleum Corporation,180927348736.0,1215.0
CHOLAHLDNG,21740,Cholamandalam Financial Holdings,284764504064.0,1516.5
CIEINDIA,14937,CIE Automotive,157700947968.0,415.7
CLEAN,5049,Clean Science & Technology,78346166272.0,737.15
CLEANMAX,760183,Clean Max Enviro Energy Solutions,155527987200.0,1328.4
CLSEL,3482,Chaman Lal Setia Exports,13858531328.0,278.7
CMSINFO,7603,CMS Info Systems,44449611776.0,277.7
CNL,11155,Creative Newtech,14901046272.0,992.3
COHANCE,17945,Cohance Lifesciences,165320310784.0,432.1
CONCORDBIO,18060,Concord Biotech,138334011392.0,1322.3
CORDELIA,762163,Waterways Leisure Tourism,58292088832.0,805.2
COSMOFIRST,742,Cosmo First,22997628928.0,885.95
CPPLUS,758858,Aditya Infotech,402647973888.0,3416.6
CRAFTSMAN,2854,Craftsman Automation,257084981248.0,9829.5
CRAMC,759311,Canara Robeco Asset Management Company,52319154176.0,262.36
CREDITACC,4421,Credit Access Grameen,254151000064.0,1586.5
CREST,13900,Crest Ventures,10553401344.0,373.35
CRISIL,757,CRISIL,325157978112.0,4446.3
CRIZAC,757850,Crizac,33446154240.0,191.14
CSBBANK,14966,CSB Bank,56419086336.0,332.9
CUPID,18520,Cupid,314314457088.0,233.75
CYIENTDLM,17187,Cyient DLM,53928108032.0,679.5
DALMIASUG,781,Dalmia Bharat Sugar & Industries,29057210368.0,359.0
DAMCAPITAL,28662,DAM Capital Advisors,10934417408.0,154.69
DATAMATICS,11423,Datamatics Global Services,49879883776.0,843.9
DATAPATTNS,7358,Data Patterns,247118839808.0,4414.1
DBCORP,17881,DB Corp,37611737088.0,211.0
DBL,18086,Dilip Buildcon,70241140736.0,432.4
DCAL,21704,Dishman Carbogen Amcis,29563019264.0,188.56
DCBBANK,13725,DCB Bank,61996687360.0,192.49
DCMSHRIRAM,811,DCM Shriram Consolidated,164966842368.0,1065.3
DCW,817,DCW,13792592896.0,46.73
DCXINDIA,11895,DCX Systems,20057354240.0,180.07
DDEVPLSTIK,29098,Ddev Plastiks Industries,28352606208.0,274.0
DEEPAKFERT,827,Deepak Fertilisers & Petrochemicals,207479242752.0,1641.9
DEEPAKNTR,19943,Deepak Nitrite,228553818112.0,1675.7
DEEPINDS,3292,Deep Industries,35059200000.0,547.8
DELTACORP,15044,Delta Corp,16861546496.0,62.97
DEN,17722,Den Networks,13091991552.0,27.46
DEVYANI,5373,Devyani International,146288312320.0,118.65
DHANBANK,11359,Dhanlaxmi Bank,12725091328.0,32.24
DHANUKA,24409,Dhanuka Agritech,45202419712.0,1014.0
DIACABS,18543,Diamond Power Infrastructure,177826398208.0,337.45
DIAMONDYD,21840,Prataap Snacks,26760019968.0,1119.5
DIFFNKG,25672,Diffusion Engineers,14417983488.0,388.35
DIGITIDE,757515,Digitide Solutions,14666537984.0,98.36
DIVGIITTS,14479,Divgi Torqtransfer Systems,29726605312.0,972.0
DLINKINDIA,17851,D-Link,15890194432.0,447.55
DODLA,4822,Dodla Dairy,63911280640.0,1059.4
DOLATALGO,12124,Dolat Algotech,12085919744.0,68.67
DOLLAR,20560,Dollar Industries,14516490240.0,255.95
DOLPHIN,18139,Dolphin Offshore,15071725568.0,376.75
DOMS,20551,DOMS Industries,138187341824.0,2277.0
DPABHUSHAN,936,D P Abhushan,32169103360.0,1409.2
DREDGECORP,11271,Dredging Corporation of India,30799998976.0,1100.0
DSSL,25690,Dynacons Systems & Solutions,15755767808.0,1237.0
DYNAMATECH,4525,Dynamatic Technologies,70440845312.0,10372.0
EASEMYTRIP,2792,Easy Trip Planners,24476022784.0,6.73
EBGNG,757862,GNG Electronics,64416509952.0,565.0
ECLERX,15179,eClerx Services,180203880448.0,1958.2
EDELWEISS,15119,Edelweiss Financial Services,110204682240.0,116.43
EFCIL,758675,EFC,29862932480.0,201.85
EIEL,27213,Enviro Infra Engineers,38037352448.0,216.7
EIHAHOTELS,15399,EIH Associated Hotels,19234541568.0,315.65
EIMCOELECO,4040,Eimco Elecon,10325408768.0,1790.0
EKC,13091,Everest Kanto Cylinder,12044371968.0,107.34
ELANTAS,762653,Elantas Beck,75970977792.0,9583.0
ELECON,13643,Elecon Engineering Company,95246557184.0,424.45
ELECTCAST,928,Electrosteel Castings,44571107328.0,72.1
ELECTHERM,4469,Electrotherm,12933956608.0,1015.0
ELGIEQUIP,937,Elgi Equipments,182099247104.0,577.65
ELLEN,758563,Ellenbarrie Industrial Gases,38334484480.0,272.0
ELPROINTL,4471,Elpro International,29997807616.0,177.0
EMAMILTD,13517,Emami,178550325248.0,409.05
EMBDL,14450,Embassy Developments,85973565440.0,61.85
EMCURE,24398,Emcure Pharmaceuticals,360031879168.0,1898.1
EMIL,11530,Electronics Mart,51075399680.0,132.75
EMMVEE,759728,Emmvee Photovoltaic Power,219819540480.0,317.5
EMSLIMITED,18593,EMS,21990199296.0,396.0
EMUDHRA,9756,eMudhra,37444665344.0,456.4
ENDURANCE,18822,Endurance Technologies,389762678784.0,2770.9
ENGINERSIN,4907,Engineers India,126594424832.0,225.24
ENTERO,22717,Entero Healthcare Solutions,53215657984.0,1222.7
EPACK,22463,Epack Durable,22317307904.0,231.92
EPACKPEB,759251,EPack Prefab Technologies,26606837760.0,264.4
EPIGRAL,5382,Epigral,48628912128.0,1127.2
EPL,981,EPL,75177066496.0,234.71
ERIS,21154,Eris Lifesciences,198250397696.0,1430.6
ESABINDIA,955,ESAB India,85954625536.0,5584.0
ESAFSFB,19878,ESAF Small Finance Bank,19366158336.0,37.53
ESCORTS,958,Escorts Kubota,331919622144.0,3016.7
ETHOSLTD,9750,Ethos,68483633152.0,2559.4
EUREKAFORB,25162,Eureka Forbes,87387676672.0,451.6
EUROPRATIK,759797,Euro Pratik Sales,31891509248.0,312.05
EVEREADY,11782,Eveready Industries,25313339392.0,348.25
EXCELINDUS,11471,Excel Industries,12382131200.0,985.0
EXICOM,22947,Exicom Tele-Systems,22312566784.0,160.43
EXPLEOSOL,17486,Expleo Solutions,14330927104.0,923.4
FAZE3Q,12000,Faze Three,13069891584.0,538.5
FCL,6198,Fineotex Chemical,46451937280.0,39.89
FDC,4898,FDC,67256844288.0,413.1
FEDFINA,20322,Fedbank Financial Services,58040168448.0,154.79
FIEMIND,13710,Fiem Industries,61532729344.0,2337.9
FILATEX,24532,Filatex India,31625836544.0,71.22
FINEORG,3744,Fine Organic Industries,146937937920.0,4792.5
FINOPB,6579,Fino Payments Bank,13597053952.0,163.39
FIRSTCRY,24814,Firstcry (Brainbees Solutions),104395923456.0,215.09
FISCHER,757658,Fischer Medical Ventures,23510194176.0,35.92
FIVESTAR,12032,Five Star Business Finance,167076397056.0,566.0
FLAIR,20372,Flair Writing Industries,26912710656.0,255.35
FLUOROCHEM,13750,Gujarat Fluorochemicals,502486827008.0,4574.3
FMGOETZE,1190,Federal Mogul Goetze,26433605632.0,475.15
FRACTAL,760961,Fractal Analytics,135095795712.0,785.6
FSL,14304,Firstsource Solutions,203569790976.0,294.8
FUSION,11932,Fusion Finance,33313564672.0,206.0
GALAPREC,25134,Gala Precision Engineering,13903013888.0,1084.8
GALAXYSURF,1315,Galaxy Surfactants,69477130240.0,1959.6
GALLANTT,13337,Gallantt Ispat,145564794880.0,603.3
GANDHAR,20303,Gandhar Oil Refinery,22978197504.0,234.76
GANDHITUBE,14116,Gandhi Special Tubes,10645151744.0,876.0
GANECOS,6944,Ganesha Ecosphere,32127365120.0,1200.45
GANESHHOU,14339,Ganesh Housing,64624992256.0,775.0
GARFIBRES,1100,Garware Technical Fibres,70795051008.0,725.0
GARUDA,25800,Garuda Construction & Engineering,15927816192.0,171.19
GATEWAY,8510,Gateway Distriparks,29044297728.0,58.13
GCSL,758986,Gretex Corporate Services,11787176960.0,520.65
GENUSPOWER,11905,Genus Power Infrastructures,86852009984.0,314.0
GEOJITFSL,11896,Geojit Financial Services,20962070528.0,75.1
GESHIP,13776,Great Eastern Shipping Company,196222648320.0,1374.4
GHCL,1127,GHCL,40240664576.0,439.0
GHCLTEXTIL,16696,GHCL Textiles,11316401152.0,118.39
GICRE,277,GIC of India,630268231680.0,359.25
GILLETTE,1576,Gillette,257667596288.0,7907.5
GIPCL,1145,Gujarat Industries Power Company,25224140800.0,162.51
GKENERGY,759048,GK Energy,27443204096.0,135.31
GKSL,761197,Gujarat Kidney and Super Speciality,10033592320.0,127.26
GLAND,1186,Gland Pharma,419871883264.0,2545.3
GLAXO,1153,GlaxoSmithKline Pharmaceuticals,445266788352.0,2628.4
GLOBUSSPR,17424,Globus Spirits,25519452160.0,877.55
GMBREW,1168,GM Breweries,20583936000.0,900.95
GMDCLTD,5204,Gujarat Mineral Development Corporation,182007300096.0,572.35
GMMPFAUDLR,1570,GMM Pfaudler,36150104064.0,804.1
GNA,18571,GNA Axles,22439929856.0,522.7
GNFC,1174,Gujarat Narmada Valley Fert & Chem,76798558208.0,522.65
GOCLCORP,3963,GOCL Corporation,18973870080.0,382.75
GOCOLORS,6964,Go Colors,16925386752.0,321.8
GODAVARIB,25941,Godavari Biorefineries,13812396032.0,269.9
GODIGIT,23799,Go Digit General Insurance,234314268672.0,253.45
GODREJAGRO,144,Godrej Agrovet,107904327680.0,560.95
GOKEX,11778,Gokaldas Exports,60249243648.0,822.25
GOKULAGRO,14480,Gokul Agro Resources,65656795136.0,222.5
GOLDIAM,11971,Goldiam International,53342384128.0,354.3
GOODLUCK,6125,Goodluck India,50918072320.0,1531.9
GOODYEAR,1205,Goodyear,19006801920.0,824.0
GOPAL,23066,Gopal Snacks,32974372864.0,264.5
GPIL,13409,Godawari Power & Ispat,164471029760.0,252.8
GPPL,19731,Gujarat Pipavav Port,72717975552.0,150.36
GPTHEALTH,22846,GPT Healthcare,13735976960.0,167.4
GPTINFRA,17685,GPT Infraprojects,15420271616.0,122.03
GRANULES,11872,Granules,208174186496.0,840.1
GRAPHITE,592,Graphite,130335055872.0,667.1
GRAUWEIL,5200,Grauer & Weil,34799333376.0,76.75
GRAVITA,20534,Gravita India,117813706752.0,1617.5
GREAVESCOT,1235,Greaves Cotton,55903686656.0,239.98
GREENLAM,6848,Greenlam Industries,65407115264.0,256.35
GREENPANEL,13810,Greenpanel Industries,23437774848.0,191.13
GREENPLY,3987,Greenply Industries,35909337088.0,287.5
GREENPOWER,20110,Orient Green Power,11624743936.0,9.91
GRINDWELL,13560,Grindwell Norton,234671046656.0,2119.5
GRINFRA,5054,GR Infraprojects,85700804608.0,885.7
GRPLTD,6543,GRP,10581330944.0,1984.0
GRSE,5475,Garden Reach Shipbuilders,300905201664.0,2626.8
GRWRHITECH,7982,Garware Hi-Tech Films,159594938368.0,6869.5
GSFC,1247,Gujarat State Fertilizers & Chemicals,63927746560.0,160.43
GSPCROP,762239,GSP Crop Science,27180906496.0,584.3
GTLINFRA,13745,GTL Infrastructure,15499025408.0,1.21
GUFICBIO,11606,Gufic BioSciences,38498451456.0,383.9
GUJALKALI,1267,Gujarat Alkalies & Chemicals,50429140992.0,686.7
GULFOILLUB,4391,Gulf Oil Lubricants,52692393984.0,1063.3
GULPOLY,6286,Gulshan Polyols,12331594752.0,198.31
GVPIL,7862,GE Power,50551697408.0,751.95
GYFTR,764050,Gyftr,11674853376.0,152.0
HAPPSTMNDS,48,Happiest Minds Technologies,58279092224.0,387.85
HAPPYFORGE,20854,Happy Forgings,156593192960.0,1659.2
HARSHA,11162,Harsha Engineers,37405470720.0,410.85
HATHWAY,18154,Hathway Cable & Datacom,19064025088.0,10.77
HATSUN,3892,Hatsun Agro Product,197354962944.0,886.0
HAWKINCOOK,4444,Hawkins Cookers,45430263808.0,8591.5
HBLENGINE,13966,HBL Engineering,196891557888.0,710.3
HCC,1375,Hindustan Construction Company,56109006848.0,21.42
HCG,15555,Healthcare Global Enterprises,100555038720.0,673.5
HDBFS,757772,HDB Financial Services,562769166336.0,679.3
HEG,1336,HEG,129680900096.0,672.0
HEIDELBERG,2316,Heidelberg Cement,35694432256.0,157.5
HEMIPROP,701,Hemisphere Properties,38394896384.0,134.66
HERITGFOOD,4598,Heritage Foods,30464925696.0,328.3
HESTERBIO,7048,Hester Biosciences,21309696000.0,2505.0
HFCL,21951,HFCL,295952973824.0,193.4
HGINFRA,1672,HG Infra Engineering,34820923392.0,534.3
HGS,14712,Hinduja Global Solutions,19812988928.0,425.9
HIKAL,9668,Hikal,27148359680.0,220.18
HIMATSEIDE,1360,Himatsingka Seide,10134828032.0,80.6
HINDCOPPER,17939,Hindustan Copper,466685788160.0,482.6
HINDOILEXP,1403,Hindustan Oil Exploration,20710621184.0,156.61
HINDWAREAP,15883,Hindware Home Innovation,18389653504.0,219.85
HIRECT,13890,Hind Rectifiers,45512282112.0,1324.1
HITECH,2868,Hi-Tech Pipes,17483757568.0,86.25
HLEGLAS,2289,HLE Glascoat,29879429120.0,430.2
HMAAGRO,17053,HMA Agro Industries,10671403008.0,21.31
HNDFDS,12173,Hindustan Foods,68996104192.0,569.45
HOMEFIRST,2056,Home First Finance Company,122492665856.0,1171.8
HONASA,19813,Mamaearth,146988023808.0,450.85
HONAUT,3417,Honeywell Automation,354602156032.0,40080.0
HONDAPOWER,3138,Honda India Power Products,21412022272.0,2111.0
HPL,18679,HPL Electric & Power,21646757888.0,336.65
HSCL,14334,Himadri Speciality Chemical,388763942912.0,770.5
HUBTOWN,14203,Hubtown,27198064640.0,191.4
HUHTAMAKI,2562,Huhtamaki PPL,22411890688.0,296.76
ICEMAKE,489,Ice Make Refrigeration,12750026752.0,808.0
ICIL,11987,Indo Count Industries,81895464960.0,413.5
ICRA,14523,ICRA,45940625408.0,4773.0
IDBI,1476,IDBI Bank,905782362112.0,84.24
IFBIND,1485,IFB Industries,54015606784.0,1333.1
IFCI,1491,IFCI,192185434112.0,71.33
IFGLEXPOR,436,IFGL Refractories,14085604352.0,195.42
IGARASHI,634,Igarashi Motors,14358917120.0,456.2
IGIL,28378,International Gemological Institute,150132277248.0,347.4
IGL,11262,Indraprastha Gas,213360230400.0,152.4
IGPL,14086,IG Petrochemicals,14165630976.0,460.0
IIFL,11809,IIFL Finance,253451321344.0,595.95
IIFLCAPS,13072,IIFL Capital Services,105822216192.0,336.15
IKIO,16822,IKIO Technologies,15726623744.0,203.5
IKS,28125,Inventurus Knowledge Solutions,306107449344.0,1824.8
IMAGICAA,7672,Imagicaaworld Entertainment,26159773696.0,46.23
IMFA,19235,Indian Metals & Ferro Alloys,73701302272.0,1366.0
IMPAL,12009,India Motor Parts & Accessories,13765439488.0,1103.0
INA,761099,Insolation Energy,24661671936.0,111.87
INDGN,23693,Indegene,125928767488.0,523.55
INDIACEM,1515,India Cements,123448016896.0,398.35
INDIAGLYCO,1521,India Glycols,76913213440.0,1147.5
INDIANHUME,1530,Indian Hume Pipe,20653887488.0,392.05
INDIASHLTR,20556,India Shelter Finance,78696398848.0,722.95
INDIGOPNTS,2048,Indigo Paints,52744564736.0,1105.0
INDIQUBE,757845,Indiqube Spaces,38356729856.0,180.93
INDNIPPON,4747,India Nippon Electricals,26614106112.0,1176.5
INDOCO,11677,Indoco Remedies,20941864960.0,227.2
INDORAMA,10993,Indo Rama Synthetics,13656217600.0,52.3
INDOTHAI,25608,Indo Thai Securities,28045197312.0,218.05
INDRAMEDCO,4751,Indraprastha Medical Corporation,33286467584.0,363.1
INDSWFTLAB,4870,Ind Swift Laboratories,19329818624.0,222.6
INFOBEAN,11027,InfoBeans Technologies,16386145280.0,169.0
INGERRAND,1597,Ingersoll Rand,135518265344.0,4292.9
INNOVACAP,21062,Innova Captab,55628349440.0,972.1
INOXGREEN,12188,Inox Green Energy Services,72927010816.0,181.64
INOXINDIA,20607,INOX India,170599071744.0,1879.6
INSECTICID,14657,Insecticides,18264711168.0,627.7
INTELLECT,5926,Intellect Design Arena,100592156672.0,722.0
INTERARCH,24909,Interarch Building Solutions,30239651840.0,1803.0
IOB,9348,Indian Overseas Bank,650872750080.0,33.8
IOLCP,20413,IOL Chemicals & Pharmaceuticals,43260088320.0,147.38
IONEXCHANG,1630,Ion Exchange,52233146368.0,424.9
IPCALAB,1633,IPCA Laboratories,449157955584.0,1770.4
IPL,4934,India Pesticides,17555525632.0,152.44
IRB,15313,IRB Infrastructure Developers,241318445056.0,19.98
IRCON,4986,Ircon International,119436091392.0,126.99
IRMENERGY,19597,IRM Energy,10548230144.0,256.9
ISGEC,3329,Isgec Heavy Engineering,62819938304.0,854.35
ITCHOTELS,29251,ITC Hotels,340712456192.0,163.57
ITDC,19299,India Tourism Development Corporation,61882621952.0,721.5
ITI,1675,ITI,266902585344.0,277.2
IVALUE,759041,Ivalue Infosolutions,15495907328.0,283.65
IXIGO,24067,Le Travenues Technology (IXIGO),85211480064.0,194.25
IZMO,14174,IZMO,15890255872.0,1062.0
JAGRAN,13211,Jagran Prakashan,13616451584.0,62.56
JAGSNPHARM,4410,Jagsonpal Pharmaceuticals,15170371584.0,230.1
JAICORPLTD,5143,Jai Corp,17836572672.0,101.63
JAINREC,759244,Jain Resource Recycling,116656259072.0,338.05
JAMNAAUTO,20778,Jamna Auto Industries,52854034432.0,132.14
JARO,759951,Jaro Inst of Tech Mgmt & Research,10622974976.0,477.0
JASH,13982,Jash Engineering,31248117760.0,496.75
JAYBARMARU,1708,Jay Bharat Maruti,16562249728.0,153.0
JAYKAY,760073,Jaykay Enterprises,21041360896.0,161.5
JAYNECOIND,2331,Jayaswal Neco Industries,86380003328.0,88.96
JBMA,11655,JBM Auto,158557585408.0,670.45
JGCHEM,23056,JG Chemicals,19755653120.0,504.15
JINDALPHOT,11743,Jindal Photo,10955473920.0,1063.9
JINDALPOLY,1756,Jindal Poly Films,27837210624.0,635.75
JINDRILL,13875,Jindal Drilling & Industries,16798897152.0,579.65
JINDWORLD,20642,Jindal Worldwide,38489890816.0,38.39
JISLDVREQS,25684,Jain Irrigation Systems,16173900800.0,22.05
JKCEMENT,13270,JK Cement,436565606400.0,5650.0
JKIL,15266,J Kumar Infraprojects,36470771712.0,482.0
JKLAKSHMI,13491,JK Lakshmi Cement,70073319424.0,564.45
JKPAPER,11860,JK Paper,70859374592.0,390.8
JKTYRE,14435,JK Tyre & Industries,115733823488.0,401.45
JLHL,18553,Jupiter Life Line Hospital,107134877696.0,326.8
JMFINANCIL,13637,JM Financial,118184550400.0,123.5
JNKINDIA,23621,JNK India,25878685696.0,462.5
JPOLYINVST,31507,Jindal Poly Inv. & Fin.,10912433152.0,1038.1
JPPOWER,11763,Jaiprakash Power Ventures,116920008704.0,17.06
JSFB,22663,Jana Small Finance Bank,60072251392.0,568.25
JSL,11236,Jindal Stainless,599258693632.0,727.3
JSLL,758115,Jeena Sikho Lifecare,70186409984.0,564.65
JSWCEMENT,758460,JSW Cement,177608949760.0,132.42
JSWDULUX,1467,JSW Dulux,135782998016.0,2981.6
JSWHL,11880,JSW Holdings,123991752704.0,11172.0
JSWINFRA,19020,JSW Infrastructure,731822686208.0,316.1
JTEKTINDIA,3237,Jtekt,37384781824.0,134.77
JTLIND,7287,JTL Industries,28946530304.0,73.64
JUBLINGREA,2783,Jubilant Ingrevia,116536754176.0,738.9
JUBLPHARMA,3637,Jubilant Pharmova,155013529600.0,978.7
JUNIPER,22824,Juniper Hotels,43913072640.0,197.36
JWL,20224,Jupiter Wagons,112141991936.0,262.4
JYOTHYLAB,15146,Jyothy Laboratories,75785732096.0,206.38
JYOTICNC,21334,Jyoti CNC Automation,187123728384.0,822.8
JYOTISTRUC,1802,Jyoti Structures,13058638848.0,10.94
KABRAEXTRU,1805,Kabra Extrusiontechnik,13618421760.0,389.4
KAJARIACER,1808,Kajaria Ceramics,190048813056.0,1209.4
KALAMANDIR,18755,Sai Silks (Kalamandir),13040472064.0,88.5
KALPATARU,758558,Kalpataru,61241229312.0,297.4
KANSAINER,1196,Kansai Nerolac Paints,161755758592.0,200.0
KAPSTON,18967,Kapston Services,14067276800.0,462.25
KARURVYSYA,1838,Karur Vysya Bank,330261856256.0,341.65
KCP,1841,KCP,20969025536.0,162.65
KDDL,14908,KDDL,38628347904.0,3140.7
KEC,13260,KEC International,127576350720.0,479.25
KENNAMET,11841,Kennametal,63187439616.0,2875.0
KERNEX,13121,Kernex Microsystems,36883951616.0,2195.0
KICL,21119,Kalyani Investment Company,23531182080.0,5390.5
KIMS,4847,Krishna Institute of Medical Sciences,319650988032.0,798.85
KINGFA,18944,Kingfa Science & Technology,68509007872.0,5055.5
KIOCL,19126,KIOCL,218152271872.0,358.95
KIRIINDUS,16639,Kiri Industries,26490791936.0,406.5
KIRLFER,14466,Kirloskar Ferrous Industries,78280638464.0,474.45
KIRLOSBROS,18581,Kirloskar Brothers,147224150016.0,1854.0
KIRLOSENG,20936,Kirloskar Oil Engines,317640278016.0,2183.0
KIRLOSIND,19025,Kirloskar Industries,39620108288.0,3765.0
KIRLPNU,15180,Kirloskar Pneumatic Company,97548730368.0,1501.6
KISSHT,763294,OnEMI Technology Solutions,57890766848.0,343.6
KITEX,28899,Kitex Garments,29087100928.0,145.8
KKCL,13381,Kewal Kiran Clothing,31120717824.0,505.0
KMEW,27084,Knowledge Marine & Engineering Works,65967362048.0,2681.6
KNACK,763839,Knack Packaging,23147819008.0,189.17
KNRCON,15283,KNR Constructions,34189688832.0,121.57
KOLTEPATIL,15124,Kolte Patil Developers,34483257344.0,388.85
KOVAI,5192,Kovai Medical Center Hospital,65352658944.0,5972.5
KPEL,27079,KP Energy,21156395008.0,312.05
KPIGREEN,5108,KPI Green Energy,77319389184.0,391.15
KPIL,1814,Kalpataru Projects International,222636163072.0,1303.7
KPRMILL,14912,KPR Mill,363073929216.0,1060.0
KRISHANA,12847,Krishana Phoschem,50853199872.0,164.5
KRISHIVAL,756782,Krishival Foods,10036042752.0,391.6
KRISHNADEF,761192,Krishna Defence & Allied Industries,18150039552.0,1215.4
KROSS,25252,Kross,12780606464.0,198.12
KRSNAA,5359,Krsnaa Diagnostics,17297922048.0,533.25
KSB,1949,KSB,146749865984.0,843.2
KSCL,14972,Kaveri Seed Company,41572786176.0,814.5
KSHINTL,760433,KSH International,56088162304.0,827.8
KSL,18889,Kalyani Steels,38947262464.0,892.2
KTKBANK,8054,Karnataka Bank,105455935488.0,278.85
KUSUMGAR,764116,Kusumgar,62023655424.0,590.75
KWIL,760946,Kwality Walls,72508391424.0,30.86
LALPATHLAB,11654,Dr. Lal Path Labs,313918226432.0,1880.0
LANDMARK,13276,Landmark Cars,22710333440.0,547.7
LAOPALA,14423,La Opala RG,20692619264.0,186.42
LASERPOWER,764126,Laser Power & Infra,43283976192.0,308.36
LATENTVIEW,6818,Latent View Analytics,65853874176.0,318.25
LAXMIDENTL,29171,Laxmi Dental,11910847488.0,216.71
LEMONTREE,2606,Lemon Tree Hotels,87364550656.0,110.33
LGBBROSLTD,18321,LG Balakrishnan & Bros,49969639424.0,1566.6
LGHL,19876,Laxmi Goldrona House,10231405568.0,204.25
LINCOLN,11596,Lincoln Pharmaceuticals,11645284352.0,581.4
LINDEINDIA,1627,Linde,573493739520.0,6724.5
LLOYDSENGG,17801,Lloyds Engineering Works,128759185408.0,90.34
LLOYDSENT,25807,Lloyds Enterprises,123436990464.0,80.86
LLOYDSME,17313,Lloyds Metals & Energy,1151352045568.0,2046.2
LMW,1979,LMW,176130621440.0,16487.0
LOTUSDEV,758145,Sri Lotus Developers & Realty,92901490688.0,190.09
LTFOODS,13816,LT Foods,131244244992.0,377.95
LTTS,18564,L&T Technology Services,381337796608.0,3595.2
LUMAXIND,2018,Lumax Industries,48094081024.0,5145.0
LUMAXTECH,14014,Lumax Auto Technologies,102625050624.0,1505.7
LUXIND,11301,Lux Industries,37415182336.0,1244.2
LXCHEM,2841,Laxmi Organic Industries,55359148032.0,199.7
MACPOWER,22347,Macpower CNC Machines,13866766336.0,1386.1
MADRASFERT,4911,Madras Fertilizers,10682626048.0,66.31
MAHABANK,11377,Bank of Maharashtra,620785369088.0,80.71
MAHASTEEL,17527,Mahamaya Steel Industries,14774525952.0,899.0
MAHLIFE,8050,Mahindra Lifespaces Developers,83052273664.0,388.85
MAHLOG,385,Mahindra Logistic,40577036288.0,408.95
MAHSCOOTER,2085,Maharashtra Scooters,148079951872.0,12957.0
MAHSEAMLES,2088,Maharashtra Seamless,77954064384.0,581.75
MAITHANALL,24538,Maithan Alloys,28520585216.0,979.7
MANAKCOAT,7413,Manaksia Coated Metals & Ind,13129849856.0,123.13
MANALIPETC,13796,Manali Petrochemicals,11214349312.0,65.2
MANGLMCEM,2106,Mangalam Cement,25990447104.0,945.2
MANINDS,11884,Man Industries,39747571712.0,529.9
MANINFRA,18226,Man Infraconstruction,39256567808.0,97.25
MANYAVAR,8167,Vedant Fashions,98029174784.0,403.45
MAPMYINDIA,7227,CE Info Systems,64174481408.0,1171.9
MARATHON,18659,Marathon NextGen Realty,26377564160.0,391.1
MARINE,1328,Marine Electricals,35103223808.0,264.6
MARSONS,761386,Marsons,18887974912.0,109.75
MASFIN,199,MAS Financial Services,57185030144.0,315.15
MASTEK,2124,Mastek,58957279232.0,1901.7
MASTERTR,27047,Master Trust,10105764864.0,82.15
MAXESTATES,19646,Max Estates,63876513792.0,390.65
MAYURUNIQ,28906,Mayur Uniquoters,34223265792.0,787.6
MBAPL,12686,Madhya Bharat Agro,71306420224.0,162.75
MBEL,758150,M & B Engineering,17175896064.0,300.55
MCLOUD,29482,Magellanic Cloud,17318574080.0,29.4
MEDANTA,11956,Global Health,385584693248.0,1434.9
MEDIASSIST,21705,Medi Assist Healthcare,26145644544.0,350.0
MEDPLUS,7254,Medplus Health Services,171880087552.0,715.35
MEESHO,760229,Meesho,831317803008.0,179.8
METROBRAND,7242,Metro Brands,280960368640.0,1030.8
METROPOLIS,9581,Metropolis Healthcare,122834944000.0,592.35
MGL,17534,Mahanagar Gas,108942008320.0,1102.9
MHRIL,17333,Mahindra Holidays,43352440832.0,214.96
MIDHANI,2463,Mishra Dhatu Nigam,74261577728.0,396.4
MIDWESTLTD,759517,Midwest,44004098048.0,1216.9
MINDACORP,25897,Minda Corporation,163269869568.0,693.7
MMFL,13844,MM Forgings,26446245888.0,547.75
MMTC,17957,MMTC,91934998528.0,61.29
MOBIKWIK,28046,One Mobikwik Systems,15950976000.0,202.56
MOIL,20830,MOIL,55714250752.0,273.8
MOL,5394,Meghmani Organics,14508624896.0,57.05
MOLDTKPAC,6713,Mold-Tek Packaging,21897854976.0,659.0
MONARCH,7679,Monarch Networth Capital,30985766912.0,390.7
MONTECARLO,5938,Monte Carlo Fashions,10996287488.0,530.4
MOREPENLAB,2259,Morepen Laboratories,31638849536.0,57.74
MOSCHIP,29459,Moschip Technologies,40795602944.0,209.73
MOTISONS,20788,Motisons Jewellers,16653095936.0,14.64
MRPL,2283,Mangalore Refinery & Petroleum,287513837568.0,164.05
MSPL,11919,MSP Steel & Power,21283215360.0,37.55
MSTCLTD,9356,MSTC,42391363584.0,602.15
MTNL,2294,Mahanagar Telephone Nigam,17123400704.0,27.18
MUFIN,19783,Mufin Green Finance,25933486080.0,130.87
MUKANDLTD,11325,Mukand,20032866304.0,138.64
MUNJALAU,13511,Munjal Auto Industries,10200999936.0,102.01
MUTHOOTMF,20831,Muthoot Microfin,42575826944.0,253.78
MWL,759169,Mangalam Worldwide,10588291072.0,35.65
NACLIND,20425,NACL Industries,45394014208.0,193.79
NATCOPHARM,3918,Natco Pharma,167817003008.0,936.95
NAVA,4014,Nava,159274336256.0,562.3
NAVINFLUOR,14672,Navin Fluorine International,389803212800.0,7598.5
NAVNETEDUL,2385,Navneet Education,30826057728.0,139.35
NCC,2319,NCC,88903081984.0,141.6
NDRAUTO,22255,NDR Auto Components,19220166656.0,805.7
NELCAST,14761,Nelcast,10140331008.0,116.23
NELCO,2388,NELCO,21231380480.0,930.45
NEOGEN,9917,Neogen Chemicals,56241958912.0,2054.0
NEPHROPLUS,760346,Nephrocare Health Services,70713098240.0,703.2
NESCO,15409,Nesco,76463144960.0,1085.2
NETWEB,17433,Netweb Technologies,250669973504.0,4402.3
NETWORK18,14111,Network18 Media & Investments,45160820736.0,29.24
NEULANDLAB,2406,Neuland Laboratories,251632615424.0,19613.0
NEWGEN,1164,Newgen Software Technologies,77164847104.0,546.65
NFL,13925,National Fertilizers,35272589312.0,71.9
NH,11840,Narayana Hrudayalaya,423056965632.0,2083.0
NIACL,399,The New India Assurance Company,270898249728.0,164.38
NIBE,29487,NIBE,22066774016.0,1423.5
NIITLTD,11522,NIIT,13400267776.0,98.06
NIITMTS,17747,NIIT Learning Systems,33280811008.0,241.49
NILKAMAL,2421,Nilkamal,28489285632.0,1902.8
NIRLON,2433,Nirlon,55873183744.0,620.0
NITCO,13300,Nitco,25023686656.0,104.02
NITINSPIN,13175,Nitin Spinners,30201384960.0,537.2
NITTAGELA,762824,Nitta Gelatin,16791906304.0,1849.5
NIVABUPA,27097,Niva Bupa Health Insurance Company,158386864128.0,85.65
NOCIL,2442,NOCIL,27440525312.0,164.29
NORTHARC,25426,Northern Arc Capital,46382604288.0,286.95
NPST,756324,Network People Services Tech,32042164224.0,1535.8
NRBBEARING,7553,NRB Bearings,41298718720.0,426.1
NSIL,11239,Nalwa Sons Investments,28189831168.0,5488.5
NSLNISP,14180,NMDC Steel,126514249728.0,43.17
NTPCGREEN,27176,NTPC Green Energy,770756378624.0,91.47
NUVOCO,5426,Nuvoco Vistas Corporation,125933264896.0,352.6
OLAELEC,24777,Ola Electric Mobility,170428514304.0,38.57
OMAXE,14853,Omaxe,15676730368.0,85.36
OMNI,760865,Omnitech Engineering,74106863616.0,599.25
ONEPOINT,9939,One Point One Solutions,14765464576.0,56.25
ONESOURCE,29224,Onesource Specialty Pharma,199972995072.0,1743.9
OPTIEMUS,21469,Optiemus Infracom,56145244160.0,629.0
ORCHPHARMA,926,Orchid Pharma,50891550720.0,1003.4
ORIENTHOT,2493,Oriental Hotels,24193046528.0,135.46
ORIENTTECH,24961,Orient Technologies,12298888192.0,268.5
ORISSAMINE,19931,Orissa Minerals Development Comp,24096600064.0,4016.1
ORKLAINDIA,759569,Orkla,77652344832.0,566.85
OSWALPUMPS,756802,Oswal Pumps,39514095616.0,346.6
PACEDIGITK,759342,Pace Digitek,42492493824.0,196.86
PAISALO,25468,Paisalo Digital,64767049728.0,71.21
PANACEABIO,4055,Panacea Biotec,25823313920.0,421.6
PANAMAPET,25392,Panama Petrochem,27119280128.0,448.3
PARACABLES,13951,Paramount Communications,20766617600.0,63.46
PARADEEP,9741,Paradeep Phosphates,163293855744.0,157.29
PARAGMILK,17130,Parag Milk Foods,27437172736.0,216.88
PARAS,5911,Paras Defence Space Tech,97534844928.0,1210.3
PARKHOSPS,760351,Park Medi World,120659894272.0,279.35
PARKHOTELS,22649,Apeejay Surrendra Park Hotels,25905766400.0,121.41
PASHUPATI,757955,Pashupati Cotspin,13732079616.0,87.0
PATELENG,11699,Patel Engineering,26445271040.0,27.69
PAUSHAKLTD,759969,Paushak,14472375296.0,586.95
PCBL,2649,PCBL Chemical,140761235456.0,357.75
PCJEWELLER,29124,PC Jeweller,88657182720.0,9.13
PDSL,5264,PDS,49571844096.0,349.7
PENIND,20621,Pennar Industries,22699681792.0,167.53
PFIZER,2643,Pfizer,217585369088.0,4756.2
PFOCUS,13496,Prime Focus,237986578432.0,306.49
PFS,22602,PTC India Financial Services,17894012928.0,27.86
PGHH,2535,P&G Hygiene and Health Care,279843995648.0,8621.0
PGHL,940,Procter & Gamble Health,109647216640.0,6605.5
PGIL,14260,Pearl Global Industries,95093096448.0,2059.0
PICCADIL,757754,Piccadily Agro Industries,72384446464.0,734.35
PILANIINVS,11445,Pilani Investment & Industries,47754612736.0,4313.0
PINELABS,759820,Pine Labs,167805566976.0,145.43
PIRAMALFIN,759551,Piramal Finance,461863649280.0,2043.6
PITTIENG,14134,Pitti Engineering,35099283456.0,950.85
PLATIND,22930,Platinum Industries,13496504320.0,238.24
PNCINFRA,9385,PNC Infratech,61412913152.0,239.39
PNGJL,25312,PN Gadgil Jewellers,90938155008.0,670.1
PNGSREVA,760242,PNGS Reva Diamond Jewellery,14015447040.0,442.15
POCL,14385,Pondy Oxides & Chemical,40541863936.0,531.5
POKARNA,17651,Pokarna,28576387072.0,921.7
POLYMED,25718,Poly Medicure,170282598400.0,1678.0
POLYPLEX,2687,Polyplex Corporation,35106193408.0,1118.3
POONAWALLA,11403,Poonawalla Fincorp,419495542784.0,479.05
POWERICA,761680,Powerica,67831808000.0,536.0
PPLPHARMA,11571,Piramal Pharma,259583770624.0,195.64
PRAJIND,2705,Praj Industries,57055580160.0,310.4
PRAKASH,2708,Prakash Industries,22644897792.0,126.45
PRECAM,12603,Precision Camshafts,13287568384.0,139.89
PRECWIRE,2717,Precision Wires India,65957113856.0,360.8
PREMEXPLN,17397,Premier Explosives,35675021312.0,663.3
PRICOLLTD,19631,Pricol,80801341440.0,662.95
PRINCEPIPE,16045,Prince Pipes & Fittings,29414877184.0,266.0
PROTEAN,29472,Protean e-Gov Technologies,25558853632.0,629.2
PRSMJOHNSN,2739,Prism Johnson,54322241536.0,107.92
PRUDENT,9553,Prudent Corporate Advisory Services,130431041536.0,3150.0
PSB,21001,Punjab & Sind Bank,168165376000.0,23.7
PSPPROJECT,20877,PSP Projects,41013395456.0,1034.6
PTC,11355,PTC India,49679077376.0,167.83
PTCIL,16682,PTC Industries,268996313088.0,17942.0
PUNJABCHEM,4344,Punjab Chemicals & Crop Protection,14040202240.0,1145.0
PURVA,14922,Puravankara,50913665024.0,214.69
PVRINOX,13147,PVR Inox,111947956224.0,1140.0
PWL,759723,Physicswallah,362637590528.0,126.81
QUADFUTURE,29087,Quadrant Future Tek,14080000000.0,352.0
QUESS,17704,Quess Corp,45875879936.0,307.15
RACLGEAR,27171,RACL Geartech,15165007872.0,1284.2
RAILTEL,2431,Railtel Corporation of India,94323793920.0,293.9
RAIN,15337,Rain Industries,75610505216.0,224.8
RAINBOW,9408,Rainbow Childrens Medicare,151805149184.0,1497.4
RAJRATAN,18962,Rajratan Global Wire,25334728704.0,499.0
RALLIS,2816,Rallis,42647027712.0,219.3
RAMCOCEM,2043,Ramco Cements,217388990464.0,920.0
RAMCOIND,4587,Ramco Industries,28874819584.0,332.5
RAMCOSYS,7851,Ramco Systems,21980987392.0,584.85
RAMKY,20134,Ramky Infrastructure,25641240576.0,370.55
RANEHOLDIN,2844,Rane Holdings,24662061056.0,1727.3
RATEGAIN,7177,RateGain Travel,109409173504.0,924.1
RATNAMANI,13451,Ratnamani Metals & Tubes,166839992320.0,2380.3
RATNAVEER,18423,Ratnaveer Precision Engineering,13285362688.0,186.0
RAYMOND,2859,Raymond,39055708160.0,586.85
RAYMONDLSL,25073,Raymond Lifestyle,43304013824.0,711.0
RAYMONDREL,758551,Raymond Realty,43790843904.0,658.0
RBA,1494,Restaurant Brand Asia (Burger King),47685160960.0,67.0
RCF,2866,Rashtriya Chemicals & Fertilizers,70417473536.0,127.64
REDINGTON,14255,Redington,223978373120.0,286.5
REDTAPE,17859,Redtape,72533893120.0,131.21
REFEX,17764,Refex Industries,43361349632.0,316.0
RELAXO,24225,Relaxo Footwears,101691416576.0,408.5
RELIGARE,15068,Religare Enterprises,85461983232.0,250.45
RELTD,24596,Ravindra Energy,34376843264.0,173.14
RENUKA,12026,Shree Renuka Sugars,46443646976.0,21.82
RESPONIND,20323,Responsive Industries,46493863936.0,174.39
RGL,15129,Renaissance Jewellery,13027192832.0,121.3
RHETAN,759062,Rhetan TMT,23818594304.0,29.89
RHIM,31163,RHI Magnesita,81774567424.0,396.0
RICOAUTO,2909,Rico Auto Industries,19041361920.0,140.75
RIIL,2912,Reliance Industrial Infrastructure,11153615872.0,738.65
RISHABH,18417,Rishabh Instruments,23383681024.0,605.35
RITES,3761,RITES,105208971264.0,218.91
RKFORGE,11411,Ramkrishna Forgings,117353922560.0,644.2
RML,11975,Rane Madras,30746314752.0,1112.5
ROLEXRINGS,5279,Rolex Rings,37955063808.0,139.37
ROSSARI,19410,Rossari Biotech,28082046976.0,506.95
ROSSTECH,27353,Rossell Techsys,35397677056.0,935.45
ROUTE,128,Route Mobile,34494185472.0,547.5
RPEL,24735,Raghav Productivity Enhancers,59638837248.0,1298.7
RPGLIFE,16725,RPG Life Sciences,47796097024.0,2889.9
RPOWER,15259,Reliance Power,97810980864.0,23.65
RPSGVENT,8119,RPSG Ventures,31092951040.0,939.75
RPTECH,22670,Rashi Peripherals,51622498304.0,783.35
RRKABEL,18566,RR Kabel,290454929408.0,2568.0
RSL,761439,Rajputana Stainless,11774682112.0,140.9
RSYSTEMS,13414,R Systems International,31301029888.0,264.16
RTNINDIA,27297,Rattan India Enterprises,43636047872.0,31.6
RTNPOWER,17520,RattanIndia Power,45753303040.0,8.52
RUBICON,759316,Rubicon Research,252838592512.0,1531.5
RUPA,25724,Rupa & Company,12809838592.0,161.04
RUSTOMJEE,12219,Keystone Realtors,51365883904.0,406.9
SAATVIKGL,759057,Saatvik Green Energy,55869005824.0,439.55
SAFARI,13035,Safari Industries,78392885248.0,1600.0
SAGCEM,14068,Sagar Cements,22913034240.0,175.3
SAGILITY,27052,Sagility,210004410368.0,44.86
SAILIFE,27839,Sai Life Sciences,279337664512.0,1315.8
SAIPARENT,761675,Sai Parenteral's,24349384704.0,551.15
SAKAR,9539,Sakar Healthcare,18723272704.0,853.0
SAKSOFT,11794,Saksoft,21639340032.0,169.27
SALASAR,21362,Salasar Techno Engineering,10330386432.0,5.91
SALZERELEC,11399,Salzer Electronics,10138396672.0,573.35
SAMBHV,757767,Sambhv Steel Tubes,34187778048.0,116.02
SAMHI,18614,Samhi Hotels,40206389248.0,181.0
SANATHAN,28805,Sanathan Textiles,39585501184.0,469.0
SANDHAR,2397,Sandhar Technologies,35706449920.0,591.8
SANDUMA,18359,Sandur Manganese & Iron Ores,101522989056.0,208.85
SANGAMIND,4184,Sangam,29529300992.0,598.85
SANGHVIMOV,14058,Sanghvi Movers,37907300352.0,437.85
SANOFI,1442,Sanofi,78727872512.0,3418.4
SANOFICONR,25222,Sanofi Consumer Healthcare,109136429056.0,4732.0
SANSTAR,24582,Sanstar,22462103552.0,112.16
SAPPHIRE,6718,Sapphire Foods,61899800576.0,192.38
SARDAEN,17758,Sarda Energy & Minerals,184401117184.0,523.3
SAREGAMA,4892,Saregama India,101469782016.0,528.6
SASKEN,11983,Sasken Technologies,27246047232.0,1794.1
SBC,6792,SBC Exports,20076171264.0,42.16
SBCL,4656,Shivalik Bimetal Controls,42716393472.0,741.55
SBFC,18026,SBFC Finance,100003192832.0,90.37
SCHNEIDER,31234,Schneider Electric Infra,306029264896.0,1279.9
SCILAL,23127,SCI Land & Assets,19246815232.0,41.32
SDBL,1338,Som Distilleries & Breweries,14750597120.0,70.95
SEAMECLTD,2616,Seamec,36689154048.0,1438.0
SEDEMAC,761153,SEDEMAC Mechatronics,117224087552.0,2653.9
SENCO,17271,Senco Gold,67730898944.0,413.4
SENORES,28888,Senores Pharmaceuticals,60979556352.0,1324.1
SEPC,15308,SEPC,11634169856.0,5.98
SERVOTECH,5507,Servotech Renewable  Power,20935829504.0,92.7
SETL,29075,Standard Engineering Technology,53067571200.0,262.8
SFL,19184,Sheela Foam,86363439104.0,790.85
SGFIN,758853,SG Finserv,45029347328.0,683.35
SGMART,758889,SG Mart,89484992512.0,710.0
SHADOWFAX,761469,Shadowfax Technologies,126499299328.0,216.12
SHAKTIPUMP,25574,Shakti Pumps,64777764864.0,524.95
SHALBY,714,Shalby,17457506304.0,162.7
SHANTIGOLD,758002,Shanti Gold International,16103362560.0,223.36
SHARDACROP,4992,Sharda Cropchem,74341687296.0,824.0
SHILCTECH,759847,Shilchar Technologies,52258832384.0,4568.0
SHILPAMED,17752,Shilpa Medicare,118483468288.0,605.8
SHK,11212,SH Kelkar & Company,22451853312.0,162.2
SHOPERSTOP,11813,Shoppers Stop,42985717760.0,390.05
SHREEJISPG,759448,Shreeji Shipping Global,101807620096.0,624.9
SHRINGARMS,759093,Shringar House of Mangalsutra,21216020480.0,220.01
SHRIPISTON,17186, SPR Auto Technologies,192497729536.0,4370.0
SHRIRAMPPS,7200,Shriram Properties,14732594176.0,86.33
SHYAMMETL,4693,Shyam Metalics & Energy,287525273600.0,1033.05
SIGNATURE,18743,Signatureglobal,115496198144.0,820.95
SIGNPOST,22656,Signpost India,16489324544.0,308.5
SILVERTUC,9422,Silver Touch Technologies,26476658688.0,208.79
SIMPLEXINF,3162,Simplex Infrastructures,18587406336.0,235.0
SINDHUTRAD,16859,Sindhu Trade Links,38471127040.0,24.95
SIRCA,11050,Sirca Paints,22932547584.0,402.8
SIS,21501,SIS,60801712128.0,430.3
SIYSIL,14096,Siyaram Silk Mills,28068206592.0,618.65
SJS,6643,SJS Enterprises,75192901632.0,2349.4
SJVN,18883,SJVN,271313059840.0,69.04
SKFINDIA,3186,SKF India,73118752768.0,1479.0
SKFINDUS,760101,SKF India Industrial,131865886720.0,2667.3
SKIPPER,9428,Skipper,59613327360.0,528.0
SKMEGGPROD,4732,SKM Egg Products Export,14230590464.0,269.9
SKYGOLD,13631,Sky Gold And Diamonds,101372698624.0,654.55
SMARTWORKS,757965,Smartworks Coworking Spaces,55428534272.0,485.1
SMCGLOBAL,2320,SMC Global Securities,16835760128.0,80.4
SMLMAH,3387,SML Mahindra,66077536256.0,4566.0
SMSPHARMA,14329,SMS Pharmaceuticals,37025333248.0,395.35
SOBHA,13826,Sobha,146034769920.0,1365.4
SOLARA,3672,Solara Active Pharma Sciences,24383535104.0,505.4
SOLARWORLD,759929,Solarworld Energy Solutions,16998241280.0,196.12
SOMANYCERA,3880,Somany Ceramics,19852249088.0,484.05
SONATSOFTW,6596,Sonata Software,87965278208.0,317.8
SOUTHBANK,5948,South Indian Bank,122190749696.0,46.67
SPAL,18252,SP Apparels,25252009984.0,1004.5
SPANDANA,11435,Spandana Sphoorty Financial,23777546240.0,268.25
SPARC,14788,Sun Pharma Advanced Research Co,69324300288.0,213.62
SPIC,3252,Southern Petrochemical Industries,13595029504.0,66.76
SPLPETRO,9617,Supreme Petrochem,138680483840.0,737.5
SPMLINFRA,3321,SPML Infra,16528727040.0,196.42
SRM,23402,SRM Contractors,11700306944.0,509.85
SSWL,11829,Steel Strips Wheels,46537838592.0,295.85
STALLION,29204,Stallion India Fluorochemicals,28617455616.0,246.52
STAR,7374,Strides Pharma Science,97481859072.0,1057.6
STARCEMENT,21091,Star Cement,82089041920.0,203.1
STARHEALTH,7083,Star Health Insurance,349923573760.0,594.7
STEELCAS,6803,Steelcast,30901420032.0,305.35
STEELXIND,21339,Steel Exchange India,14413359104.0,11.3
STEL,21484,STEL Holdings,10295346176.0,557.85
STOVEKRAFT,2107,Stove Kraft,26624907264.0,804.2
STUDDS,759587,Studds Accessories,17396170752.0,442.05
STYL,759934,Seshaasai Technologies,57060823040.0,352.65
STYLAMIND,5186,Stylam Industries,57318830080.0,3379.9
STYRENIX,19,Styrenix Performance Materials,43482226688.0,2471.1
SUBROS,3324,Subros,51422081024.0,788.25
SUDARSCHEM,3327,Sudarshan Chemical Industries,81605722112.0,1025.1
SUDEEPPHRM,760039,Sudeep Pharma,99643277312.0,882.2
SULA,13218,Sula Vineyards,14045263872.0,166.32
SUMEETINDS,20790,Sumeet Industries,15087690752.0,24.69
SUMICHEM,17105,Sumitomo Chemical,250870644736.0,502.6
SUMMITSEC,21275,Summit Securities,16441001984.0,1501.9
SUNCLAY,20956,Sundaram Clayton,28329318400.0,1285.0
SUNDARMFIN,3339,Sundaram Finance,494028193792.0,4482.3
SUNDRMFAST,3345,Sundram Fasteners,201933357056.0,961.0
SUNDROP,1663,Sundrop Brands,25741293568.0,682.85
SUNFLAG,3348,Sunflag Iron & Steel Company,64924057600.0,360.25
SUNTECK,17641,Sunteck Realty,45264056320.0,308.25
SUNTV,13404,Sun TV Network,202263920640.0,513.25
SUPRAJIT,11689,Suprajit Engineering,67636273152.0,493.05
SUPRIYA,7390,Supriya Lifescience,69134729216.0,859.0
SURAKSHA,27334,Suraksha Diagnostic,12968109056.0,249.0
SURYAROSNI,3375,Surya Roshni,52123799552.0,239.5
SUVEN,11233,Suven Life Sciences,88300838912.0,312.5
SUYOG,24851,Suyog Telematics,10251894784.0,874.95
SWANCORP,27095,Swan Corp,97359716352.0,310.6
SWARAJENG,3384,Swaraj Engines,43326418944.0,3566.0
SWSOLAR,12489,Sterling & Wilson Renewable Energy,48880214016.0,209.3
SYMPHONY,24190,Symphony,47603015680.0,693.2
SYNCOMF,11992,Syncom Formulations,12407999488.0,13.2
TAJGVK,9354,Taj GVK Hotels & Resorts,22581944320.0,360.15
TALBROAUTO,13648,Talbros Automotive Components,24595582976.0,398.45
TANLA,13976,Tanla Platforms,81141374976.0,613.9
TARC,1581,TARC,39708160000.0,134.56
TARIL,15174,Transformers & Rectifiers,89374375936.0,297.75
TARSONS,6943,Tarsons Products,17026009088.0,320.0
TASTYBITE,20092,Tasty Bite Eatables,23940780032.0,9330.0
TATACHEM,3405,Tata Chemicals,172635586560.0,677.65
TATATECH,20293,Tata Technologies,300965625856.0,741.2
TATVA,5162,Tatva Chintan Pharma,41022648320.0,1753.7
TBOTEK,23740,TBO Tek,162824224768.0,1524.8
TBZ,27037,Tribhovandas Bhimji Zaveri,18404304896.0,275.8
TCIEXP,19223,TCI Express,20938350592.0,545.0
TCPLPACK,184,TCPL Packaging,28837322752.0,3175.6
TDPOWERSYS,25178,TD Power Systems,162758787072.0,1041.8
TEAMLEASE,12716,Teamlease Services,21799995392.0,1300.4
TECHNOE,6445,Techno Electric & Engineering,115357548544.0,991.9
TEGA,7105,Tega Industries,113360183296.0,1508.9
TEJASNET,21131,Tejas Networks,92923764736.0,522.8
TEXINFRA,11549,Texmaco Infrastructure & Holdings,14643863552.0,114.92
TEXRAIL,21828,Texmaco Rail & Engineering,45690892288.0,112.3
TFCILTD,3466,Tourism Finance Corporation of India,46431989760.0,100.29
THANGAMAYL,18118,Thangamayil Jewellery,200541192192.0,6452.0
THEJO,19279,Thejo Engineering,20263424000.0,1868.3
THELEELA,757014,Leela Palaces Hotels & Resorts,158496407552.0,474.6
THEMISMED,14485,Themis Medicare,10050935808.0,108.21
THERMAX,3475,Thermax,493119569920.0,4377.5
THOMASCOOK,3481,Thomas Cook,47148445696.0,99.78
THYROCARE,17032,Thyrocare Technologies,92313780224.0,580.0
TI,19196,Tilaknagar Industries,115255754752.0,466.3
TIIL,14223,Technocraft Industries,57663729664.0,2543.3
TIL,3484,TIL,20311889920.0,255.75
TIMETECHNO,14707,Time Technoplast,106886873088.0,216.53
TIMKEN,14198,Timken,233456386048.0,3103.7
TINNARUBR,756020,Tinna Rubber & Infrastructure,20038926336.0,1112.3
TIRUMALCHM,3496,Thirumalai Chemicals,20446955520.0,169.61
TITAGARH,15414,Titagarh Rail Systems,112183238656.0,833.0
TNPL,3980,Tamil Nadu Newsprint & Papers,10428652544.0,150.68
TORNTPOWER,13786,Torrent Power,721136386048.0,1431.1
TRANSRAILL,28714,Transrail Lighting,66738675712.0,497.1
TRAVELFOOD,757545,Travel Food Services,169774366720.0,1289.3
TRIDENT,9685,Trident,126778130432.0,24.88
TRITURBINE,25584,Triveni Turbines,196252450816.0,617.35
TRUALT,759210,Trualt Bioenergy,36805013504.0,429.2
TSFINV,2183,TSF Investments,98163728384.0,444.8
TTKHLTCARE,11369,TTK Healthcare,14726632448.0,1042.2
TTKPRESTIG,3546,TTK Prestige,93041262592.0,679.3
TVSHLTD,29008,TVS Holdings,299455381504.0,14801.0
TVSSCS,18151,TVS Supply Chain Solutions,60375490560.0,136.85
TVSSRICHAK,14245,TVS Srichakra,30207062016.0,3945.0
UBL,16713,United Breweries,380558344192.0,1439.3
UCOBANK,11223,UCO Bank,333301481472.0,26.58
UDS,19113,Updater Services,13523351552.0,200.24
UEL,23507,Ujaas Energy,15927699456.0,119.4
UFBL,3127,United Foodbrands,27575447552.0,705.5
UGROCAP,5313,UGRO Capital,14670288896.0,96.0
UJJIVANSFB,15228,Ujjivan Small Finance Bank,136733360128.0,70.27
ULTRAMAR,762961,Ultramarine & Pigments,10948540416.0,374.95
UNICHEMLAB,3579,Unichem Laboratories,37427695616.0,531.6
UNIMECH,28960,Unimech Aerospace and Manufacturing,60736258048.0,1193.2
UNIPARTS,13057,Uniparts,32675792896.0,724.5
UNITECH,3594,Unitech Group,11197768704.0,4.28
UNIVCABLES,3607,Universal Cables,46696513536.0,1345.9
URBANCO,759084,Urban Company,192539934720.0,131.68
UTIAMC,527,UTI AMC,117763375104.0,916.2
UTKARSHBNK,17358,Utkarsh Small Finance Bank,25696321536.0,14.44
UTLSOLAR,759876,Fujiyama Power Systems,112740360192.0,367.35
V2RETAIL,14766,V2 Retail,80785448960.0,221.55
VADILALIND,24196,Vadilal Industries,51012030464.0,7097.0
VAIBHAVGBL,11364,Vaibhav Global,44665118720.0,267.0
VAML,750174,Vedanta Aluminium Metal,1711581822976.0,438.4
VARROC,3857,Varroc Engineering,101359427584.0,663.35
VEDPOWER,750518,Vedanta Power,137348194304.0,35.18
VEEDOL,14019,Veedol Corporation,23585468416.0,1387.8
VENKEYS,3757,Venkys,21285963776.0,1511.0
VENTIVE,28847,Ventive Hospitality,145391337472.0,622.55
VENUSPIPES,9592,Venus Pipes & Tubes,35093090304.0,1694.0
VESUVIUS,3676,Vesuvius,91890499584.0,452.75
VGUARD,15362,V-Guard Industries,132006625280.0,302.15
VHL,11892,Vardhman Holdings,11042714624.0,3460.0
VIDHIING,13536,Vidhi Specialty Food Ingredients,15070903296.0,301.75
VIDYAWIRES,760224,Vidya Wires,18995548160.0,89.31
VIJAYA,5585,Vijaya Diagnostic Centre,141354057728.0,1372.4
VIKRAMSOLR,759453,Vikram Solar,65890516992.0,181.84
VIKRAN,758973,Vikran Engineering,18868770816.0,73.16
VIMTALABS,13101,Vimta Labs,26834485248.0,600.5
VINATIORGA,17364,Vinati Organics,136418951168.0,1315.0
VINCOFE,25835,Vintage Coffee & Beverages,24121632768.0,165.57
VINDHYATEL,3694,Vindhya Telelinks,22321100800.0,1883.5
VIPIND,3703,VIP Industries,42118922240.0,296.5
VISHNU,6908,Vishnu Chemicals,41600843776.0,618.0
VISL,750290,Vedanta Iron & Steel,119271948288.0,30.55
VIYASH,14296,Viyash Scientific,112149233664.0,256.95
VMART,29284,V Mart Retail,59502497792.0,747.75
VOGL,750368,Vedanta Oil & Gas,134966657024.0,34.57
VOLTAMP,13577,Voltamp Transformers,94342144000.0,9325.0
VSSL,27067,Vardhman Special Steels,29755017216.0,307.75
VSTIND,3724,VST Industries,37265698816.0,219.8
VSTTILLERS,24292,VST Tillers Tractors,37990780928.0,4390.6
VTL,2073,Vardhman Textiles,183107911680.0,632.55
WAAREEINDO,19955,Indosolar,13073959936.0,314.25
WAAREERTL,756038,Waaree Renewable Technologies,95340748800.0,913.7
WABAG,20188,VA Tech Wabag,117544550400.0,1883.2
WAKEFIT,760259,Wakefit Innovations,42360758272.0,127.85
WALCHANNAG,3736,Walchandnagar Industries,15184733184.0,223.6
WANBURY,14063,Wanbury,10693202944.0,306.05
WEALTH,1923,Wealth First Portfolio Managers,10115857408.0,949.4
WEBELSOLAR,14602,Websol Energy System,42838908928.0,98.67
WEL,7835,Wonder Electricals,15609251840.0,116.48
WELCORP,11821,Welspun Corp,448191201280.0,1699.6
WELENT,11626,Welspun Enterprises,80364740608.0,592.6
WELSPUNLIV,11253,Welspun Living,152231657472.0,161.7
WENDT,4235,Wendt,16469999616.0,8235.0
WESTLIFE,11580,Westlife Foodworld,75947073536.0,489.3
WEWORK,759434,WeWork India Management,97664557056.0,704.7
WHEELS,3766,Wheels,34841477120.0,1426.0
WHIRLPOOL,18011,Whirlpool,99981500416.0,787.75
WINDLAS,5366,Windlas Biotech,17681119232.0,856.8
WINDMACHIN,24969,Windsor Machines,29403166720.0,284.2
WOCKPHARMA,7506,Wockhardt,310945021952.0,1913.6
WSTCSTPAPR,3799,West Coast Paper Mills,37684203520.0,570.55
XPROINDIA,11407,Xpro,31811770368.0,1355.4
YASHO,18131,Yasho Industries,38013829120.0,3154.1
YATHARTH,17738,Yatharth Hospital,80388440064.0,834.3
YATRA,18760,Yatra Online,17000299520.0,108.34
ZAGGLE,18608,Zaggle Prepaid Ocean Services,28015781888.0,207.95
ZEEL,3812,Zee Entertainment,103822540800.0,108.09
ZENTEC,7508,Zen Technologies,148092059648.0,1646.6
ZFCVINDIA,16915,ZF Commercial,272336568320.0,2393.0
ZOTA,11394,Zota Healthcare,37752020992.0,1244.6
ZYDUSWELL,17635,Zydus Wellness,183928700928.0,578.1
