dt,open,high,low,close,volume
2026-07-08 09:41:00+05:30,188.0,188.0,188.0,188.0,3573663.0
2026-07-08 09:45:00+05:30,188.0,188.0,188.0,188.0,0.0
2026-07-08 09:50:00+05:30,188.0,188.0,188.0,188.0,0.0
2026-07-08 09:55:00+05:30,188.0,188.0,188.0,188.0,0.0
2026-07-08 10:00:00+05:30,188.3,192.0,183.3,183.71,8308691.0
2026-07-08 10:05:00+05:30,183.8,188.79,183.73,187.41,2601788.0
2026-07-08 10:10:00+05:30,187.26,187.99,186.02,186.02,756261.0
2026-07-08 10:15:00+05:30,186.06,186.5,185.0,185.61,498065.0
2026-07-08 10:20:00+05:30,185.69,186.04,184.5,186.0,464476.0
2026-07-08 10:25:00+05:30,186.0,186.27,185.33,186.0,284142.0
2026-07-08 10:30:00+05:30,185.8,187.29,185.75,187.17,389067.0
2026-07-08 10:35:00+05:30,187.17,188.99,187.14,188.1,880230.0
2026-07-08 10:40:00+05:30,188.19,188.67,187.17,188.5,447666.0
2026-07-08 10:45:00+05:30,188.52,188.7,186.5,186.74,237291.0
2026-07-08 10:50:00+05:30,186.75,187.99,186.69,187.79,149116.0
2026-07-08 10:55:00+05:30,187.7,188.0,187.0,187.06,94322.0
2026-07-08 11:00:00+05:30,187.2,187.2,186.01,186.82,163446.0
2026-07-08 11:05:00+05:30,186.63,186.79,186.01,186.29,90117.0
2026-07-08 11:10:00+05:30,186.29,186.99,186.05,186.06,87467.0
2026-07-08 11:15:00+05:30,186.15,188.2,186.04,187.69,249873.0
2026-07-08 11:20:00+05:30,187.6,187.6,186.5,186.6,93641.0
2026-07-08 11:25:00+05:30,186.51,188.4,186.51,187.78,236812.0
2026-07-08 11:30:00+05:30,187.8,187.99,186.52,186.52,122296.0
2026-07-08 11:35:00+05:30,186.52,187.85,186.52,186.75,84945.0
2026-07-08 11:40:00+05:30,186.67,187.0,186.04,186.7,176946.0
2026-07-08 11:45:00+05:30,186.7,186.75,186.07,186.25,128862.0
2026-07-08 11:50:00+05:30,186.25,186.7,185.91,186.18,133704.0
2026-07-08 11:55:00+05:30,186.1,186.49,183.42,185.32,639470.0
2026-07-08 12:00:00+05:30,185.27,186.16,185.21,185.61,238619.0
2026-07-08 12:05:00+05:30,185.46,186.21,185.4,186.0,120369.0
2026-07-08 12:10:00+05:30,186.0,186.3,185.5,186.25,97812.0
2026-07-08 12:15:00+05:30,186.26,186.99,186.26,186.71,83613.0
2026-07-08 12:20:00+05:30,186.87,186.87,186.55,186.7,36088.0
2026-07-08 12:25:00+05:30,186.62,186.8,186.61,186.61,37994.0
2026-07-08 12:30:00+05:30,186.61,187.34,185.61,187.28,130687.0
2026-07-08 12:35:00+05:30,187.22,188.49,187.0,188.21,413588.0
2026-07-08 12:40:00+05:30,188.21,188.24,187.51,187.51,60835.0
2026-07-08 12:45:00+05:30,187.51,188.0,187.01,187.25,155582.0
2026-07-08 12:50:00+05:30,187.25,189.8,187.25,188.8,824178.0
2026-07-08 12:55:00+05:30,188.7,189.0,188.4,188.89,182198.0
2026-07-08 13:00:00+05:30,188.89,188.99,187.82,187.96,62977.0
2026-07-08 13:05:00+05:30,187.96,188.4,187.54,188.09,87962.0
2026-07-08 13:10:00+05:30,188.09,188.51,187.8,188.51,71598.0
2026-07-08 13:15:00+05:30,188.51,189.77,188.28,189.7,248852.0
2026-07-08 13:20:00+05:30,189.6,189.8,188.0,188.0,156610.0
2026-07-08 13:25:00+05:30,188.1,188.5,188.0,188.08,123746.0
2026-07-08 13:30:00+05:30,188.07,188.3,188.01,188.13,42214.0
2026-07-08 13:35:00+05:30,188.03,188.24,188.0,188.2,41996.0
2026-07-08 13:40:00+05:30,188.2,188.5,188.03,188.48,46833.0
2026-07-08 13:45:00+05:30,188.41,188.78,185.84,186.71,403324.0
2026-07-08 13:50:00+05:30,186.71,187.0,185.04,185.35,419816.0
2026-07-08 13:55:00+05:30,185.35,186.24,185.2,185.3,133223.0
2026-07-08 14:00:00+05:30,185.2,185.41,184.05,184.8,450822.0
2026-07-08 14:05:00+05:30,184.92,185.6,184.37,184.5,230450.0
2026-07-08 14:10:00+05:30,184.5,184.51,181.5,181.5,890207.0
2026-07-08 14:15:00+05:30,181.59,183.14,181.21,182.82,322910.0
2026-07-08 14:20:00+05:30,182.98,182.98,181.91,182.9,118666.0
2026-07-08 14:25:00+05:30,182.78,182.99,182.11,182.55,105259.0
2026-07-08 14:30:00+05:30,182.43,182.94,182.0,182.74,91649.0
2026-07-08 14:35:00+05:30,182.66,182.95,182.11,182.26,100086.0
2026-07-08 14:40:00+05:30,182.38,182.5,181.0,181.44,255529.0
2026-07-08 14:45:00+05:30,181.36,181.45,180.51,180.71,242467.0
2026-07-08 14:50:00+05:30,180.58,180.8,180.38,180.64,136771.0
2026-07-08 14:55:00+05:30,180.6,180.6,180.33,180.35,137656.0
2026-07-08 15:00:00+05:30,180.35,182.9,180.33,182.46,458464.0
2026-07-08 15:05:00+05:30,182.32,182.97,182.32,182.97,235061.0
2026-07-08 15:10:00+05:30,182.97,183.75,182.74,183.03,262657.0
2026-07-08 15:15:00+05:30,183.15,183.89,183.0,183.73,259342.0
2026-07-08 15:20:00+05:30,183.51,184.44,183.42,183.51,597896.0
2026-07-08 15:25:00+05:30,183.6,183.6,182.2,182.6,559539.0
2026-07-09 09:15:00+05:30,186.0,190.0,186.0,188.01,983413.0
2026-07-09 09:20:00+05:30,188.04,193.75,188.0,191.1,1581379.0
2026-07-09 09:25:00+05:30,191.1,192.86,190.54,191.16,383342.0
2026-07-09 09:30:00+05:30,191.07,191.9,188.32,190.03,424555.0
2026-07-09 09:35:00+05:30,189.72,191.9,189.41,191.22,247523.0
2026-07-09 09:40:00+05:30,191.01,191.42,190.79,191.14,120298.0
2026-07-09 09:45:00+05:30,191.0,191.2,190.86,191.0,119001.0
2026-07-09 09:50:00+05:30,191.01,195.4,190.94,195.26,1036288.0
2026-07-09 09:55:00+05:30,195.5,197.7,194.7,197.2,1237556.0
2026-07-09 10:00:00+05:30,197.18,199.0,196.35,198.81,829004.0
2026-07-09 10:05:00+05:30,199.0,204.0,198.82,202.69,2155154.0
2026-07-09 10:10:00+05:30,202.66,203.8,199.75,200.8,783561.0
2026-07-09 10:15:00+05:30,200.8,201.24,196.62,197.17,682207.0
2026-07-09 10:20:00+05:30,197.11,199.41,196.29,197.36,316771.0
2026-07-09 10:25:00+05:30,197.36,197.99,195.6,196.2,377116.0
2026-07-09 10:30:00+05:30,195.99,197.3,192.95,195.25,719620.0
2026-07-09 10:35:00+05:30,195.25,195.74,193.1,195.29,267455.0
2026-07-09 10:40:00+05:30,195.3,195.34,193.51,193.77,220837.0
2026-07-09 10:45:00+05:30,193.84,196.69,193.77,196.4,203395.0
2026-07-09 10:50:00+05:30,196.3,196.7,193.62,194.8,130030.0
2026-07-09 10:55:00+05:30,194.97,197.3,194.11,194.77,146886.0
2026-07-09 11:00:00+05:30,194.5,195.45,194.11,195.03,67149.0
2026-07-09 11:05:00+05:30,195.15,195.18,194.0,194.49,83495.0
2026-07-09 11:10:00+05:30,194.66,195.79,194.24,195.21,57649.0
2026-07-09 11:15:00+05:30,195.24,195.85,194.01,194.38,91378.0
2026-07-09 11:20:00+05:30,194.38,194.6,194.0,194.24,65190.0
2026-07-09 11:25:00+05:30,194.15,195.29,194.01,194.11,62175.0
2026-07-09 11:30:00+05:30,194.18,194.94,194.04,194.62,24563.0
2026-07-09 11:35:00+05:30,194.64,196.0,194.64,195.0,75621.0
2026-07-09 11:40:00+05:30,195.0,195.79,194.73,195.0,117429.0
2026-07-09 11:45:00+05:30,195.18,195.75,194.83,195.33,68616.0
2026-07-09 11:50:00+05:30,195.74,197.5,194.85,197.19,351915.0
2026-07-09 11:55:00+05:30,197.58,199.54,197.0,197.03,458309.0
2026-07-09 12:00:00+05:30,197.04,198.0,196.6,197.07,106003.0
2026-07-09 12:05:00+05:30,197.07,198.7,196.9,198.09,153848.0
2026-07-09 12:10:00+05:30,198.09,199.4,197.74,198.0,282708.0
2026-07-09 12:15:00+05:30,198.0,198.89,195.6,196.38,184709.0
2026-07-09 12:20:00+05:30,196.3,197.88,196.2,196.85,147306.0
2026-07-09 12:25:00+05:30,196.85,197.0,196.23,196.49,46491.0
2026-07-09 12:30:00+05:30,196.3,197.89,196.12,197.26,105849.0
2026-07-09 12:35:00+05:30,197.26,197.31,196.35,196.99,48082.0
2026-07-09 12:40:00+05:30,196.95,198.15,196.95,198.1,86333.0
2026-07-09 12:45:00+05:30,198.15,198.24,197.08,197.32,77253.0
2026-07-09 12:50:00+05:30,197.38,198.81,196.91,198.8,88933.0
2026-07-09 12:55:00+05:30,198.8,198.8,197.56,198.39,56187.0
2026-07-09 13:00:00+05:30,198.29,198.29,197.52,197.81,27312.0
2026-07-09 13:05:00+05:30,197.81,198.0,197.45,197.68,15944.0
2026-07-09 13:10:00+05:30,197.6,198.38,197.32,198.01,37700.0
2026-07-09 13:15:00+05:30,198.01,198.18,197.38,197.6,31180.0
2026-07-09 13:20:00+05:30,197.5,197.82,197.23,197.27,21971.0
2026-07-09 13:25:00+05:30,197.4,197.76,197.01,197.37,40298.0
2026-07-09 13:30:00+05:30,197.5,197.5,196.22,196.82,69173.0
2026-07-09 13:35:00+05:30,196.86,196.86,196.1,196.23,41301.0
2026-07-09 13:40:00+05:30,196.25,196.25,195.21,195.3,80706.0
2026-07-09 13:45:00+05:30,195.3,196.78,195.21,195.55,62092.0
2026-07-09 13:50:00+05:30,195.73,195.89,195.56,195.89,10705.0
2026-07-09 13:55:00+05:30,195.8,196.01,195.2,195.2,35622.0
2026-07-09 14:00:00+05:30,195.2,195.61,195.2,195.41,20639.0
2026-07-09 14:05:00+05:30,195.6,196.22,195.6,196.19,15491.0
2026-07-09 14:10:00+05:30,196.12,200.39,196.02,199.37,506000.0
2026-07-09 14:15:00+05:30,199.25,199.37,197.13,197.6,195254.0
2026-07-09 14:20:00+05:30,197.44,197.72,196.78,197.39,78585.0
2026-07-09 14:25:00+05:30,197.29,197.38,196.12,197.34,94113.0
2026-07-09 14:30:00+05:30,197.38,198.36,196.1,196.68,120896.0
2026-07-09 14:35:00+05:30,196.83,197.57,196.55,197.31,74794.0
2026-07-09 14:40:00+05:30,197.31,197.32,196.77,196.96,28155.0
2026-07-09 14:45:00+05:30,196.96,197.94,196.8,197.57,39664.0
2026-07-09 14:50:00+05:30,197.57,197.63,196.6,197.2,217775.0
2026-07-09 14:55:00+05:30,197.31,197.93,197.1,197.31,44653.0
2026-07-09 15:00:00+05:30,197.3,197.49,196.1,196.1,107624.0
2026-07-09 15:05:00+05:30,196.1,196.1,195.0,195.28,140958.0
2026-07-09 15:10:00+05:30,195.28,195.28,193.35,193.89,291176.0
2026-07-09 15:15:00+05:30,193.88,194.74,192.66,194.3,281211.0
2026-07-09 15:20:00+05:30,194.35,195.4,194.06,195.2,221450.0
2026-07-09 15:25:00+05:30,195.2,195.7,195.0,195.25,210747.0
2026-07-10 09:15:00+05:30,197.7,203.88,197.0,202.7,898847.0
2026-07-10 09:20:00+05:30,202.14,202.59,199.66,201.22,308300.0
2026-07-10 09:25:00+05:30,201.18,202.0,199.19,200.37,231975.0
2026-07-10 09:30:00+05:30,200.36,201.5,198.3,199.59,290356.0
2026-07-10 09:35:00+05:30,199.55,201.22,199.55,200.6,105276.0
2026-07-10 09:40:00+05:30,200.62,201.5,199.57,201.25,103042.0
2026-07-10 09:45:00+05:30,201.25,207.15,201.03,206.34,787128.0
2026-07-10 09:50:00+05:30,206.2,209.89,205.8,208.26,846648.0
2026-07-10 09:55:00+05:30,208.31,210.7,207.58,209.15,651727.0
2026-07-10 10:00:00+05:30,209.11,209.12,207.02,208.14,321835.0
2026-07-10 10:05:00+05:30,208.1,208.13,205.56,206.25,238640.0
2026-07-10 10:10:00+05:30,206.3,207.63,205.64,207.5,151073.0
2026-07-10 10:15:00+05:30,207.58,208.0,207.05,207.05,125999.0
2026-07-10 10:20:00+05:30,207.05,207.24,206.0,206.28,110910.0
2026-07-10 10:25:00+05:30,206.29,208.8,205.66,208.79,198053.0
2026-07-10 10:30:00+05:30,208.62,208.99,206.41,206.88,174683.0
2026-07-10 10:35:00+05:30,206.72,207.89,206.72,207.12,56080.0
2026-07-10 10:40:00+05:30,207.28,207.54,206.86,207.5,50442.0
2026-07-10 10:45:00+05:30,207.5,207.7,206.91,207.2,37037.0
2026-07-10 10:50:00+05:30,207.2,207.44,207.0,207.21,24595.0
2026-07-10 10:55:00+05:30,207.24,209.33,207.02,208.77,142497.0
2026-07-10 11:00:00+05:30,208.39,212.5,208.04,212.5,794897.0
2026-07-10 11:05:00+05:30,212.35,215.5,211.8,214.56,842339.0
2026-07-10 11:10:00+05:30,214.68,215.44,213.5,214.09,526512.0
2026-07-10 11:15:00+05:30,213.91,214.09,212.25,212.33,314294.0
2026-07-10 11:20:00+05:30,212.33,212.79,211.16,211.9,181220.0
2026-07-10 11:25:00+05:30,211.79,213.92,211.16,212.76,354242.0
2026-07-10 11:30:00+05:30,212.72,212.72,210.87,211.99,134464.0
2026-07-10 11:35:00+05:30,211.98,216.9,211.75,216.35,648279.0
2026-07-10 11:40:00+05:30,216.32,217.75,215.36,215.36,461613.0
2026-07-10 11:45:00+05:30,215.33,216.34,213.83,215.7,271088.0
2026-07-10 11:50:00+05:30,215.68,215.75,213.18,214.0,268614.0
2026-07-10 11:55:00+05:30,214.0,215.0,212.0,213.99,245798.0
2026-07-10 12:00:00+05:30,213.97,213.97,213.12,213.52,64127.0
2026-07-10 12:05:00+05:30,213.29,214.7,213.1,214.0,100889.0
2026-07-10 12:10:00+05:30,214.09,214.49,212.3,213.54,121317.0
2026-07-10 12:15:00+05:30,213.5,213.99,213.21,213.52,61132.0
2026-07-10 12:20:00+05:30,213.7,213.9,213.2,213.9,37586.0
2026-07-10 12:25:00+05:30,213.9,215.85,213.86,215.15,163169.0
2026-07-10 12:30:00+05:30,215.15,216.38,215.08,215.4,171240.0
2026-07-10 12:35:00+05:30,215.4,216.44,214.1,214.46,176661.0
2026-07-10 12:40:00+05:30,214.0,214.41,213.03,213.69,114272.0
2026-07-10 12:45:00+05:30,213.68,214.64,213.11,213.49,52345.0
2026-07-10 12:50:00+05:30,213.68,213.85,212.56,212.82,81926.0
2026-07-10 12:55:00+05:30,213.1,213.32,211.13,211.95,161267.0
2026-07-10 13:00:00+05:30,211.95,212.0,211.58,211.85,97683.0
2026-07-10 13:05:00+05:30,211.68,211.85,210.35,210.79,160899.0
2026-07-10 13:10:00+05:30,210.76,211.5,209.3,211.5,151667.0
2026-07-10 13:15:00+05:30,211.4,211.4,210.59,210.65,34197.0
2026-07-10 13:20:00+05:30,210.81,212.5,210.5,212.39,361932.0
2026-07-10 13:25:00+05:30,212.39,212.67,211.61,211.74,32748.0
2026-07-10 13:30:00+05:30,211.8,212.78,211.77,212.24,66952.0
2026-07-10 13:35:00+05:30,212.25,213.3,212.0,213.25,83961.0
2026-07-10 13:40:00+05:30,213.25,214.81,212.6,214.17,165732.0
2026-07-10 13:45:00+05:30,214.1,214.35,213.5,213.56,41577.0
2026-07-10 13:50:00+05:30,213.79,216.0,213.79,214.37,333248.0
2026-07-10 13:55:00+05:30,214.37,215.5,213.88,215.45,114459.0
2026-07-10 14:00:00+05:30,215.44,217.85,214.73,217.8,301277.0
2026-07-10 14:05:00+05:30,217.9,220.72,216.81,220.72,1219648.0
2026-07-10 14:10:00+05:30,220.72,220.72,212.5,214.32,1150284.0
2026-07-10 14:15:00+05:30,214.3,214.7,212.04,212.81,284432.0
2026-07-10 14:20:00+05:30,212.81,213.63,212.64,213.02,133872.0
2026-07-10 14:25:00+05:30,212.76,212.76,211.58,212.0,184807.0
2026-07-10 14:30:00+05:30,211.95,212.23,211.0,211.9,163397.0
2026-07-10 14:35:00+05:30,212.0,212.0,211.58,212.0,52543.0
2026-07-10 14:40:00+05:30,211.99,213.8,210.15,213.3,357957.0
2026-07-10 14:45:00+05:30,213.3,213.32,212.33,213.3,84825.0
2026-07-10 14:50:00+05:30,213.3,213.35,212.04,212.26,39821.0
2026-07-10 14:55:00+05:30,212.26,212.4,210.71,211.12,82187.0
2026-07-10 15:00:00+05:30,211.2,211.43,210.01,210.01,177890.0
2026-07-10 15:05:00+05:30,210.18,210.2,208.1,209.26,304595.0
2026-07-10 15:10:00+05:30,209.25,211.38,209.2,210.33,192739.0
2026-07-10 15:15:00+05:30,210.34,210.88,209.25,209.89,146329.0
2026-07-10 15:20:00+05:30,209.8,209.89,208.51,209.3,332044.0
2026-07-10 15:25:00+05:30,209.4,210.0,208.46,209.0,298581.0
2026-07-13 09:15:00+05:30,209.48,214.85,207.77,210.85,825805.0
2026-07-13 09:20:00+05:30,210.05,213.24,210.0,212.64,201004.0
2026-07-13 09:25:00+05:30,212.4,215.38,211.8,214.97,349827.0
2026-07-13 09:30:00+05:30,214.7,217.0,213.8,213.97,530236.0
2026-07-13 09:35:00+05:30,213.78,214.02,211.95,212.72,255178.0
2026-07-13 09:40:00+05:30,212.5,212.5,211.6,212.13,77635.0
2026-07-13 09:45:00+05:30,212.13,213.6,212.01,213.35,63075.0
2026-07-13 09:50:00+05:30,213.38,214.0,213.2,213.82,60409.0
2026-07-13 09:55:00+05:30,213.85,214.13,213.22,214.13,58493.0
2026-07-13 10:00:00+05:30,214.08,214.34,213.2,214.34,143030.0
2026-07-13 10:05:00+05:30,214.36,215.0,214.28,214.99,156071.0
2026-07-13 10:10:00+05:30,214.99,217.23,210.26,212.42,1165320.0
2026-07-13 10:15:00+05:30,212.42,212.43,210.98,211.83,125205.0
2026-07-13 10:20:00+05:30,211.5,211.5,209.32,211.22,201495.0
2026-07-13 10:25:00+05:30,211.01,211.7,210.53,211.4,48062.0
2026-07-13 10:30:00+05:30,211.37,211.9,211.34,211.34,41288.0
2026-07-13 10:35:00+05:30,211.5,212.69,211.47,212.66,54978.0
2026-07-13 10:40:00+05:30,212.64,212.79,211.95,212.49,33848.0
2026-07-13 10:45:00+05:30,212.41,212.5,212.0,212.5,17321.0
2026-07-13 10:50:00+05:30,212.49,212.53,211.81,211.96,17143.0
2026-07-13 10:55:00+05:30,211.97,211.97,210.9,211.0,18248.0
2026-07-13 11:00:00+05:30,211.0,211.39,209.65,209.7,117098.0
2026-07-13 11:05:00+05:30,209.5,211.39,209.5,211.22,77871.0
2026-07-13 11:10:00+05:30,211.3,211.37,210.98,211.19,26631.0
2026-07-13 11:15:00+05:30,211.19,211.2,210.25,210.36,19053.0
2026-07-13 11:20:00+05:30,210.33,211.0,210.32,210.9,14825.0
2026-07-13 11:25:00+05:30,210.89,210.9,210.6,210.88,6847.0
2026-07-13 11:30:00+05:30,210.88,210.88,209.17,209.5,84590.0
2026-07-13 11:35:00+05:30,209.5,210.7,209.5,210.6,58836.0
2026-07-13 11:40:00+05:30,210.63,212.25,210.36,212.14,99546.0
2026-07-13 11:45:00+05:30,212.11,212.46,212.0,212.02,130365.0
2026-07-13 11:50:00+05:30,212.05,212.5,212.05,212.43,25447.0
2026-07-13 11:55:00+05:30,212.42,212.42,211.96,212.01,62415.0
2026-07-13 12:00:00+05:30,211.93,212.89,211.93,212.54,38354.0
2026-07-13 12:05:00+05:30,212.53,212.8,212.51,212.53,24688.0
2026-07-13 12:10:00+05:30,212.53,212.79,212.51,212.73,13872.0
2026-07-13 12:15:00+05:30,212.73,212.84,212.05,212.33,22881.0
2026-07-13 12:20:00+05:30,212.18,212.42,212.05,212.27,13204.0
2026-07-13 12:25:00+05:30,212.1,212.29,212.05,212.28,8267.0
2026-07-13 12:30:00+05:30,212.27,212.4,212.12,212.18,4158.0
2026-07-13 12:35:00+05:30,212.5,212.65,212.19,212.19,12280.0
2026-07-13 12:40:00+05:30,212.07,212.5,212.06,212.34,8314.0
2026-07-13 12:45:00+05:30,212.3,212.59,212.05,212.26,9529.0
2026-07-13 12:50:00+05:30,212.22,212.34,212.06,212.11,6964.0
2026-07-13 12:55:00+05:30,212.11,212.33,212.05,212.21,5786.0
2026-07-13 13:00:00+05:30,212.2,212.28,212.05,212.05,8767.0
2026-07-13 13:05:00+05:30,212.05,212.1,211.2,211.2,24129.0
2026-07-13 13:10:00+05:30,211.0,211.13,210.48,210.65,35219.0
2026-07-13 13:15:00+05:30,210.73,210.73,210.11,210.4,35944.0
2026-07-13 13:20:00+05:30,210.24,210.5,209.63,210.2,57377.0
2026-07-13 13:25:00+05:30,210.14,210.2,209.15,209.63,37473.0
2026-07-13 13:30:00+05:30,209.57,210.05,209.1,209.56,24287.0
2026-07-13 13:35:00+05:30,209.72,209.72,207.16,208.0,126176.0
2026-07-13 13:40:00+05:30,208.0,208.48,207.87,208.48,25904.0
2026-07-13 13:45:00+05:30,208.45,209.5,208.4,209.32,69644.0
2026-07-13 13:50:00+05:30,209.27,209.3,208.43,208.43,15818.0
2026-07-13 13:55:00+05:30,208.49,208.61,208.03,208.58,20452.0
2026-07-13 14:00:00+05:30,208.5,208.54,208.17,208.2,15149.0
2026-07-13 14:05:00+05:30,208.2,208.44,208.05,208.31,13545.0
2026-07-13 14:10:00+05:30,208.43,208.7,208.21,208.47,15016.0
2026-07-13 14:15:00+05:30,208.47,208.5,208.0,208.02,37669.0
2026-07-13 14:20:00+05:30,208.0,208.3,207.4,207.5,33907.0
2026-07-13 14:25:00+05:30,207.51,207.51,207.1,207.49,27207.0
2026-07-13 14:30:00+05:30,207.49,207.59,205.1,205.21,97805.0
2026-07-13 14:35:00+05:30,205.17,206.08,205.01,206.08,58221.0
2026-07-13 14:40:00+05:30,206.3,207.87,206.3,207.69,51304.0
2026-07-13 14:45:00+05:30,207.69,208.04,206.47,206.72,54450.0
2026-07-13 14:50:00+05:30,206.71,206.8,206.5,206.55,17831.0
2026-07-13 14:55:00+05:30,206.55,206.85,206.3,206.54,26966.0
2026-07-13 15:00:00+05:30,206.56,206.6,206.01,206.51,25555.0
2026-07-13 15:05:00+05:30,206.5,207.18,206.5,207.08,248890.0
2026-07-13 15:10:00+05:30,207.27,207.8,203.51,205.12,207312.0
2026-07-13 15:15:00+05:30,205.16,205.58,203.4,204.1,128890.0
2026-07-13 15:20:00+05:30,203.99,204.0,203.14,204.0,110418.0
2026-07-13 15:25:00+05:30,204.17,204.85,203.25,203.55,131815.0
2026-07-14 09:15:00+05:30,204.95,204.95,202.01,202.5,177490.0
2026-07-14 09:20:00+05:30,202.54,202.54,200.41,201.8,146396.0
2026-07-14 09:25:00+05:30,201.8,202.93,201.2,202.3,60396.0
2026-07-14 09:30:00+05:30,202.4,202.81,201.82,202.81,43889.0
2026-07-14 09:35:00+05:30,202.8,202.82,201.2,201.57,30836.0
2026-07-14 09:40:00+05:30,201.42,201.49,197.65,198.12,182408.0
2026-07-14 09:45:00+05:30,198.2,198.79,198.0,198.49,71593.0
2026-07-14 09:50:00+05:30,198.5,198.99,198.26,198.5,37676.0
2026-07-14 09:55:00+05:30,198.5,198.99,198.3,198.6,31182.0
2026-07-14 10:00:00+05:30,198.57,198.83,198.3,198.47,18105.0
2026-07-14 10:05:00+05:30,198.4,198.65,198.29,198.46,17550.0
2026-07-14 10:10:00+05:30,198.49,200.39,198.25,200.35,73195.0
2026-07-14 10:15:00+05:30,200.2,200.95,199.31,199.6,43936.0
2026-07-14 10:20:00+05:30,199.31,199.8,199.2,199.43,20658.0
2026-07-14 10:25:00+05:30,199.43,199.5,198.3,198.9,29372.0
2026-07-14 10:30:00+05:30,198.9,199.9,198.9,199.6,21275.0
2026-07-14 10:35:00+05:30,199.67,199.97,199.4,199.82,20278.0
2026-07-14 10:40:00+05:30,199.76,199.85,198.9,199.0,26040.0
2026-07-14 10:45:00+05:30,199.09,199.4,198.85,199.22,11392.0
2026-07-14 10:50:00+05:30,199.22,199.6,199.12,199.49,7786.0
2026-07-14 10:55:00+05:30,199.6,200.4,199.23,200.01,15770.0
2026-07-14 11:00:00+05:30,200.15,200.71,199.7,200.43,24049.0
2026-07-14 11:05:00+05:30,200.37,200.43,199.7,200.1,16874.0
2026-07-14 11:10:00+05:30,199.98,200.44,199.55,200.43,14203.0
2026-07-14 11:15:00+05:30,200.37,201.48,200.25,201.0,56959.0
2026-07-14 11:20:00+05:30,201.24,202.39,201.21,201.8,83967.0
2026-07-14 11:25:00+05:30,201.66,201.89,201.0,201.41,14456.0
2026-07-14 11:30:00+05:30,201.25,201.4,201.0,201.25,17001.0
2026-07-14 11:35:00+05:30,201.25,201.3,201.01,201.03,7064.0
2026-07-14 11:40:00+05:30,201.14,201.49,201.01,201.25,21997.0
2026-07-14 11:45:00+05:30,201.25,203.31,201.25,203.3,81167.0
2026-07-14 11:50:00+05:30,203.27,203.7,202.21,202.49,59277.0
2026-07-14 11:55:00+05:30,202.49,202.78,202.0,202.78,16958.0
2026-07-14 12:00:00+05:30,202.55,204.8,202.55,204.01,82400.0
2026-07-14 12:05:00+05:30,204.0,206.49,204.0,205.5,195704.0
2026-07-14 12:10:00+05:30,205.5,205.9,205.0,205.79,69376.0
2026-07-14 12:15:00+05:30,205.79,205.85,205.0,205.44,21893.0
2026-07-14 12:20:00+05:30,205.38,205.54,205.0,205.39,36740.0
2026-07-14 12:25:00+05:30,205.5,207.28,205.11,205.8,80851.0
2026-07-14 12:30:00+05:30,205.7,205.8,205.1,205.52,20319.0
2026-07-14 12:35:00+05:30,205.66,205.66,205.0,205.05,34401.0
2026-07-14 12:40:00+05:30,205.11,205.56,205.0,205.2,32828.0
2026-07-14 12:45:00+05:30,205.07,205.49,205.0,205.4,13792.0
2026-07-14 12:50:00+05:30,205.4,205.4,205.0,205.0,15209.0
2026-07-14 12:55:00+05:30,205.0,205.25,205.0,205.0,15307.0
2026-07-14 13:00:00+05:30,205.19,205.66,205.0,205.5,59407.0
2026-07-14 13:05:00+05:30,205.5,206.49,205.5,206.35,41366.0
2026-07-14 13:10:00+05:30,206.36,206.94,205.91,206.7,49870.0
2026-07-14 13:15:00+05:30,206.7,206.9,206.49,206.61,19623.0
2026-07-14 13:20:00+05:30,206.49,206.9,206.2,206.74,24690.0
2026-07-14 13:25:00+05:30,206.74,207.6,206.51,207.3,43387.0
2026-07-14 13:30:00+05:30,207.4,207.4,206.2,206.26,32084.0
2026-07-14 13:35:00+05:30,206.26,206.74,206.21,206.4,12112.0
2026-07-14 13:40:00+05:30,206.3,206.68,206.0,206.68,66198.0
2026-07-14 13:45:00+05:30,206.6,206.82,206.3,206.63,12649.0
2026-07-14 13:50:00+05:30,206.57,207.87,206.51,207.79,24722.0
2026-07-14 13:55:00+05:30,207.79,209.35,207.52,209.28,194302.0
2026-07-14 14:00:00+05:30,209.3,209.84,208.6,208.84,96970.0
2026-07-14 14:05:00+05:30,208.84,209.5,208.73,208.94,52989.0
2026-07-14 14:10:00+05:30,208.9,209.26,207.27,207.48,53036.0
2026-07-14 14:15:00+05:30,207.27,207.5,206.78,207.49,37391.0
2026-07-14 14:20:00+05:30,207.46,207.6,206.26,206.41,44114.0
2026-07-14 14:25:00+05:30,206.46,207.0,206.3,206.69,50701.0
2026-07-14 14:30:00+05:30,206.66,206.79,206.17,206.28,26621.0
2026-07-14 14:35:00+05:30,206.49,206.49,205.8,206.19,36985.0
2026-07-14 14:40:00+05:30,206.2,206.39,206.1,206.1,14317.0
2026-07-14 14:45:00+05:30,206.1,206.4,206.1,206.37,20020.0
2026-07-14 14:50:00+05:30,206.4,206.4,205.3,205.8,34790.0
2026-07-14 14:55:00+05:30,205.74,205.86,205.05,205.15,34634.0
2026-07-14 15:00:00+05:30,205.16,205.59,203.2,203.43,92630.0
2026-07-14 15:05:00+05:30,203.4,205.89,203.15,204.66,167590.0
2026-07-14 15:10:00+05:30,204.86,204.86,203.75,204.4,50595.0
2026-07-14 15:15:00+05:30,204.4,206.32,204.36,206.04,78567.0
2026-07-14 15:20:00+05:30,206.05,206.6,205.9,206.3,67181.0
2026-07-14 15:25:00+05:30,206.4,206.58,205.67,205.7,64496.0
2026-07-15 09:15:00+05:30,205.99,209.01,205.99,209.01,149339.0
2026-07-15 09:20:00+05:30,209.01,209.63,208.21,208.72,93289.0
2026-07-15 09:25:00+05:30,208.71,208.71,207.61,208.0,49864.0
2026-07-15 09:30:00+05:30,207.99,209.0,207.8,208.45,25240.0
2026-07-15 09:35:00+05:30,208.42,208.76,207.42,207.78,26607.0
2026-07-15 09:40:00+05:30,207.79,207.79,206.7,207.32,53394.0
2026-07-15 09:45:00+05:30,207.32,207.98,207.11,207.44,18914.0
2026-07-15 09:50:00+05:30,207.1,207.51,205.81,206.2,50963.0
2026-07-15 09:55:00+05:30,206.53,206.53,205.8,205.85,22652.0
2026-07-15 10:00:00+05:30,206.0,206.3,205.55,205.78,28474.0
2026-07-15 10:05:00+05:30,206.25,207.0,205.8,206.62,24826.0
2026-07-15 10:10:00+05:30,206.62,207.3,206.6,206.6,11101.0
2026-07-15 10:15:00+05:30,206.6,206.73,206.44,206.71,4575.0
2026-07-15 10:20:00+05:30,206.35,206.7,206.29,206.31,4919.0
2026-07-15 10:25:00+05:30,206.59,206.95,206.31,206.55,8623.0
2026-07-15 10:30:00+05:30,206.5,207.0,206.47,206.95,6887.0
2026-07-15 10:35:00+05:30,206.85,206.94,205.6,205.82,35456.0
2026-07-15 10:40:00+05:30,205.85,206.21,205.85,206.21,3977.0
2026-07-15 10:45:00+05:30,206.05,206.25,205.6,205.73,9980.0
2026-07-15 10:50:00+05:30,205.73,205.92,205.0,205.4,29410.0
2026-07-15 10:55:00+05:30,205.4,205.47,205.1,205.12,12026.0
2026-07-15 11:00:00+05:30,205.1,205.35,204.21,204.9,35781.0
2026-07-15 11:05:00+05:30,205.0,205.15,204.61,204.89,10555.0
2026-07-15 11:10:00+05:30,204.73,204.95,204.6,204.68,11434.0
2026-07-15 11:15:00+05:30,204.79,205.29,204.5,204.54,14493.0
2026-07-15 11:20:00+05:30,204.61,204.91,204.54,204.65,4344.0
2026-07-15 11:25:00+05:30,204.77,204.92,204.61,204.7,8214.0
2026-07-15 11:30:00+05:30,204.7,205.0,204.4,204.4,8681.0
2026-07-15 11:35:00+05:30,204.4,204.4,203.57,203.94,24118.0
2026-07-15 11:40:00+05:30,203.94,204.0,203.2,203.4,18577.0
2026-07-15 11:45:00+05:30,203.4,203.5,203.2,203.25,14126.0
2026-07-15 11:50:00+05:30,203.48,203.5,203.2,203.45,13444.0
2026-07-15 11:55:00+05:30,203.4,203.77,203.22,203.76,9548.0
2026-07-15 12:00:00+05:30,203.76,203.99,203.02,203.22,14129.0
2026-07-15 12:05:00+05:30,203.23,203.48,202.8,203.35,24590.0
2026-07-15 12:10:00+05:30,203.34,203.79,203.31,203.49,7480.0
2026-07-15 12:15:00+05:30,203.56,203.56,203.19,203.23,6332.0
2026-07-15 12:20:00+05:30,203.27,203.44,202.81,202.99,10944.0
2026-07-15 12:25:00+05:30,202.95,202.98,202.35,202.53,11233.0
2026-07-15 12:30:00+05:30,202.5,202.8,202.31,202.63,10084.0
2026-07-15 12:35:00+05:30,202.63,202.7,202.3,202.55,4239.0
2026-07-15 12:40:00+05:30,202.5,202.5,202.05,202.34,19701.0
2026-07-15 12:45:00+05:30,202.28,202.49,202.0,202.24,39408.0
2026-07-15 12:50:00+05:30,202.48,202.59,202.23,202.5,2764.0
2026-07-15 12:55:00+05:30,202.5,202.8,202.21,202.57,12210.0
2026-07-15 13:00:00+05:30,202.4,203.0,202.19,202.65,10852.0
2026-07-15 13:05:00+05:30,202.62,203.0,202.51,202.65,9673.0
2026-07-15 13:10:00+05:30,202.8,202.99,202.23,202.62,10259.0
2026-07-15 13:15:00+05:30,202.83,203.2,202.45,203.2,8194.0
2026-07-15 13:20:00+05:30,203.39,203.6,202.86,202.86,5986.0
2026-07-15 13:25:00+05:30,202.86,203.26,202.86,203.2,2093.0
2026-07-15 13:30:00+05:30,203.0,203.1,202.71,202.71,5749.0
2026-07-15 13:35:00+05:30,202.43,202.5,202.0,202.0,23022.0
2026-07-15 13:40:00+05:30,202.0,202.32,202.0,202.1,6451.0
2026-07-15 13:45:00+05:30,202.1,202.36,202.06,202.33,4165.0
2026-07-15 13:50:00+05:30,202.33,202.33,202.0,202.12,9822.0
2026-07-15 13:55:00+05:30,202.01,202.85,202.0,202.41,8482.0
2026-07-15 14:00:00+05:30,202.41,202.47,201.26,201.5,25952.0
2026-07-15 14:05:00+05:30,201.65,201.73,201.15,201.5,16918.0
2026-07-15 14:10:00+05:30,201.5,201.5,201.2,201.29,7168.0
2026-07-15 14:15:00+05:30,201.5,201.6,200.61,201.11,42425.0
2026-07-15 14:20:00+05:30,200.91,201.24,200.5,200.6,19565.0
2026-07-15 14:25:00+05:30,200.6,201.0,200.55,200.59,16339.0
2026-07-15 14:30:00+05:30,200.69,202.41,200.59,202.34,34365.0
2026-07-15 14:35:00+05:30,202.25,202.3,201.59,202.1,10454.0
2026-07-15 14:40:00+05:30,202.1,202.17,201.6,201.61,8411.0
2026-07-15 14:45:00+05:30,201.6,201.78,201.5,201.66,7516.0
2026-07-15 14:50:00+05:30,201.55,201.9,201.5,201.78,5427.0
2026-07-15 14:55:00+05:30,201.76,201.82,201.55,201.55,10317.0
2026-07-15 15:00:00+05:30,201.55,202.0,201.4,202.0,25288.0
2026-07-15 15:05:00+05:30,201.9,202.5,201.7,202.47,71046.0
2026-07-15 15:10:00+05:30,202.43,202.43,201.2,201.23,29729.0
2026-07-15 15:15:00+05:30,201.2,201.46,200.31,201.25,76597.0
2026-07-15 15:20:00+05:30,201.3,202.0,201.11,201.74,49397.0
2026-07-15 15:25:00+05:30,201.9,204.5,201.5,202.1,164729.0
2026-07-16 09:15:00+05:30,205.0,205.89,202.5,202.5,71387.0
2026-07-16 09:20:00+05:30,202.5,202.69,201.35,202.0,66187.0
2026-07-16 09:25:00+05:30,202.0,202.01,200.1,200.11,39192.0
2026-07-16 09:30:00+05:30,200.33,200.49,199.21,200.39,58837.0
2026-07-16 09:35:00+05:30,200.23,200.5,199.5,200.48,42363.0
2026-07-16 09:40:00+05:30,200.7,200.7,199.7,199.9,25681.0
2026-07-16 09:45:00+05:30,199.9,200.44,199.8,199.9,19986.0
2026-07-16 09:50:00+05:30,199.9,199.9,198.21,199.41,71595.0
2026-07-16 09:55:00+05:30,199.4,200.49,199.21,200.0,25168.0
2026-07-16 10:00:00+05:30,200.13,200.49,200.05,200.24,19409.0
2026-07-16 10:05:00+05:30,200.24,200.78,200.0,200.78,35498.0
2026-07-16 10:10:00+05:30,200.64,201.5,200.5,200.62,26770.0
2026-07-16 10:15:00+05:30,200.62,200.71,200.2,200.21,9232.0
2026-07-16 10:20:00+05:30,200.21,200.72,200.16,200.61,8872.0
2026-07-16 10:25:00+05:30,200.72,200.72,200.25,200.25,4192.0
2026-07-16 10:30:00+05:30,200.3,200.4,199.75,199.75,22071.0
2026-07-16 10:35:00+05:30,199.78,200.23,199.64,200.13,6365.0
2026-07-16 10:40:00+05:30,200.14,200.4,200.13,200.34,2632.0
2026-07-16 10:45:00+05:30,200.34,200.62,200.1,200.47,12019.0
2026-07-16 10:50:00+05:30,200.47,200.47,200.26,200.4,2263.0
2026-07-16 10:55:00+05:30,200.4,200.72,200.4,200.59,3221.0
2026-07-16 11:00:00+05:30,200.7,200.7,200.2,200.2,5390.0
2026-07-16 11:05:00+05:30,200.19,200.39,200.0,200.09,11030.0
2026-07-16 11:10:00+05:30,200.0,200.09,199.76,200.0,5330.0
2026-07-16 11:15:00+05:30,200.0,200.19,199.6,200.16,9277.0
2026-07-16 11:20:00+05:30,200.14,200.14,200.0,200.14,1171.0
2026-07-16 11:25:00+05:30,200.18,200.35,199.67,199.71,6099.0
2026-07-16 11:30:00+05:30,199.72,199.88,199.69,199.8,1889.0
2026-07-16 11:35:00+05:30,199.8,199.87,199.65,199.66,5089.0
2026-07-16 11:40:00+05:30,199.94,200.01,199.89,200.01,9019.0
2026-07-16 11:45:00+05:30,200.01,200.26,199.95,200.1,3720.0
2026-07-16 11:50:00+05:30,199.95,200.1,199.88,200.01,1499.0
2026-07-16 11:55:00+05:30,200.0,200.11,200.0,200.11,2164.0
2026-07-16 12:00:00+05:30,200.25,200.4,199.9,199.9,6335.0
2026-07-16 12:05:00+05:30,199.99,199.99,199.8,199.9,5184.0
2026-07-16 12:10:00+05:30,199.98,199.99,199.91,199.99,1097.0
2026-07-16 12:15:00+05:30,199.92,200.19,199.85,200.05,5018.0
2026-07-16 12:20:00+05:30,200.31,200.31,199.81,199.85,8814.0
2026-07-16 12:25:00+05:30,199.85,200.0,199.78,200.0,1610.0
2026-07-16 12:30:00+05:30,200.02,200.2,199.67,199.79,2923.0
2026-07-16 12:35:00+05:30,199.79,199.98,199.79,199.9,3050.0
2026-07-16 12:40:00+05:30,200.0,200.1,199.5,199.5,10045.0
2026-07-16 12:45:00+05:30,199.61,199.99,199.54,199.67,11979.0
2026-07-16 12:50:00+05:30,199.67,200.99,199.67,200.64,38408.0
2026-07-16 12:55:00+05:30,200.8,202.19,200.8,202.0,41670.0
2026-07-16 13:00:00+05:30,201.99,201.99,201.1,201.15,11148.0
2026-07-16 13:05:00+05:30,201.17,201.7,201.04,201.42,18741.0
2026-07-16 13:10:00+05:30,201.42,201.75,201.2,201.71,8228.0
2026-07-16 13:15:00+05:30,201.21,201.54,200.29,200.49,18787.0
2026-07-16 13:20:00+05:30,200.35,200.52,200.23,200.23,3935.0
2026-07-16 13:25:00+05:30,200.23,200.3,199.3,199.4,27826.0
2026-07-16 13:30:00+05:30,199.4,199.43,199.2,199.2,3825.0
2026-07-16 13:35:00+05:30,199.2,199.3,198.5,198.65,110921.0
2026-07-16 13:40:00+05:30,198.52,198.65,197.77,197.8,57921.0
2026-07-16 13:45:00+05:30,197.8,198.06,197.8,198.0,33297.0
2026-07-16 13:50:00+05:30,198.0,198.25,198.0,198.1,10248.0
2026-07-16 13:55:00+05:30,198.01,198.01,197.35,197.61,38534.0
2026-07-16 14:00:00+05:30,197.65,198.0,197.5,197.82,15331.0
2026-07-16 14:05:00+05:30,197.94,197.94,197.3,197.78,22285.0
2026-07-16 14:10:00+05:30,197.78,197.78,197.25,197.26,9018.0
2026-07-16 14:15:00+05:30,197.25,197.36,197.25,197.26,10459.0
2026-07-16 14:20:00+05:30,197.26,197.38,197.26,197.38,14337.0
2026-07-16 14:25:00+05:30,197.38,197.38,195.3,195.59,133592.0
2026-07-16 14:30:00+05:30,195.6,196.37,195.55,195.55,23529.0
2026-07-16 14:35:00+05:30,195.5,195.6,195.3,195.47,41278.0
2026-07-16 14:40:00+05:30,195.5,195.98,195.42,195.62,17056.0
2026-07-16 14:45:00+05:30,195.62,196.2,195.61,196.2,23118.0
2026-07-16 14:50:00+05:30,196.04,196.04,195.34,195.34,20435.0
2026-07-16 14:55:00+05:30,195.31,195.78,195.31,195.61,13532.0
2026-07-16 15:00:00+05:30,195.54,195.99,194.32,194.91,75937.0
2026-07-16 15:05:00+05:30,195.0,195.83,194.6,195.16,70086.0
2026-07-16 15:10:00+05:30,195.51,195.51,194.08,194.35,28824.0
2026-07-16 15:15:00+05:30,194.3,194.39,193.71,194.24,49528.0
2026-07-16 15:20:00+05:30,194.24,194.43,193.1,194.19,68233.0
2026-07-16 15:25:00+05:30,194.0,194.49,193.05,194.49,68989.0
2026-07-17 09:15:00+05:30,194.0,195.23,192.51,192.79,75801.0
2026-07-17 09:20:00+05:30,192.8,193.12,190.83,191.71,69311.0
2026-07-17 09:25:00+05:30,191.71,195.5,191.08,195.05,107137.0
2026-07-17 09:30:00+05:30,195.26,198.85,195.12,197.24,319218.0
2026-07-17 09:35:00+05:30,197.02,197.97,197.0,197.1,81463.0
2026-07-17 09:40:00+05:30,197.1,197.31,196.34,197.18,31289.0
2026-07-17 09:45:00+05:30,197.01,197.36,196.24,196.45,33544.0
2026-07-17 09:50:00+05:30,196.45,196.45,194.77,194.93,53932.0
2026-07-17 09:55:00+05:30,194.91,195.0,194.1,194.46,28346.0
2026-07-17 10:00:00+05:30,194.46,194.94,194.2,194.54,23135.0
2026-07-17 10:05:00+05:30,194.7,194.84,193.42,194.43,47443.0
2026-07-17 10:10:00+05:30,194.4,194.7,194.16,194.52,6918.0
2026-07-17 10:15:00+05:30,194.52,196.5,194.52,196.5,55844.0
2026-07-17 10:20:00+05:30,196.5,196.85,195.6,195.99,20298.0
2026-07-17 10:25:00+05:30,195.83,196.0,195.3,195.32,10908.0
2026-07-17 10:30:00+05:30,195.1,195.61,194.6,194.62,12317.0
2026-07-17 10:35:00+05:30,194.81,194.93,194.25,194.74,17663.0
2026-07-17 10:40:00+05:30,194.96,195.0,194.2,194.23,5879.0
2026-07-17 10:45:00+05:30,194.37,194.66,194.37,194.51,3418.0
2026-07-17 10:50:00+05:30,194.59,194.59,194.22,194.22,10725.0
2026-07-17 10:55:00+05:30,194.38,194.63,194.27,194.63,767.0
2026-07-17 11:00:00+05:30,194.58,194.62,194.32,194.41,6002.0
2026-07-17 11:05:00+05:30,194.41,194.6,194.18,194.31,7180.0
2026-07-17 11:10:00+05:30,194.31,194.31,193.94,194.03,3658.0
2026-07-17 11:15:00+05:30,194.03,194.09,193.45,193.51,15717.0
2026-07-17 11:20:00+05:30,193.31,193.31,192.5,192.78,30367.0
2026-07-17 11:25:00+05:30,192.77,192.85,192.15,192.17,25029.0
2026-07-17 11:30:00+05:30,192.15,192.41,192.0,192.2,10910.0
2026-07-17 11:35:00+05:30,192.25,192.26,191.5,191.79,19639.0
2026-07-17 11:40:00+05:30,191.79,192.0,191.67,192.0,6555.0
2026-07-17 11:45:00+05:30,192.0,192.13,191.93,192.13,1663.0
2026-07-17 11:50:00+05:30,192.13,192.5,192.0,192.5,9188.0
2026-07-17 11:55:00+05:30,192.5,192.75,192.44,192.61,6565.0
2026-07-17 12:00:00+05:30,192.49,192.67,192.2,192.49,5041.0
2026-07-17 12:05:00+05:30,192.45,192.45,192.06,192.25,3548.0
2026-07-17 12:10:00+05:30,192.25,192.4,192.11,192.4,6331.0
2026-07-17 12:15:00+05:30,192.4,192.5,192.11,192.5,5007.0
2026-07-17 12:20:00+05:30,192.59,192.85,192.42,192.42,7070.0
2026-07-17 12:25:00+05:30,192.63,192.71,192.3,192.3,2835.0
2026-07-17 12:30:00+05:30,192.3,192.35,192.12,192.14,3120.0
2026-07-17 12:35:00+05:30,192.14,192.4,191.72,192.21,20644.0
2026-07-17 12:40:00+05:30,192.22,192.5,192.21,192.5,2008.0
2026-07-17 12:45:00+05:30,192.28,192.5,192.12,192.17,1299.0
2026-07-17 12:50:00+05:30,192.18,192.5,192.18,192.34,2934.0
2026-07-17 12:55:00+05:30,192.37,192.37,191.62,192.06,9591.0
2026-07-17 13:00:00+05:30,192.0,192.37,192.0,192.25,9623.0
2026-07-17 13:05:00+05:30,192.25,192.5,192.25,192.39,1765.0
2026-07-17 13:10:00+05:30,192.4,192.5,192.4,192.4,845.0
2026-07-17 13:15:00+05:30,192.5,192.64,192.43,192.6,2883.0
2026-07-17 13:20:00+05:30,192.66,192.85,192.65,192.85,1301.0
2026-07-17 13:25:00+05:30,192.62,192.85,192.38,192.48,4424.0
2026-07-17 13:30:00+05:30,192.43,192.43,192.0,192.2,9948.0
2026-07-17 13:35:00+05:30,192.15,192.95,192.06,192.91,15234.0
2026-07-17 13:40:00+05:30,192.7,192.86,192.36,192.5,1325.0
2026-07-17 13:45:00+05:30,192.5,192.78,192.28,192.29,5922.0
2026-07-17 13:50:00+05:30,192.31,192.31,191.79,191.9,5290.0
2026-07-17 13:55:00+05:30,192.12,192.25,192.0,192.25,678.0
2026-07-17 14:00:00+05:30,192.32,192.78,192.32,192.33,2835.0
2026-07-17 14:05:00+05:30,192.31,192.51,192.25,192.5,2252.0
2026-07-17 14:10:00+05:30,192.42,192.53,192.25,192.52,6740.0
2026-07-17 14:15:00+05:30,192.6,193.78,192.55,193.4,39473.0
2026-07-17 14:20:00+05:30,193.29,193.5,193.04,193.13,3626.0
2026-07-17 14:25:00+05:30,193.23,193.4,193.01,193.23,6236.0
2026-07-17 14:30:00+05:30,193.23,193.23,192.63,192.89,4773.0
2026-07-17 14:35:00+05:30,192.72,192.9,192.34,192.35,2037.0
2026-07-17 14:40:00+05:30,192.31,192.5,191.7,192.0,14659.0
2026-07-17 14:45:00+05:30,192.0,192.0,191.5,191.6,12229.0
2026-07-17 14:50:00+05:30,191.55,191.6,191.0,191.23,33153.0
2026-07-17 14:55:00+05:30,191.23,191.28,190.91,191.17,17832.0
2026-07-17 15:00:00+05:30,191.1,191.24,190.91,191.21,20885.0
2026-07-17 15:05:00+05:30,191.21,191.39,191.04,191.28,48077.0
2026-07-17 15:10:00+05:30,191.28,191.39,189.7,190.85,97705.0
2026-07-17 15:15:00+05:30,190.9,191.0,190.03,190.25,35583.0
2026-07-17 15:20:00+05:30,190.24,190.9,190.1,190.8,88175.0
2026-07-17 15:25:00+05:30,190.9,191.6,190.23,191.0,59506.0
2026-07-20 09:15:00+05:30,191.0,193.65,191.0,192.75,50514.0
2026-07-20 09:20:00+05:30,192.75,194.74,192.74,193.55,49129.0
2026-07-20 09:25:00+05:30,193.68,193.69,191.3,191.31,28973.0
2026-07-20 09:30:00+05:30,191.58,192.02,191.37,191.96,6675.0
2026-07-20 09:35:00+05:30,191.97,192.74,191.8,192.51,8055.0
2026-07-20 09:40:00+05:30,192.6,197.99,192.5,195.44,304728.0
2026-07-20 09:45:00+05:30,195.13,195.5,194.52,194.82,21701.0
2026-07-20 09:50:00+05:30,195.0,195.0,194.41,194.58,9531.0
2026-07-20 09:55:00+05:30,194.58,194.58,193.63,193.7,18080.0
2026-07-20 10:00:00+05:30,193.6,193.77,193.19,193.19,20155.0
2026-07-20 10:05:00+05:30,193.22,193.35,192.61,192.65,10002.0
2026-07-20 10:10:00+05:30,192.5,192.87,191.89,192.32,24633.0
2026-07-20 10:15:00+05:30,192.37,192.8,192.21,192.8,12424.0
2026-07-20 10:20:00+05:30,192.5,193.97,192.42,193.65,118110.0
2026-07-20 10:25:00+05:30,193.65,195.72,193.5,195.0,53041.0
2026-07-20 10:30:00+05:30,194.82,195.1,194.7,194.94,11805.0
2026-07-20 10:35:00+05:30,194.93,194.93,193.8,193.92,15931.0
2026-07-20 10:40:00+05:30,193.89,193.9,193.5,193.73,3625.0
2026-07-20 10:45:00+05:30,193.73,193.73,193.15,193.23,8862.0
2026-07-20 10:50:00+05:30,193.32,193.61,193.28,193.61,6445.0
2026-07-20 10:55:00+05:30,193.51,193.86,193.3,193.42,6424.0
2026-07-20 11:00:00+05:30,193.48,193.48,193.12,193.28,462.0
2026-07-20 11:05:00+05:30,193.1,193.23,192.58,192.58,7988.0
2026-07-20 11:10:00+05:30,192.78,192.91,192.5,192.84,4411.0
2026-07-20 11:15:00+05:30,192.83,193.11,192.53,192.78,15356.0
2026-07-20 11:20:00+05:30,192.78,193.99,192.7,193.99,10753.0
2026-07-20 11:25:00+05:30,194.0,194.4,193.61,193.86,8928.0
2026-07-20 11:30:00+05:30,194.09,194.09,193.57,193.77,1632.0
2026-07-20 11:35:00+05:30,193.68,193.7,193.0,193.34,8870.0
2026-07-20 11:40:00+05:30,193.25,193.34,192.96,192.96,3861.0
2026-07-20 11:45:00+05:30,193.0,193.0,192.6,192.6,3775.0
2026-07-20 11:50:00+05:30,192.6,192.71,192.3,192.3,13011.0
2026-07-20 11:55:00+05:30,192.3,192.74,192.21,192.71,11488.0
2026-07-20 12:00:00+05:30,192.95,192.95,191.52,191.67,13267.0
2026-07-20 12:05:00+05:30,191.73,191.88,191.5,191.88,6895.0
2026-07-20 12:10:00+05:30,191.81,191.92,191.4,191.81,12822.0
2026-07-20 12:15:00+05:30,191.73,191.73,191.5,191.55,6551.0
2026-07-20 12:20:00+05:30,191.55,191.61,191.15,191.15,9917.0
2026-07-20 12:25:00+05:30,191.3,191.43,191.1,191.35,4627.0
2026-07-20 12:30:00+05:30,191.35,191.6,191.25,191.34,3286.0
2026-07-20 12:35:00+05:30,191.34,191.42,190.76,191.4,22431.0
2026-07-20 12:40:00+05:30,191.4,191.51,190.0,190.6,39662.0
2026-07-20 12:45:00+05:30,190.6,190.71,190.35,190.56,4116.0
2026-07-20 12:50:00+05:30,190.56,190.56,190.12,190.31,5517.0
2026-07-20 12:55:00+05:30,190.39,190.8,190.35,190.8,9319.0
2026-07-20 13:00:00+05:30,190.8,190.8,190.48,190.48,2853.0
2026-07-20 13:05:00+05:30,190.5,190.5,189.75,189.89,14761.0
2026-07-20 13:10:00+05:30,189.75,189.75,189.34,189.4,14678.0
2026-07-20 13:15:00+05:30,189.4,189.7,189.0,189.12,20958.0
2026-07-20 13:20:00+05:30,189.12,189.61,189.1,189.3,5389.0
2026-07-20 13:25:00+05:30,189.33,189.73,189.33,189.49,5119.0
2026-07-20 13:30:00+05:30,189.49,189.54,189.24,189.4,3753.0
2026-07-20 13:35:00+05:30,189.46,190.9,189.4,190.74,38046.0
2026-07-20 13:40:00+05:30,190.76,192.48,190.5,192.26,58964.0
2026-07-20 13:45:00+05:30,192.25,192.39,189.5,189.92,60827.0
2026-07-20 13:50:00+05:30,190.0,190.52,190.0,190.28,12884.0
2026-07-20 13:55:00+05:30,190.28,190.73,190.22,190.49,5397.0
2026-07-20 14:00:00+05:30,190.5,190.55,190.21,190.36,5853.0
2026-07-20 14:05:00+05:30,190.36,190.49,190.26,190.43,3481.0
2026-07-20 14:10:00+05:30,190.44,190.44,189.45,189.72,14346.0
2026-07-20 14:15:00+05:30,189.72,189.72,188.35,188.35,34201.0
2026-07-20 14:20:00+05:30,188.4,189.0,188.15,188.71,16597.0
2026-07-20 14:25:00+05:30,188.71,189.49,188.6,189.35,44806.0
2026-07-20 14:30:00+05:30,189.25,189.34,188.88,189.03,4338.0
2026-07-20 14:35:00+05:30,189.04,189.5,188.8,189.44,11665.0
2026-07-20 14:40:00+05:30,189.42,189.46,189.06,189.18,5942.0
2026-07-20 14:45:00+05:30,189.18,189.19,188.85,189.18,11422.0
2026-07-20 14:50:00+05:30,189.18,189.18,188.82,189.09,9120.0
2026-07-20 14:55:00+05:30,189.15,189.15,188.5,188.87,17668.0
2026-07-20 15:00:00+05:30,188.75,189.0,188.5,188.5,7140.0
2026-07-20 15:05:00+05:30,188.31,188.66,188.05,188.59,40911.0
2026-07-20 15:10:00+05:30,188.9,188.94,188.23,188.84,41151.0
2026-07-20 15:15:00+05:30,188.73,189.03,188.5,188.93,36123.0
2026-07-20 15:20:00+05:30,188.78,189.43,188.2,189.13,38570.0
2026-07-20 15:25:00+05:30,189.02,189.2,188.1,188.29,58970.0
2026-07-21 09:15:00+05:30,188.63,191.79,188.16,190.7,82139.0
2026-07-21 09:20:00+05:30,190.99,191.67,190.61,191.3,26543.0
2026-07-21 09:25:00+05:30,191.26,191.8,191.0,191.52,33722.0
2026-07-21 09:30:00+05:30,191.43,194.16,191.43,193.4,123060.0
2026-07-21 09:35:00+05:30,193.4,193.49,191.3,192.0,46868.0
2026-07-21 09:40:00+05:30,192.0,192.12,191.01,191.36,9095.0
2026-07-21 09:45:00+05:30,191.41,191.54,191.1,191.39,8153.0
2026-07-21 09:50:00+05:30,191.3,191.37,190.8,190.99,23337.0
2026-07-21 09:55:00+05:30,190.98,191.39,190.7,190.79,12642.0
2026-07-21 10:00:00+05:30,190.71,190.71,190.0,190.4,20906.0
2026-07-21 10:05:00+05:30,190.35,190.35,190.01,190.11,7360.0
2026-07-21 10:10:00+05:30,190.2,190.22,189.35,190.05,32739.0
2026-07-21 10:15:00+05:30,190.05,191.0,190.05,190.5,30780.0
2026-07-21 10:20:00+05:30,190.5,190.5,190.07,190.31,9664.0
2026-07-21 10:25:00+05:30,190.11,190.3,190.01,190.2,8462.0
2026-07-21 10:30:00+05:30,190.22,190.55,190.01,190.33,8932.0
2026-07-21 10:35:00+05:30,190.33,190.52,189.75,189.85,10868.0
2026-07-21 10:40:00+05:30,190.03,190.17,189.7,190.17,7139.0
2026-07-21 10:45:00+05:30,190.05,190.44,190.05,190.06,3421.0
2026-07-21 10:50:00+05:30,190.11,190.28,188.87,189.22,50652.0
2026-07-21 10:55:00+05:30,189.4,189.46,189.05,189.45,6266.0
2026-07-21 11:00:00+05:30,189.45,189.99,189.0,189.95,14554.0
2026-07-21 11:05:00+05:30,189.81,189.98,189.61,189.62,2983.0
2026-07-21 11:10:00+05:30,189.61,189.67,189.48,189.56,1227.0
2026-07-21 11:15:00+05:30,189.55,189.55,189.02,189.33,10579.0
2026-07-21 11:20:00+05:30,189.21,189.76,189.14,189.5,6340.0
2026-07-21 11:25:00+05:30,189.5,189.8,189.5,189.61,2447.0
2026-07-21 11:30:00+05:30,189.5,189.7,189.5,189.65,1328.0
2026-07-21 11:35:00+05:30,189.64,189.65,189.34,189.56,4381.0
2026-07-21 11:40:00+05:30,189.56,189.56,189.2,189.22,2661.0
2026-07-21 11:45:00+05:30,189.2,189.4,189.2,189.2,3894.0
2026-07-21 11:50:00+05:30,189.2,189.34,189.0,189.13,4186.0
2026-07-21 11:55:00+05:30,189.01,193.65,189.01,193.25,124740.0
2026-07-21 12:00:00+05:30,193.3,193.39,192.8,192.8,15754.0
2026-07-21 12:05:00+05:30,192.8,192.8,192.13,192.42,10668.0
2026-07-21 12:10:00+05:30,192.78,192.99,192.14,192.67,10925.0
2026-07-21 12:15:00+05:30,192.69,195.89,192.6,195.71,86851.0
2026-07-21 12:20:00+05:30,195.79,196.59,193.51,193.52,74065.0
2026-07-21 12:25:00+05:30,193.7,194.0,193.01,193.35,29557.0
2026-07-21 12:30:00+05:30,193.31,193.45,193.05,193.23,7200.0
2026-07-21 12:35:00+05:30,193.24,193.42,192.72,193.16,20565.0
2026-07-21 12:40:00+05:30,193.27,193.63,192.81,193.27,8316.0
2026-07-21 12:45:00+05:30,193.21,193.28,192.81,193.01,2605.0
2026-07-21 12:50:00+05:30,192.81,193.46,192.64,192.8,6886.0
2026-07-21 12:55:00+05:30,192.8,192.8,192.5,192.7,4753.0
2026-07-21 13:00:00+05:30,192.8,192.8,192.15,192.5,8827.0
2026-07-21 13:05:00+05:30,192.48,192.9,192.32,192.54,6901.0
2026-07-21 13:10:00+05:30,192.45,192.68,192.36,192.68,1669.0
2026-07-21 13:15:00+05:30,192.58,192.58,192.2,192.32,6050.0
2026-07-21 13:20:00+05:30,192.24,192.46,192.24,192.46,386.0
2026-07-21 13:25:00+05:30,192.48,192.49,192.1,192.1,14236.0
2026-07-21 13:30:00+05:30,192.17,192.3,192.0,192.1,62617.0
2026-07-21 13:35:00+05:30,192.16,192.4,192.0,192.1,9517.0
2026-07-21 13:40:00+05:30,192.05,192.4,192.05,192.12,3418.0
2026-07-21 13:45:00+05:30,192.25,192.47,192.18,192.28,705.0
2026-07-21 13:50:00+05:30,192.13,192.5,192.12,192.5,1517.0
2026-07-21 13:55:00+05:30,192.5,192.5,192.14,192.45,2666.0
2026-07-21 14:00:00+05:30,192.21,192.45,192.14,192.33,997.0
2026-07-21 14:05:00+05:30,192.14,192.69,192.14,192.55,6015.0
2026-07-21 14:10:00+05:30,192.55,192.85,192.55,192.65,3327.0
2026-07-21 14:15:00+05:30,192.65,193.05,192.5,192.7,8316.0
2026-07-21 14:20:00+05:30,192.7,192.85,192.7,192.71,5779.0
2026-07-21 14:25:00+05:30,192.73,192.89,192.73,192.75,6839.0
2026-07-21 14:30:00+05:30,192.84,193.39,192.76,193.23,10614.0
2026-07-21 14:35:00+05:30,193.32,193.45,192.76,192.94,12495.0
2026-07-21 14:40:00+05:30,193.14,193.14,192.01,192.28,11571.0
2026-07-21 14:45:00+05:30,192.06,192.3,192.0,192.21,12686.0
2026-07-21 14:50:00+05:30,192.11,193.95,191.44,193.59,63630.0
2026-07-21 14:55:00+05:30,193.63,193.92,193.07,193.12,25479.0
2026-07-21 15:00:00+05:30,193.07,193.3,193.0,193.08,9524.0
2026-07-21 15:05:00+05:30,193.07,195.25,193.07,195.18,64734.0
2026-07-21 15:10:00+05:30,195.39,195.4,194.34,194.83,29683.0
2026-07-21 15:15:00+05:30,194.91,194.93,194.16,194.23,19283.0
2026-07-21 15:20:00+05:30,194.23,195.0,194.17,194.43,39241.0
2026-07-21 15:25:00+05:30,194.8,194.99,194.13,194.36,55845.0
2026-07-22 09:15:00+05:30,194.0,194.0,192.01,192.98,42864.0
2026-07-22 09:20:00+05:30,192.92,193.14,192.0,192.34,29358.0
2026-07-22 09:25:00+05:30,192.33,192.56,191.35,191.74,27134.0
2026-07-22 09:30:00+05:30,191.36,191.72,191.22,191.22,11118.0
2026-07-22 09:35:00+05:30,191.28,191.59,190.35,191.53,51962.0
2026-07-22 09:40:00+05:30,191.74,195.7,191.6,195.62,125772.0
2026-07-22 09:45:00+05:30,195.62,195.62,193.76,194.71,26155.0
2026-07-22 09:50:00+05:30,194.6,194.71,194.21,194.21,8371.0
2026-07-22 09:55:00+05:30,194.21,195.39,194.21,194.4,33763.0
2026-07-22 10:00:00+05:30,194.68,195.99,194.62,195.88,37271.0
2026-07-22 10:05:00+05:30,195.88,196.39,195.57,195.66,51294.0
2026-07-22 10:10:00+05:30,195.55,195.8,195.25,195.25,9299.0
2026-07-22 10:15:00+05:30,195.25,195.94,195.04,195.2,13542.0
2026-07-22 10:20:00+05:30,195.2,196.09,195.2,195.5,46906.0
2026-07-22 10:25:00+05:30,195.5,195.5,194.41,195.02,16763.0
2026-07-22 10:30:00+05:30,195.15,195.15,194.0,194.0,28606.0
2026-07-22 10:35:00+05:30,194.0,194.28,193.0,193.71,25577.0
2026-07-22 10:40:00+05:30,193.71,194.26,193.31,194.08,7916.0
2026-07-22 10:45:00+05:30,194.18,194.59,193.85,194.38,6954.0
2026-07-22 10:50:00+05:30,194.28,194.4,194.1,194.1,2461.0
2026-07-22 10:55:00+05:30,194.3,194.39,193.9,194.0,7829.0
2026-07-22 11:00:00+05:30,194.55,194.55,193.8,193.8,6542.0
2026-07-22 11:05:00+05:30,193.8,193.99,193.43,193.59,7929.0
2026-07-22 11:10:00+05:30,193.45,193.71,193.38,193.38,1312.0
2026-07-22 11:15:00+05:30,193.39,193.8,193.07,193.4,8052.0
2026-07-22 11:20:00+05:30,193.35,193.87,193.3,193.5,2230.0
2026-07-22 11:25:00+05:30,193.4,193.55,193.4,193.41,2818.0
2026-07-22 11:30:00+05:30,193.37,193.64,193.34,193.57,3068.0
2026-07-22 11:35:00+05:30,193.4,193.59,193.33,193.33,1519.0
2026-07-22 11:40:00+05:30,193.33,193.48,193.26,193.43,4060.0
2026-07-22 11:45:00+05:30,193.19,193.55,193.0,193.55,4124.0
2026-07-22 11:50:00+05:30,193.34,193.54,193.11,193.16,3151.0
2026-07-22 11:55:00+05:30,193.35,193.35,193.05,193.1,3754.0
2026-07-22 12:00:00+05:30,193.1,193.47,193.0,193.09,24257.0
2026-07-22 12:05:00+05:30,193.08,193.33,193.0,193.0,5450.0
2026-07-22 12:10:00+05:30,193.05,193.45,193.0,193.35,13593.0
2026-07-22 12:15:00+05:30,193.4,193.46,193.03,193.23,3915.0
2026-07-22 12:20:00+05:30,193.21,193.3,193.01,193.1,5917.0
2026-07-22 12:25:00+05:30,193.1,193.27,193.0,193.27,2166.0
2026-07-22 12:30:00+05:30,193.04,193.28,193.0,193.28,4355.0
2026-07-22 12:35:00+05:30,193.07,193.28,193.0,193.06,2927.0
2026-07-22 12:40:00+05:30,193.0,193.23,192.35,192.35,110209.0
2026-07-22 12:45:00+05:30,192.43,192.61,190.25,191.23,54896.0
2026-07-22 12:50:00+05:30,190.95,191.75,190.95,191.25,10872.0
2026-07-22 12:55:00+05:30,191.31,191.61,191.11,191.61,5120.0
2026-07-22 13:00:00+05:30,191.31,191.39,191.07,191.07,3219.0
2026-07-22 13:05:00+05:30,191.07,191.3,191.05,191.06,1490.0
2026-07-22 13:10:00+05:30,191.26,191.29,191.02,191.12,2511.0
2026-07-22 13:15:00+05:30,191.12,191.75,191.11,191.3,6241.0
2026-07-22 13:20:00+05:30,191.61,191.99,191.27,191.94,16558.0
2026-07-22 13:25:00+05:30,191.6,191.68,191.35,191.35,2398.0
2026-07-22 13:30:00+05:30,191.46,191.61,191.3,191.61,4130.0
2026-07-22 13:35:00+05:30,191.67,191.78,191.61,191.78,1173.0
2026-07-22 13:40:00+05:30,191.79,191.79,191.41,191.52,4939.0
2026-07-22 13:45:00+05:30,191.47,191.58,191.27,191.27,5152.0
2026-07-22 13:50:00+05:30,191.02,191.19,191.02,191.18,838.0
2026-07-22 13:55:00+05:30,191.19,191.19,190.25,190.34,14249.0
2026-07-22 14:00:00+05:30,190.33,190.65,190.25,190.4,8449.0
2026-07-22 14:05:00+05:30,190.44,190.51,190.36,190.37,3515.0
2026-07-22 14:10:00+05:30,190.36,190.39,189.5,189.62,23960.0
2026-07-22 14:15:00+05:30,189.65,190.05,189.65,190.05,3085.0
2026-07-22 14:20:00+05:30,190.06,190.25,190.03,190.13,3821.0
2026-07-22 14:25:00+05:30,190.12,190.13,189.85,190.02,1773.0
2026-07-22 14:30:00+05:30,190.02,190.52,189.86,190.52,12332.0
2026-07-22 14:35:00+05:30,190.39,190.45,190.12,190.15,2249.0
2026-07-22 14:40:00+05:30,190.11,190.88,189.8,189.85,14230.0
2026-07-22 14:45:00+05:30,189.97,190.28,189.5,189.73,7001.0
2026-07-22 14:50:00+05:30,189.47,189.92,189.37,189.72,5856.0
2026-07-22 14:55:00+05:30,189.9,190.85,189.42,190.8,28144.0
2026-07-22 15:00:00+05:30,190.68,190.68,190.01,190.19,4669.0
2026-07-22 15:05:00+05:30,190.1,190.69,190.1,190.39,19042.0
2026-07-22 15:10:00+05:30,190.2,190.64,190.2,190.4,10655.0
2026-07-22 15:15:00+05:30,190.3,190.58,190.2,190.25,25184.0
2026-07-22 15:20:00+05:30,190.25,190.81,190.25,190.5,36033.0
2026-07-22 15:25:00+05:30,190.74,190.95,190.0,190.15,34530.0
2026-07-23 09:15:00+05:30,190.0,191.4,189.15,190.43,35978.0
2026-07-23 09:20:00+05:30,190.03,191.99,190.0,191.17,44345.0
2026-07-23 09:25:00+05:30,191.58,191.68,190.61,190.85,9130.0
2026-07-23 09:30:00+05:30,190.78,190.9,190.05,190.17,20822.0
2026-07-23 09:35:00+05:30,190.05,192.1,189.5,191.5,48587.0
2026-07-23 09:40:00+05:30,191.59,191.59,190.5,190.68,4682.0
2026-07-23 09:45:00+05:30,190.48,190.65,190.07,190.25,2009.0
2026-07-23 09:50:00+05:30,190.25,190.51,190.2,190.21,5655.0
2026-07-23 09:55:00+05:30,190.34,191.75,190.34,191.75,10783.0
2026-07-23 10:00:00+05:30,191.65,191.92,191.32,191.78,11106.0
2026-07-23 10:05:00+05:30,191.99,192.0,191.0,191.0,10161.0
2026-07-23 10:10:00+05:30,191.03,191.8,191.03,191.45,16090.0
2026-07-23 10:15:00+05:30,191.45,191.68,191.33,191.38,986.0
2026-07-23 10:20:00+05:30,191.4,191.5,191.06,191.25,14296.0
2026-07-23 10:25:00+05:30,191.26,191.26,190.6,190.7,4775.0
2026-07-23 10:30:00+05:30,190.79,190.79,190.6,190.75,4302.0
2026-07-23 10:35:00+05:30,190.83,191.16,190.51,191.0,8101.0
2026-07-23 10:40:00+05:30,191.0,192.9,191.0,192.25,32184.0
2026-07-23 10:45:00+05:30,192.25,192.55,191.96,192.29,6352.0
2026-07-23 10:50:00+05:30,192.31,192.85,192.31,192.74,14645.0
2026-07-23 10:55:00+05:30,192.76,192.76,192.42,192.48,4307.0
2026-07-23 11:00:00+05:30,192.4,193.23,192.4,193.0,25015.0
2026-07-23 11:05:00+05:30,193.08,194.08,193.08,194.08,44021.0
2026-07-23 11:10:00+05:30,194.5,201.0,194.48,200.55,291084.0
2026-07-23 11:15:00+05:30,200.56,201.79,197.5,198.86,179948.0
2026-07-23 11:20:00+05:30,198.8,199.5,197.95,198.35,87951.0
2026-07-23 11:25:00+05:30,198.35,198.41,197.55,198.0,27388.0
2026-07-23 11:30:00+05:30,198.2,201.46,198.2,200.44,158024.0
2026-07-23 11:35:00+05:30,200.3,201.44,198.81,199.2,103963.0
2026-07-23 11:40:00+05:30,199.2,199.2,197.97,198.5,49151.0
2026-07-23 11:45:00+05:30,198.69,198.7,196.68,196.9,62822.0
2026-07-23 11:50:00+05:30,196.92,197.25,196.56,197.25,27889.0
2026-07-23 11:55:00+05:30,197.0,197.2,196.81,197.0,12975.0
2026-07-23 12:00:00+05:30,196.87,197.53,196.82,196.9,23343.0
2026-07-23 12:05:00+05:30,196.8,197.39,196.8,197.19,6522.0
2026-07-23 12:10:00+05:30,197.19,197.36,197.0,197.07,8857.0
2026-07-23 12:15:00+05:30,197.0,198.47,197.0,198.47,11583.0
2026-07-23 12:20:00+05:30,198.48,199.99,198.48,199.79,71921.0
2026-07-23 12:25:00+05:30,199.79,199.89,198.58,198.6,23557.0
2026-07-23 12:30:00+05:30,198.99,199.0,197.63,198.5,17581.0
2026-07-23 12:35:00+05:30,198.6,198.67,197.95,198.0,20213.0
2026-07-23 12:40:00+05:30,198.35,198.44,197.04,197.46,33987.0
2026-07-23 12:45:00+05:30,197.71,197.71,196.65,197.19,26112.0
2026-07-23 12:50:00+05:30,197.18,198.0,197.01,197.53,17718.0
2026-07-23 12:55:00+05:30,197.18,199.89,197.18,199.53,94686.0
2026-07-23 13:00:00+05:30,199.36,199.41,196.86,197.0,55985.0
2026-07-23 13:05:00+05:30,196.83,196.84,196.2,196.52,21109.0
2026-07-23 13:10:00+05:30,196.49,197.81,196.3,197.28,59964.0
2026-07-23 13:15:00+05:30,197.49,197.82,197.0,197.17,13814.0
2026-07-23 13:20:00+05:30,197.35,199.25,197.22,199.25,73871.0
2026-07-23 13:25:00+05:30,199.14,199.8,198.45,198.74,48331.0
2026-07-23 13:30:00+05:30,198.74,199.0,198.27,198.27,8041.0
2026-07-23 13:35:00+05:30,198.22,198.97,197.11,197.52,31999.0
2026-07-23 13:40:00+05:30,197.49,197.76,197.15,197.3,8886.0
2026-07-23 13:45:00+05:30,197.6,198.91,197.3,198.67,87576.0
2026-07-23 13:50:00+05:30,198.9,198.9,197.2,197.33,34129.0
2026-07-23 13:55:00+05:30,197.32,197.39,196.1,196.42,35457.0
2026-07-23 14:00:00+05:30,196.38,196.74,196.18,196.31,6307.0
2026-07-23 14:05:00+05:30,196.29,196.54,196.1,196.15,13341.0
2026-07-23 14:10:00+05:30,196.15,196.49,195.34,195.44,32433.0
2026-07-23 14:15:00+05:30,195.4,195.48,194.5,194.88,41786.0
2026-07-23 14:20:00+05:30,194.77,194.92,194.28,194.76,34514.0
2026-07-23 14:25:00+05:30,194.91,194.94,194.0,194.25,34874.0
2026-07-23 14:30:00+05:30,194.34,194.82,194.05,194.7,10780.0
2026-07-23 14:35:00+05:30,194.7,194.99,193.31,193.31,43600.0
2026-07-23 14:40:00+05:30,193.5,193.8,193.5,193.8,6041.0
2026-07-23 14:45:00+05:30,193.8,193.8,193.16,193.68,24533.0
2026-07-23 14:50:00+05:30,193.68,193.95,193.34,193.65,16716.0
2026-07-23 14:55:00+05:30,193.52,193.75,193.2,193.21,9379.0
2026-07-23 15:00:00+05:30,193.42,193.76,193.05,193.73,14344.0
2026-07-23 15:05:00+05:30,193.73,193.98,193.72,193.87,18258.0
2026-07-23 15:10:00+05:30,193.8,193.8,193.02,193.43,27982.0
2026-07-23 15:15:00+05:30,193.51,193.51,192.51,193.0,84662.0
2026-07-23 15:20:00+05:30,193.05,193.78,192.85,193.5,33723.0
2026-07-23 15:25:00+05:30,193.5,193.69,192.25,193.5,90290.0
2026-07-24 09:15:00+05:30,190.99,193.34,190.56,193.0,68593.0
2026-07-24 09:20:00+05:30,192.9,194.22,192.7,193.28,62332.0
2026-07-24 09:25:00+05:30,193.39,193.39,192.01,192.16,15046.0
2026-07-24 09:30:00+05:30,192.16,192.24,191.35,191.68,13943.0
2026-07-24 09:35:00+05:30,191.68,191.99,191.01,191.88,28296.0
2026-07-24 09:40:00+05:30,192.12,193.53,191.5,193.31,27063.0
2026-07-24 09:45:00+05:30,193.27,193.3,191.42,191.65,16893.0
2026-07-24 09:50:00+05:30,191.45,191.95,191.44,191.6,8668.0
2026-07-24 09:55:00+05:30,191.55,191.6,190.7,190.85,21095.0
2026-07-24 10:00:00+05:30,190.85,190.94,189.06,189.59,48508.0
2026-07-24 10:05:00+05:30,189.59,189.81,189.19,189.48,14562.0
2026-07-24 10:10:00+05:30,189.48,189.64,189.1,189.35,5581.0
2026-07-24 10:15:00+05:30,189.22,189.54,189.01,189.36,12282.0
2026-07-24 10:20:00+05:30,189.36,189.61,189.16,189.61,11153.0
2026-07-24 10:25:00+05:30,189.61,191.04,189.61,190.46,26046.0
2026-07-24 10:30:00+05:30,190.23,190.57,190.23,190.48,2636.0
2026-07-24 10:35:00+05:30,190.48,191.18,190.21,191.07,7362.0
2026-07-24 10:40:00+05:30,191.11,191.98,190.71,191.98,13800.0
2026-07-24 10:45:00+05:30,191.99,192.51,191.9,192.34,14554.0
2026-07-24 10:50:00+05:30,192.7,193.47,192.12,192.12,20664.0
2026-07-24 10:55:00+05:30,192.25,192.25,191.46,191.65,8304.0
2026-07-24 11:00:00+05:30,191.64,191.65,191.21,191.51,5825.0
2026-07-24 11:05:00+05:30,191.75,191.75,190.35,190.6,20975.0
2026-07-24 11:10:00+05:30,190.6,190.96,190.45,190.59,7472.0
2026-07-24 11:15:00+05:30,190.4,190.79,190.17,190.36,7701.0
2026-07-24 11:20:00+05:30,190.56,191.34,190.49,191.33,10284.0
2026-07-24 11:25:00+05:30,191.33,191.48,190.87,190.89,5168.0
2026-07-24 11:30:00+05:30,190.92,191.49,190.92,191.0,33308.0
2026-07-24 11:35:00+05:30,191.03,191.45,191.03,191.36,1611.0
2026-07-24 11:40:00+05:30,191.45,192.55,191.45,192.25,6599.0
2026-07-24 11:45:00+05:30,192.59,192.6,192.15,192.45,9388.0
2026-07-24 11:50:00+05:30,192.5,192.61,192.45,192.6,3538.0
2026-07-24 11:55:00+05:30,192.6,192.7,192.37,192.49,4437.0
2026-07-24 12:00:00+05:30,192.5,192.7,192.3,192.35,5436.0
2026-07-24 12:05:00+05:30,192.32,192.69,192.32,192.59,2092.0
2026-07-24 12:10:00+05:30,192.39,192.6,192.2,192.2,1566.0
2026-07-24 12:15:00+05:30,192.54,192.54,191.85,192.17,5492.0
2026-07-24 12:20:00+05:30,192.16,192.45,191.64,191.79,11005.0
2026-07-24 12:25:00+05:30,191.96,192.0,191.5,191.83,5294.0
2026-07-24 12:30:00+05:30,191.88,192.38,191.82,191.82,11433.0
2026-07-24 12:35:00+05:30,191.82,192.0,191.36,191.8,18505.0
2026-07-24 12:40:00+05:30,191.89,192.39,191.76,192.01,4825.0
2026-07-24 12:45:00+05:30,191.86,192.25,191.86,192.01,2756.0
2026-07-24 12:50:00+05:30,192.02,192.15,191.26,191.62,67698.0
2026-07-24 12:55:00+05:30,191.6,191.75,191.58,191.66,2269.0
2026-07-24 13:00:00+05:30,191.65,191.74,191.2,191.2,6263.0
2026-07-24 13:05:00+05:30,191.16,191.16,190.36,190.81,10119.0
2026-07-24 13:10:00+05:30,190.81,191.09,190.5,191.03,2976.0
2026-07-24 13:15:00+05:30,191.14,191.39,191.07,191.12,1976.0
2026-07-24 13:20:00+05:30,191.12,192.0,191.12,192.0,5161.0
2026-07-24 13:25:00+05:30,192.1,192.16,191.99,192.01,2663.0
2026-07-24 13:30:00+05:30,192.0,192.0,191.7,191.7,5843.0
2026-07-24 13:35:00+05:30,191.52,191.76,191.07,191.62,3461.0
2026-07-24 13:40:00+05:30,191.62,191.7,191.61,191.62,2486.0
2026-07-24 13:45:00+05:30,191.61,192.85,191.6,192.5,36273.0
2026-07-24 13:50:00+05:30,192.5,193.35,192.5,193.1,24189.0
2026-07-24 13:55:00+05:30,193.2,193.62,193.06,193.62,10373.0
2026-07-24 14:00:00+05:30,193.63,194.5,193.63,194.4,23719.0
2026-07-24 14:05:00+05:30,194.4,194.41,194.0,194.0,11070.0
2026-07-24 14:10:00+05:30,193.73,193.88,193.37,193.62,7316.0
2026-07-24 14:15:00+05:30,193.66,193.66,193.16,193.5,6190.0
2026-07-24 14:20:00+05:30,193.58,193.66,193.16,193.4,10837.0
2026-07-24 14:25:00+05:30,193.4,193.8,193.33,193.8,6564.0
2026-07-24 14:30:00+05:30,193.8,195.15,193.8,194.59,50648.0
2026-07-24 14:35:00+05:30,194.79,194.79,193.56,193.74,9764.0
2026-07-24 14:40:00+05:30,193.74,193.74,193.15,193.4,8558.0
2026-07-24 14:45:00+05:30,193.4,193.5,193.18,193.41,5415.0
2026-07-24 14:50:00+05:30,193.5,193.5,193.2,193.5,12158.0
2026-07-24 14:55:00+05:30,193.5,193.79,193.41,193.78,6661.0
2026-07-24 15:00:00+05:30,193.86,193.86,193.02,193.57,16408.0
2026-07-24 15:05:00+05:30,193.61,194.83,193.4,194.83,41240.0
2026-07-24 15:10:00+05:30,194.96,195.9,194.63,195.38,49996.0
2026-07-24 15:15:00+05:30,195.28,195.5,194.56,195.0,38333.0
2026-07-24 15:20:00+05:30,195.0,195.5,194.63,194.8,45534.0
2026-07-24 15:25:00+05:30,194.65,195.7,194.0,194.0,35968.0
2026-07-27 09:15:00+05:30,196.75,200.0,196.74,197.9,163913.0
2026-07-27 09:20:00+05:30,197.85,202.74,197.41,201.73,110300.0
2026-07-27 09:25:00+05:30,201.75,202.05,200.06,201.5,98626.0
2026-07-27 09:30:00+05:30,201.65,201.66,200.0,201.66,51081.0
2026-07-27 09:35:00+05:30,201.89,203.89,201.55,203.5,121173.0
2026-07-27 09:40:00+05:30,203.5,204.88,203.32,204.31,138882.0
2026-07-27 09:45:00+05:30,204.5,205.74,203.98,203.98,268343.0
2026-07-27 09:50:00+05:30,204.1,204.37,203.03,203.5,56247.0
2026-07-27 09:55:00+05:30,203.2,203.49,202.45,203.1,52662.0
2026-07-27 10:00:00+05:30,203.25,204.85,202.95,204.85,41287.0
2026-07-27 10:05:00+05:30,204.8,205.3,204.5,204.5,52217.0
2026-07-27 10:10:00+05:30,204.62,204.62,203.28,203.52,40011.0
2026-07-27 10:15:00+05:30,203.52,203.59,201.53,201.67,52026.0
2026-07-27 10:20:00+05:30,201.9,202.39,200.8,201.78,70488.0
2026-07-27 10:25:00+05:30,201.6,203.19,201.6,202.2,41395.0
2026-07-27 10:30:00+05:30,202.0,202.1,201.27,201.42,16987.0
2026-07-27 10:35:00+05:30,201.36,201.92,201.04,201.4,11548.0
2026-07-27 10:40:00+05:30,201.4,202.48,201.16,202.03,14480.0
2026-07-27 10:45:00+05:30,201.88,201.88,199.13,199.5,42244.0
2026-07-27 10:50:00+05:30,199.54,199.88,199.11,199.47,37878.0
2026-07-27 10:55:00+05:30,199.55,199.78,199.2,199.45,8236.0
2026-07-27 11:00:00+05:30,199.41,200.44,199.41,199.6,13878.0
2026-07-27 11:05:00+05:30,199.54,200.02,199.42,199.74,7416.0
2026-07-27 11:10:00+05:30,199.53,199.79,198.56,199.15,44282.0
2026-07-27 11:15:00+05:30,199.18,200.14,199.01,200.14,21233.0
2026-07-27 11:20:00+05:30,199.8,199.95,199.5,199.5,5505.0
2026-07-27 11:25:00+05:30,199.4,199.51,199.05,199.12,4927.0
2026-07-27 11:30:00+05:30,199.24,203.5,199.04,201.9,89438.0
2026-07-27 11:35:00+05:30,201.82,202.08,201.4,201.54,19550.0
2026-07-27 11:40:00+05:30,201.53,202.33,201.5,202.32,27594.0
2026-07-27 11:45:00+05:30,202.34,202.34,200.66,201.31,20131.0
2026-07-27 11:50:00+05:30,201.15,201.27,200.8,200.98,3422.0
2026-07-27 11:55:00+05:30,200.96,200.99,200.2,200.38,4263.0
2026-07-27 12:00:00+05:30,200.5,200.5,200.05,200.29,3789.0
2026-07-27 12:05:00+05:30,200.16,200.79,200.05,200.66,8294.0
2026-07-27 12:10:00+05:30,200.62,200.94,200.38,200.77,4856.0
2026-07-27 12:15:00+05:30,200.57,200.94,200.38,200.38,14101.0
2026-07-27 12:20:00+05:30,200.1,200.38,200.1,200.38,3610.0
2026-07-27 12:25:00+05:30,200.18,200.4,200.01,200.19,3439.0
2026-07-27 12:30:00+05:30,199.71,200.0,199.4,199.75,12076.0
2026-07-27 12:35:00+05:30,199.75,199.8,199.0,199.34,24857.0
2026-07-27 12:40:00+05:30,199.31,199.5,199.05,199.27,3808.0
2026-07-27 12:45:00+05:30,199.47,199.47,199.0,199.37,15729.0
2026-07-27 12:50:00+05:30,199.11,199.32,199.01,199.24,4048.0
2026-07-27 12:55:00+05:30,199.23,199.32,198.52,198.52,7448.0
2026-07-27 13:00:00+05:30,198.5,198.5,198.2,198.35,10474.0
2026-07-27 13:05:00+05:30,198.35,198.54,198.3,198.43,3663.0
2026-07-27 13:10:00+05:30,198.43,198.59,198.21,198.31,6830.0
2026-07-27 13:15:00+05:30,198.2,198.71,198.2,198.57,4098.0
2026-07-27 13:20:00+05:30,198.46,198.61,198.2,198.3,5557.0
2026-07-27 13:25:00+05:30,198.23,198.37,198.15,198.28,2831.0
2026-07-27 13:30:00+05:30,198.01,198.36,197.65,198.36,23025.0
2026-07-27 13:35:00+05:30,198.2,198.49,197.86,198.43,3389.0
2026-07-27 13:40:00+05:30,198.39,198.39,197.7,197.71,6887.0
2026-07-27 13:45:00+05:30,197.65,197.91,197.58,197.58,1139.0
2026-07-27 13:50:00+05:30,197.6,197.86,197.6,197.6,1703.0
2026-07-27 13:55:00+05:30,197.6,197.86,197.5,197.6,6453.0
2026-07-27 14:00:00+05:30,197.6,197.95,197.6,197.8,6669.0
2026-07-27 14:05:00+05:30,197.62,197.62,197.01,197.24,10332.0
2026-07-27 14:10:00+05:30,197.31,197.48,197.21,197.48,6668.0
2026-07-27 14:15:00+05:30,197.52,198.02,197.49,198.02,14521.0
2026-07-27 14:20:00+05:30,198.02,198.18,197.71,198.18,6063.0
2026-07-27 14:25:00+05:30,198.14,198.5,197.95,198.28,9133.0
2026-07-27 14:30:00+05:30,198.05,199.1,198.05,198.61,22073.0
2026-07-27 14:35:00+05:30,198.58,198.99,198.13,198.45,9221.0
2026-07-27 14:40:00+05:30,198.65,198.7,198.5,198.69,5481.0
2026-07-27 14:45:00+05:30,198.51,198.78,198.5,198.55,1426.0
2026-07-27 14:50:00+05:30,198.45,198.45,198.1,198.23,11222.0
2026-07-27 14:55:00+05:30,198.23,198.24,198.11,198.2,6974.0
2026-07-27 15:00:00+05:30,198.17,198.21,197.61,197.8,20817.0
2026-07-27 15:05:00+05:30,197.8,198.48,197.8,198.19,21916.0
2026-07-27 15:10:00+05:30,198.42,198.72,198.23,198.28,24109.0
2026-07-27 15:15:00+05:30,198.3,198.38,197.0,197.46,45353.0
2026-07-27 15:20:00+05:30,197.46,197.59,196.2,196.48,51796.0
2026-07-27 15:25:00+05:30,196.49,197.0,196.0,197.0,62306.0
2026-07-28 09:15:00+05:30,197.0,197.26,194.23,194.64,69498.0
2026-07-28 09:20:00+05:30,194.71,196.79,194.71,195.8,63612.0
2026-07-28 09:25:00+05:30,195.8,198.5,195.65,196.68,74434.0
2026-07-28 09:30:00+05:30,196.82,197.0,196.06,196.06,11039.0
2026-07-28 09:35:00+05:30,196.14,196.2,195.37,195.59,18637.0
2026-07-28 09:40:00+05:30,195.66,195.68,194.4,194.77,26434.0
2026-07-28 09:45:00+05:30,194.61,194.88,192.35,193.29,82747.0
2026-07-28 09:50:00+05:30,193.07,193.5,191.0,192.95,134325.0
2026-07-28 09:55:00+05:30,192.69,194.0,192.62,192.72,48538.0
2026-07-28 10:00:00+05:30,192.71,193.31,192.4,192.61,15757.0
2026-07-28 10:05:00+05:30,193.04,193.05,192.5,192.57,14401.0
2026-07-28 10:10:00+05:30,192.75,193.58,192.67,193.19,8497.0
2026-07-28 10:15:00+05:30,193.36,193.75,193.08,193.53,9338.0
2026-07-28 10:20:00+05:30,193.73,193.74,193.12,193.36,3321.0
2026-07-28 10:25:00+05:30,193.34,193.99,193.27,193.67,7264.0
2026-07-28 10:30:00+05:30,193.7,193.7,193.06,193.4,4798.0
2026-07-28 10:35:00+05:30,193.47,193.68,193.35,193.44,2516.0
2026-07-28 10:40:00+05:30,193.44,193.48,193.25,193.48,933.0
2026-07-28 10:45:00+05:30,193.49,193.5,193.02,193.02,6961.0
2026-07-28 10:50:00+05:30,193.3,193.41,193.3,193.3,1033.0
2026-07-28 10:55:00+05:30,193.15,193.45,193.06,193.1,1884.0
2026-07-28 11:00:00+05:30,193.2,193.25,192.51,192.79,8895.0
2026-07-28 11:05:00+05:30,192.91,193.19,192.79,193.0,3641.0
2026-07-28 11:10:00+05:30,193.01,193.34,192.51,192.51,13815.0
2026-07-28 11:15:00+05:30,192.69,192.88,192.22,192.3,10247.0
2026-07-28 11:20:00+05:30,192.3,193.04,192.3,192.99,4788.0
2026-07-28 11:25:00+05:30,192.84,192.96,192.25,192.77,5604.0
2026-07-28 11:30:00+05:30,192.91,192.95,192.08,192.3,7498.0
2026-07-28 11:35:00+05:30,192.3,192.65,192.15,192.25,6831.0
2026-07-28 11:40:00+05:30,192.31,192.31,191.3,191.73,68663.0
2026-07-28 11:45:00+05:30,191.75,191.79,191.4,191.75,10578.0
2026-07-28 11:50:00+05:30,191.73,192.51,191.73,192.34,16452.0
2026-07-28 11:55:00+05:30,192.11,192.22,191.3,191.59,15405.0
2026-07-28 12:00:00+05:30,191.59,191.6,191.3,191.45,11326.0
2026-07-28 12:05:00+05:30,191.25,191.51,191.1,191.42,22722.0
2026-07-28 12:10:00+05:30,191.45,191.45,190.15,190.33,48928.0
2026-07-28 12:15:00+05:30,190.45,190.5,189.45,190.0,57859.0
2026-07-28 12:20:00+05:30,189.9,190.62,189.45,190.62,23841.0
2026-07-28 12:25:00+05:30,190.0,191.8,190.0,191.35,24640.0
2026-07-28 12:30:00+05:30,191.35,191.78,191.35,191.45,6406.0
2026-07-28 12:35:00+05:30,191.42,191.42,190.62,191.19,8623.0
2026-07-28 12:40:00+05:30,191.18,191.33,190.97,191.18,14021.0
2026-07-28 12:45:00+05:30,191.16,191.48,191.03,191.26,7904.0
2026-07-28 12:50:00+05:30,191.26,191.28,190.89,190.89,937.0
2026-07-28 12:55:00+05:30,190.72,191.31,190.72,191.31,1867.0
2026-07-28 13:00:00+05:30,191.35,191.35,190.76,190.96,3951.0
2026-07-28 13:05:00+05:30,190.95,191.0,190.11,191.0,7668.0
2026-07-28 13:10:00+05:30,190.91,190.91,190.61,190.84,754.0
2026-07-28 13:15:00+05:30,190.84,190.88,190.25,190.25,6199.0
2026-07-28 13:20:00+05:30,190.37,190.7,190.25,190.43,830.0
2026-07-28 13:25:00+05:30,190.45,190.72,190.41,190.71,1243.0
2026-07-28 13:30:00+05:30,190.74,192.5,190.55,192.5,38609.0
2026-07-28 13:35:00+05:30,192.5,192.57,191.6,191.84,39884.0
2026-07-28 13:40:00+05:30,191.99,191.99,191.1,191.29,4397.0
2026-07-28 13:45:00+05:30,191.56,191.56,191.18,191.18,2162.0
2026-07-28 13:50:00+05:30,191.21,191.84,191.21,191.64,2027.0
2026-07-28 13:55:00+05:30,191.65,191.96,191.61,191.61,643.0
2026-07-28 14:00:00+05:30,191.8,191.8,191.26,191.26,3944.0
2026-07-28 14:05:00+05:30,191.48,191.63,191.17,191.55,4781.0
2026-07-28 14:10:00+05:30,191.55,191.55,190.78,190.79,15733.0
2026-07-28 14:15:00+05:30,190.79,190.93,190.7,190.81,2603.0
2026-07-28 14:20:00+05:30,190.9,191.32,190.82,191.03,3675.0
2026-07-28 14:25:00+05:30,191.13,191.49,191.12,191.25,5933.0
2026-07-28 14:30:00+05:30,191.26,191.27,190.85,191.02,13150.0
2026-07-28 14:35:00+05:30,191.1,191.3,190.93,191.23,3038.0
2026-07-28 14:40:00+05:30,191.22,191.79,191.21,191.37,4535.0
2026-07-28 14:45:00+05:30,191.31,191.5,190.4,191.02,22726.0
2026-07-28 14:50:00+05:30,190.71,191.2,190.46,191.2,10149.0
2026-07-28 14:55:00+05:30,190.99,191.35,190.73,191.23,4333.0
2026-07-28 15:00:00+05:30,191.12,191.65,191.05,191.05,10679.0
2026-07-28 15:05:00+05:30,191.2,192.5,191.05,192.5,42283.0
2026-07-28 15:10:00+05:30,192.5,192.5,190.71,190.79,29617.0
2026-07-28 15:15:00+05:30,190.52,191.0,190.0,190.55,38329.0
2026-07-28 15:20:00+05:30,190.54,191.2,190.0,190.94,55562.0
2026-07-28 15:25:00+05:30,191.05,191.75,190.6,191.75,43989.0
2026-07-29 09:15:00+05:30,191.0,193.19,190.28,192.71,66738.0
2026-07-29 09:20:00+05:30,192.6,193.0,192.48,192.48,14504.0
2026-07-29 09:25:00+05:30,192.32,192.46,190.66,191.06,20146.0
2026-07-29 09:30:00+05:30,190.88,191.87,190.88,191.6,7684.0
2026-07-29 09:35:00+05:30,191.6,191.79,190.7,190.71,14031.0
2026-07-29 09:40:00+05:30,190.98,191.66,190.75,191.35,7010.0
2026-07-29 09:45:00+05:30,191.35,191.6,190.8,190.9,7665.0
2026-07-29 09:50:00+05:30,190.98,191.55,190.98,191.55,12847.0
2026-07-29 09:55:00+05:30,191.37,191.54,191.28,191.31,8309.0
2026-07-29 10:00:00+05:30,191.3,191.3,190.61,190.83,10024.0
2026-07-29 10:05:00+05:30,190.87,191.3,190.87,191.27,4054.0
2026-07-29 10:10:00+05:30,191.14,191.28,190.95,190.95,4241.0
2026-07-29 10:15:00+05:30,191.0,191.45,191.0,191.45,5337.0
2026-07-29 10:20:00+05:30,191.42,191.51,191.05,191.05,5414.0
2026-07-29 10:25:00+05:30,191.05,191.3,191.05,191.21,4302.0
2026-07-29 10:30:00+05:30,191.08,191.25,191.0,191.19,4160.0
2026-07-29 10:35:00+05:30,191.11,191.26,191.06,191.21,1546.0
2026-07-29 10:40:00+05:30,191.18,191.21,190.8,190.94,1295.0
2026-07-29 10:45:00+05:30,191.04,191.19,190.89,190.95,2750.0
2026-07-29 10:50:00+05:30,190.97,191.19,190.97,191.06,1559.0
2026-07-29 10:55:00+05:30,191.25,191.4,190.81,190.89,5402.0
2026-07-29 11:00:00+05:30,190.8,190.91,190.59,190.91,19375.0
2026-07-29 11:05:00+05:30,190.6,190.92,190.6,190.92,972.0
2026-07-29 11:10:00+05:30,190.84,190.92,190.68,190.92,1254.0
2026-07-29 11:15:00+05:30,190.92,190.92,190.65,190.68,1761.0
2026-07-29 11:20:00+05:30,190.75,190.9,190.51,190.53,10649.0
2026-07-29 11:25:00+05:30,190.47,190.47,190.22,190.22,3184.0
2026-07-29 11:30:00+05:30,190.0,190.5,190.0,190.5,46232.0
2026-07-29 11:35:00+05:30,190.5,190.5,190.21,190.21,708.0
2026-07-29 11:40:00+05:30,190.19,190.49,190.08,190.28,2735.0
2026-07-29 11:45:00+05:30,190.28,190.42,190.01,190.42,5230.0
2026-07-29 11:50:00+05:30,190.42,190.59,190.22,190.42,3423.0
2026-07-29 11:55:00+05:30,190.59,190.78,190.38,190.5,2427.0
2026-07-29 12:00:00+05:30,190.35,190.5,190.35,190.5,443.0
2026-07-29 12:05:00+05:30,190.6,190.6,190.42,190.58,1140.0
2026-07-29 12:10:00+05:30,190.51,190.77,190.51,190.63,930.0
2026-07-29 12:15:00+05:30,190.6,190.69,190.52,190.52,476.0
2026-07-29 12:20:00+05:30,190.71,190.85,190.52,190.57,1635.0
2026-07-29 12:25:00+05:30,190.6,190.94,190.46,190.82,4189.0
2026-07-29 12:30:00+05:30,190.61,190.66,190.45,190.45,1002.0
2026-07-29 12:35:00+05:30,190.56,190.59,190.1,190.45,6862.0
2026-07-29 12:40:00+05:30,190.4,190.4,189.77,189.93,28701.0
2026-07-29 12:45:00+05:30,189.92,190.06,189.62,189.85,9161.0
2026-07-29 12:50:00+05:30,189.87,190.24,189.87,190.21,7424.0
2026-07-29 12:55:00+05:30,190.16,190.2,189.96,189.96,1622.0
2026-07-29 13:00:00+05:30,189.9,190.02,189.61,190.02,8759.0
2026-07-29 13:05:00+05:30,189.8,190.02,189.55,190.0,4737.0
2026-07-29 13:10:00+05:30,190.0,190.54,189.85,190.36,22286.0
2026-07-29 13:15:00+05:30,190.08,190.64,190.05,190.3,4369.0
2026-07-29 13:20:00+05:30,189.85,190.34,189.85,190.34,10245.0
2026-07-29 13:25:00+05:30,190.35,190.35,190.0,190.11,1775.0
2026-07-29 13:30:00+05:30,190.0,190.11,189.64,190.09,5548.0
2026-07-29 13:35:00+05:30,190.09,190.2,189.6,190.2,4658.0
2026-07-29 13:40:00+05:30,189.9,189.9,189.66,189.89,1991.0
2026-07-29 13:45:00+05:30,189.88,190.46,189.73,190.44,7740.0
2026-07-29 13:50:00+05:30,190.45,190.45,190.13,190.43,3013.0
2026-07-29 13:55:00+05:30,190.23,190.41,189.72,189.72,7872.0
2026-07-29 14:00:00+05:30,189.72,190.24,189.72,190.0,2054.0
2026-07-29 14:05:00+05:30,189.94,190.3,189.94,190.02,1492.0
2026-07-29 14:10:00+05:30,190.0,190.44,189.95,190.42,4269.0
2026-07-29 14:15:00+05:30,190.04,190.31,189.95,189.99,3780.0
2026-07-29 14:20:00+05:30,190.24,190.24,189.59,190.0,6880.0
2026-07-29 14:25:00+05:30,189.76,190.0,189.7,189.71,6682.0
2026-07-29 14:30:00+05:30,189.96,189.98,189.0,189.1,47059.0
2026-07-29 14:35:00+05:30,189.1,189.44,188.9,188.9,58721.0
2026-07-29 14:40:00+05:30,188.9,189.57,188.9,189.46,8805.0
2026-07-29 14:45:00+05:30,189.23,189.5,189.01,189.37,5775.0
2026-07-29 14:50:00+05:30,189.37,189.59,189.07,189.42,9185.0
2026-07-29 14:55:00+05:30,189.42,189.42,189.12,189.35,4941.0
2026-07-29 15:00:00+05:30,189.17,189.5,189.01,189.27,20587.0
2026-07-29 15:05:00+05:30,189.06,189.89,189.01,189.64,68485.0
2026-07-29 15:10:00+05:30,189.84,191.0,189.52,190.0,19936.0
2026-07-29 15:15:00+05:30,189.99,189.99,189.16,189.66,18601.0
2026-07-29 15:20:00+05:30,189.64,189.74,189.2,189.74,13132.0
2026-07-29 15:25:00+05:30,189.66,189.74,188.0,189.0,60083.0
2026-07-30 09:15:00+05:30,189.0,189.0,185.3,186.65,84578.0
2026-07-30 09:20:00+05:30,186.66,187.48,186.21,187.41,69113.0
2026-07-30 09:25:00+05:30,187.22,188.95,187.14,188.75,42879.0
2026-07-30 09:30:00+05:30,188.75,189.5,188.5,188.99,25690.0
2026-07-30 09:35:00+05:30,188.99,191.6,188.61,191.2,88665.0
2026-07-30 09:40:00+05:30,191.0,192.0,191.0,191.67,68596.0
2026-07-30 09:45:00+05:30,191.42,191.42,190.12,190.12,11200.0
2026-07-30 09:50:00+05:30,190.14,191.69,190.14,190.9,28308.0
2026-07-30 09:55:00+05:30,191.09,191.57,190.72,190.72,10599.0
2026-07-30 10:00:00+05:30,190.65,190.65,190.0,190.16,15152.0
2026-07-30 10:05:00+05:30,190.5,191.33,190.5,190.89,16261.0
2026-07-30 10:10:00+05:30,190.88,190.88,190.24,190.61,3089.0
2026-07-30 10:15:00+05:30,190.39,190.43,190.11,190.22,2547.0
2026-07-30 10:20:00+05:30,190.21,190.21,190.0,190.1,1772.0
2026-07-30 10:25:00+05:30,190.21,190.21,190.1,190.1,1201.0
2026-07-30 10:30:00+05:30,190.1,190.14,190.0,190.14,2072.0
2026-07-30 10:35:00+05:30,190.11,190.24,189.27,189.37,13524.0
2026-07-30 10:40:00+05:30,189.35,191.09,189.35,191.09,6992.0
2026-07-30 10:45:00+05:30,190.76,191.45,190.76,190.85,1994.0
2026-07-30 10:50:00+05:30,190.85,191.35,190.85,191.2,1778.0
2026-07-30 10:55:00+05:30,191.2,191.3,191.08,191.2,1915.0
2026-07-30 11:00:00+05:30,191.2,191.5,191.14,191.14,3255.0
2026-07-30 11:05:00+05:30,191.25,191.4,190.8,190.95,2833.0
2026-07-30 11:10:00+05:30,190.7,191.56,190.7,191.5,10361.0
2026-07-30 11:15:00+05:30,191.55,191.56,191.43,191.43,5483.0
2026-07-30 11:20:00+05:30,191.44,191.5,191.36,191.41,955.0
2026-07-30 11:25:00+05:30,191.38,191.57,191.38,191.43,867.0
2026-07-30 11:30:00+05:30,191.45,191.49,191.34,191.49,1805.0
2026-07-30 11:35:00+05:30,191.5,191.6,191.3,191.3,2321.0
2026-07-30 11:40:00+05:30,191.3,191.36,190.71,190.71,807.0
2026-07-30 11:45:00+05:30,190.71,190.71,190.5,190.6,849.0
2026-07-30 11:50:00+05:30,190.51,190.74,190.37,190.37,2431.0
2026-07-30 11:55:00+05:30,190.04,190.73,190.04,190.5,3911.0
2026-07-30 12:00:00+05:30,190.5,190.5,190.23,190.5,3575.0
2026-07-30 12:05:00+05:30,190.74,191.7,190.74,190.8,11239.0
2026-07-30 12:10:00+05:30,190.8,190.95,190.8,190.81,176.0
2026-07-30 12:15:00+05:30,190.6,190.6,190.33,190.33,2661.0
2026-07-30 12:20:00+05:30,190.8,191.1,190.71,190.71,1529.0
2026-07-30 12:25:00+05:30,190.71,190.85,190.71,190.77,621.0
2026-07-30 12:30:00+05:30,190.69,191.25,190.26,191.09,7661.0
2026-07-30 12:35:00+05:30,191.39,191.39,190.5,190.5,1640.0
2026-07-30 12:40:00+05:30,190.5,190.71,190.36,190.71,1665.0
2026-07-30 12:45:00+05:30,190.57,190.65,190.3,190.3,753.0
2026-07-30 12:50:00+05:30,190.3,190.64,190.3,190.64,931.0
2026-07-30 12:55:00+05:30,190.91,190.98,190.46,190.98,14988.0
2026-07-30 13:00:00+05:30,190.69,190.89,190.56,190.56,790.0
2026-07-30 13:05:00+05:30,190.79,190.79,190.56,190.74,348.0
2026-07-30 13:10:00+05:30,190.57,190.76,190.4,190.4,1203.0
2026-07-30 13:15:00+05:30,190.4,190.44,190.33,190.44,416.0
2026-07-30 13:20:00+05:30,190.33,190.44,190.26,190.26,1933.0
2026-07-30 13:25:00+05:30,190.42,190.44,190.26,190.44,1507.0
2026-07-30 13:30:00+05:30,190.26,190.65,190.26,190.5,2442.0
2026-07-30 13:35:00+05:30,190.26,190.4,190.07,190.12,2912.0
2026-07-30 13:40:00+05:30,190.29,190.35,190.29,190.35,271.0
2026-07-30 13:45:00+05:30,190.18,190.6,190.05,190.6,4169.0
2026-07-30 13:50:00+05:30,190.6,190.8,190.35,190.55,7305.0
2026-07-30 13:55:00+05:30,190.54,190.85,190.54,190.54,3592.0
2026-07-30 14:00:00+05:30,190.54,190.84,190.54,190.58,1306.0
2026-07-30 14:05:00+05:30,190.56,190.56,190.41,190.41,694.0
2026-07-30 14:10:00+05:30,190.19,190.33,190.07,190.23,2794.0
2026-07-30 14:15:00+05:30,190.24,190.85,190.01,190.85,12072.0
2026-07-30 14:20:00+05:30,190.82,191.0,190.69,190.69,868.0
2026-07-30 14:25:00+05:30,190.53,190.55,190.43,190.46,1545.0
2026-07-30 14:30:00+05:30,190.64,190.73,190.57,190.72,2356.0
2026-07-30 14:35:00+05:30,190.56,190.69,190.41,190.53,1315.0
2026-07-30 14:40:00+05:30,190.52,190.66,190.01,190.01,12202.0
2026-07-30 14:45:00+05:30,190.13,190.34,190.06,190.3,2138.0
2026-07-30 14:50:00+05:30,190.22,190.34,190.18,190.26,1124.0
2026-07-30 14:55:00+05:30,190.26,190.26,190.0,190.06,4886.0
2026-07-30 15:00:00+05:30,190.01,190.5,190.0,190.41,2917.0
2026-07-30 15:05:00+05:30,190.25,190.34,190.0,190.22,13000.0
2026-07-30 15:10:00+05:30,190.96,191.5,190.82,190.9,44915.0
2026-07-30 15:15:00+05:30,190.9,191.4,190.34,190.34,20011.0
2026-07-30 15:20:00+05:30,190.55,190.55,190.31,190.34,13108.0
2026-07-30 15:25:00+05:30,190.35,190.35,190.0,190.0,25874.0
