day,model,sym,side,sig,code,time,min,entry,rank,cls,taken,ghost,skip_why,breadth,daypct,sec,sec_bullq,sec_bearq,sec_pb,sec_pw,held,tilt,regime,cf_net_s,cf_net_p,cf_r_s,cf_r_p,cf_exit_s,cf_net,cf_r,cf_exit,mfe_r,mae_r,mfe30_r,mfe60_r,eod_pct,bear_close,day_regime
2026-10-08,M7,360ONE,SELL,NORMAL SELL,280,10:40,640,1055.2,,BREAKOUT,1,0,,0.943,-0.734,CAPMKTS,,,,,,,,663.0,,2.35,,OPEN,289,1.33,100% trail 13:35,2.75,0.52,0.18,1.26,1.34,0.943,TREND-DOWN
2026-10-08,M7,ABB,SELL,SELL-EX5,205,11:20,680,6902.0,,BREAKOUT,1,0,,0.943,-1.47,CAPGOODS,,,,,,,,924.0,,1.44,,OPEN,761,1.32,100% trail 14:30,1.65,0.32,0.28,0.71,1.91,0.943,TREND-DOWN
2026-10-08,M7,ABCAPITAL,BUY,BUY-EX5,104,11:15,675,373.25,,BREAKOUT,1,0,,0.943,0.309,FIN,,,,,,,,-509.0,,-1.0,,100% SL 15:15,-596,-1.0,100% SL 15:15,0.16,1.2,0.16,0.16,-1.23,0.943,TREND-DOWN
2026-10-08,M7,ADANIENSOL,SELL,SELL-EX3,203,09:35,575,1289.3,,BREAKOUT,1,0,,0.943,-2.237,ENE,,,,,,,,907.0,,1.04,,OPEN,926,1.12,100% trail 13:20,1.32,0.18,0.15,0.5,2.93,0.943,TREND-DOWN
2026-10-08,M7,ADANIENT,SELL,SELL-EX3,203,09:40,580,2656.8,,BREAKOUT,1,0,,0.943,-3.143,INFRA,,,,,,,,608.0,,0.71,,OPEN,903,1.11,100% trail 13:25,1.28,0.18,0.32,0.67,2.29,0.943,TREND-DOWN
2026-10-08,M7,ADANIGREEN,SELL,SELL-EX12,212,09:35,575,1306.3,,BREAKOUT,1,0,,0.943,-2.617,GREEN,,,,,,,,1694.0,,1.92,,OPEN,1921,2.24,100% trail 13:15,2.64,0.16,0.48,1.09,5.4,0.943,TREND-DOWN
2026-10-08,M7,ADANIPORTS,SELL,SELL-EX3,203,09:30,570,1709.9,,BREAKOUT,1,0,,0.943,-2.297,LOGISTICS,,,,,,,,44.0,,0.05,,OPEN,11,0.05,OPEN,0.91,0.29,0.35,0.51,0.11,0.943,TREND-DOWN
2026-10-08,M7,ADANIPOWER,SELL,SELL-EX3,203,09:40,580,191.37,,BREAKOUT,1,0,,0.943,-2.828,ENE,,,,,,,,674.0,,0.75,,OPEN,1059,1.25,100% trail 13:20,1.62,0.17,0.22,0.59,1.76,0.943,TREND-DOWN
2026-10-08,M7,ALKEM,SELL,NORMAL SELL,280,11:25,685,5322.0,,BREAKOUT,1,0,,0.943,-0.533,PHA,,,,,,,,652.0,,3.01,,OPEN,330,1.91,100% trail 14:30,3.49,0.98,0.27,1.89,1.36,0.943,TREND-DOWN
2026-10-08,M7,AMBER,SELL,SELL-EX3,203,09:40,580,6654.5,,BREAKOUT,1,0,,0.943,-3.906,CDUR,,,,,,,,428.0,,0.51,,OPEN,400,0.51,OPEN,0.62,0.57,0.08,0.08,1.28,0.943,TREND-DOWN
2026-10-08,M7,AMBUJACEM,SELL,SELL-EX2,202,11:25,685,351.15,,BREAKOUT,1,0,,0.943,-1.611,CEMENT,,,,,,,,1441.0,,2.62,,OPEN,222,0.56,100% trail 13:35,2.62,0.52,0.09,0.8,2.89,0.943,TREND-DOWN
2026-10-08,M7,ANGELONE,SELL,SELL-EX1,201,11:55,715,296.15,,BREAKOUT,1,0,,0.943,-1.937,CAPMKTS,,,,,,,,193.0,,0.25,,OPEN,151,0.25,OPEN,0.64,0.72,0.52,0.64,0.39,0.943,TREND-DOWN
2026-10-08,M7,APLAPOLLO,SELL,NORMAL SELL,280,09:40,580,2092.3,,BREAKOUT,1,0,,0.943,-2.0,MET,,,,,,,,1203.0,,1.88,,OPEN,1163,1.88,OPEN,1.88,0.49,-0.0,-0.0,2.5,0.943,TREND-DOWN
2026-10-08,M7,APOLLOHOSP,SELL,SELL-EX1,201,10:30,630,7813.5,,BREAKOUT,1,0,,0.943,-1.307,HOSPITALS,,,,,,,,885.0,,3.42,,OPEN,968,4.06,100% trail 13:30,4.77,0.34,1.54,3.1,1.89,0.943,TREND-DOWN
2026-10-08,M7,ASHOKLEY,SELL,SELL-EX1,201,09:40,580,148.43,,PULLBACK,1,0,,0.943,-0.516,AUTO,,,,,,,,1146.0,,5.69,,OPEN,898,3.02,100% trail 13:00,3.98,0.27,0.56,1.27,2.3,0.943,TREND-DOWN
2026-10-08,M7,ASIANPAINT,SELL,SELL-EX1,201,11:20,680,2348.3,,BREAKOUT,1,0,,0.943,-1.003,CHEMICALS,,,,,,,,771.0,,3.92,,OPEN,325,2.1,100% trail 14:35,3.92,0.42,1.13,1.13,1.56,0.943,TREND-DOWN
2026-10-08,M7,AUBANK,SELL,SELL-EX6,206,10:00,600,988.2,,BREAKOUT,1,0,,0.943,-0.563,BANK,,,,,,,,660.0,,1.57,,OPEN,238,0.77,100% trail 12:10,1.69,0.46,0.2,0.5,1.34,0.943,TREND-DOWN
2026-10-08,M7,AUROPHARMA,SELL,SELL-EX5,205,10:55,655,1661.9,,BREAKOUT,1,0,,0.943,-1.195,PHA,,,,,,,,507.0,,2.55,,OPEN,268,1.79,100% trail 14:30,3.03,0.63,2.31,2.31,1.02,0.943,TREND-DOWN
2026-10-08,M7,AXISBANK,SELL,NORMAL SELL,280,09:55,595,1234.4,,BREAKOUT,1,0,,0.943,-0.652,BANK,,,,,,,,-310.0,,-1.0,,100% SL 10:15,-397,-1.0,100% SL 10:15,0.18,2.9,0.18,0.18,-0.86,0.943,TREND-DOWN
2026-10-08,M7,AXISBANK,BUY,BUY-EX6,105,10:25,625,1246.4,,BREAKOUT,1,0,,0.943,0.314,BANK,,,,,,,,-56.0,,-0.1,,OPEN,-87,-0.1,OPEN,0.77,0.64,0.37,0.77,-0.11,0.943,TREND-DOWN
2026-10-08,M7,BAJAJ-AUTO,SELL,NORMAL SELL,280,10:30,630,9820.0,,BREAKOUT,1,0,,0.943,-0.648,AUTO,,,,,,,,915.0,,5.09,,OPEN,339,2.36,100% trail 13:35,5.09,0.28,0.5,1.25,1.86,0.943,TREND-DOWN
2026-10-08,M7,BAJAJFINSV,SELL,SELL-EX1,201,09:45,585,1712.6,,BREAKOUT,1,0,,0.943,-1.761,FIN,,,,,,,,133.0,,0.17,,OPEN,91,0.17,OPEN,0.44,0.36,0.07,0.07,0.27,0.943,TREND-DOWN
2026-10-08,M7,BAJAJHLDNG,BUY,BUY-EX,101,11:00,660,10788.0,,BREAKOUT,1,0,,0.943,1.182,FIN,,,,,,,,-193.0,,-1.0,,100% SL 14:20,-269,-1.0,100% trail 14:20,1.43,3.9,0.42,0.42,-1.74,0.943,TREND-DOWN
2026-10-08,M7,BAJFINANCE,BUY,BUY-EX9,108,11:00,660,960.8,,BREAKOUT,1,0,,0.943,-0.316,FIN,,,,,,,,-332.0,,-1.0,,100% SL 12:35,-420,-1.0,100% SL 12:35,0.2,1.79,0.2,0.2,-0.5,0.943,TREND-DOWN
2026-10-08,M7,BANDHANBNK,SELL,SELL-EX3,203,09:35,575,160.0,,BREAKOUT,1,0,,0.943,-1.834,BANK,,,,,,,,1392.0,,1.56,,OPEN,1395,1.66,100% trail 13:25,2.03,0.21,0.64,0.67,2.79,0.943,TREND-DOWN
2026-10-08,M7,BANKBARODA,BUY,BUY-EX6,105,09:30,570,236.15,,BREAKOUT,1,0,,0.943,0.682,PSUBK,,,,,,,,-454.0,,-0.69,,OPEN,189,0.42,100% trail 11:25,1.05,0.74,1.03,1.05,-0.91,0.943,TREND-DOWN
2026-10-08,M7,BANKINDIA,BUY,BUY-EX7,106,09:30,570,134.47,,PULLBACK,1,0,,0.943,0.689,PSUBK,,,,,,,,-246.0,,-1.0,,100% SL 11:25,-102,-0.06,100% trail 10:55,1.62,3.92,1.16,1.62,-1.58,0.943,TREND-DOWN
2026-10-08,M7,BANKINDIA,BUY,BUY-EX7,106,10:10,610,135.09,,BREAKOUT,1,0,,0.943,1.153,PSUBK,,,,,,,,-395.0,,-1.0,,100% SL 11:25,-483,-1.0,100% SL 11:25,0.37,2.89,0.37,0.37,-2.03,0.943,TREND-DOWN
2026-10-08,M7,BDL,SELL,SELL-EX5,205,10:35,635,1064.0,,BREAKOUT,1,0,,0.943,-1.935,DEF,,,,,,,,621.0,,1.82,,OPEN,378,1.36,100% trail 13:00,2.16,0.61,0.13,0.67,1.27,0.943,TREND-DOWN
2026-10-08,M7,BEL,SELL,SELL-EX12,212,09:40,580,373.2,,BREAKOUT,1,0,,0.943,-1.348,DEF,,,,,,,,811.0,,1.28,,OPEN,769,1.28,OPEN,1.43,0.45,0.15,0.15,1.63,0.943,TREND-DOWN
2026-10-08,M7,BHARATFORG,SELL,SELL-EX3,203,11:25,685,1807.1,,BREAKOUT,1,0,,0.943,-1.884,AUTO,,,,,,,,446.0,,0.53,,OPEN,405,0.53,OPEN,0.92,0.29,0.0,0.07,0.91,0.943,TREND-DOWN
2026-10-08,M7,BHARTIARTL,SELL,SELL-EX19,219,09:30,570,1828.6,,BREAKOUT,1,0,,0.943,-0.289,TELECOM,,,,,,,,648.0,,1.69,,OPEN,579,1.74,100% trail 15:15,2.65,0.17,0.92,0.92,1.31,0.943,TREND-DOWN
2026-10-08,M7,BHEL,BUY,BUY-EX4,103,09:50,590,450.7,,BREAKOUT,1,0,,0.943,0.491,CAPGOODS,,,,,,,,-894.0,,-1.0,,100% SL 10:40,-972,-1.0,100% SL 10:40,0.08,2.36,0.08,0.08,-4.15,0.943,TREND-DOWN
2026-10-08,M7,BHEL,SELL,SELL-EX1,201,10:40,640,442.15,,BREAKOUT,1,0,,0.943,-1.416,CAPGOODS,,,,,,,,1147.0,,2.01,,OPEN,677,1.34,100% trail 12:40,2.49,0.29,0.23,1.63,2.3,0.943,TREND-DOWN
2026-10-08,M7,BIOCON,SELL,NORMAL SELL,280,09:40,580,357.6,,BREAKOUT,1,0,,0.943,-0.667,PHA,,,,,,,,1056.0,,2.13,,OPEN,904,2.0,100% trail 13:35,2.82,0.18,0.28,0.73,2.13,0.943,TREND-DOWN
2026-10-08,M7,BOSCHLTD,SELL,SELL-EX12,212,09:45,585,43780.0,,BREAKOUT,1,0,,0.943,-1.419,AUTO,,,,,,,,625.0,,0.96,,OPEN,588,0.96,OPEN,1.17,0.32,0.05,0.35,1.43,0.943,TREND-DOWN
2026-10-08,M7,BPCL,SELL,SELL-EX8,208,09:40,580,290.75,,BREAKOUT,1,0,,0.943,-1.89,OIL,,,,,,,,770.0,,1.12,,OPEN,698,1.15,100% trail 13:30,1.77,0.27,0.19,0.19,1.55,0.943,TREND-DOWN
2026-10-08,M7,BSE,BUY,BUY-EX,101,10:25,625,3372.6,,PULLBACK,1,0,,0.943,0.495,CAPMKTS,,,,,,,,-280.0,,-1.0,,100% SL 10:50,-616,-1.0,100% SL 11:25,0.43,1.62,0.43,0.43,-1.12,0.943,TREND-DOWN
2026-10-08,M7,BSE,SELL,SELL-EX1,201,11:25,685,3333.9,,BREAKOUT,1,0,,0.943,-0.659,CAPMKTS,,,,,,,,-13.0,,-0.02,,OPEN,-52,-0.02,OPEN,0.41,0.4,0.07,0.07,-0.03,0.943,TREND-DOWN
2026-10-08,M7,CAMS,SELL,SELL-EX8,208,09:40,580,679.1,,BREAKOUT,1,0,,0.943,-2.232,CAPMKTS,,,,,,,,1212.0,,1.43,,OPEN,432,0.61,100% trail 13:35,1.43,0.16,0.13,0.27,2.44,0.943,TREND-DOWN
2026-10-08,M7,CANBK,BUY,BUY-EX6,105,09:50,590,119.43,,BREAKOUT,1,0,,0.943,0.235,PSUBK,,,,,,,,-662.0,,-1.0,,100% SL 14:00,-749,-1.0,100% SL 14:00,0.57,1.38,0.57,0.57,-1.74,0.943,TREND-DOWN
2026-10-08,M7,CDSL,SELL,SELL-EX1,201,09:40,580,1265.6,,BREAKOUT,1,0,,0.943,-0.737,CAPMKTS,,,,,,,,-345.0,,-1.0,,100% SL 11:15,-432,-1.0,100% SL 11:15,2.03,1.19,0.35,0.35,0.6,0.943,TREND-DOWN
2026-10-08,M7,CDSL,BUY,BUY-EX4,103,11:15,675,1276.0,,BREAKOUT,1,0,,0.943,0.078,CAPMKTS,,,,,,,,-454.0,,-1.0,,100% SL 11:25,-541,-1.0,100% SL 11:25,0.01,2.44,0.01,0.01,-1.41,0.943,TREND-DOWN
2026-10-08,M7,CGPOWER,SELL,SELL-EX1,201,11:20,680,878.45,,BREAKOUT,1,0,,0.943,-1.794,CAPGOODS,,,,,,,,918.0,,1.96,,OPEN,610,1.48,100% trail 14:30,1.96,0.53,0.45,1.28,1.87,0.943,TREND-DOWN
2026-10-08,M7,CHOLAFIN,BUY,BUY-EX9,108,11:00,660,1565.2,,BREAKOUT,1,0,,0.943,0.032,FIN,,,,,,,,-341.0,,-1.0,,100% SL 11:25,-426,-1.0,100% SL 11:25,0.58,2.01,0.58,0.58,-1.35,0.943,TREND-DOWN
2026-10-08,M7,CIPLA,SELL,NORMAL SELL,280,09:40,580,1322.9,,BREAKOUT,1,0,,0.943,-0.324,PHA,,,,,,,,596.0,,1.54,,OPEN,544,1.63,100% trail 12:15,2.95,0.16,0.34,0.91,1.22,0.943,TREND-DOWN
2026-10-08,M7,COALINDIA,SELL,SELL-EX1,201,10:00,600,409.8,,BREAKOUT,1,0,,0.943,-1.134,ENE,,,,,,,,55.0,,0.11,,OPEN,286,0.75,100% trail 12:45,1.41,0.22,0.53,0.75,0.11,0.943,TREND-DOWN
2026-10-08,M7,COCHINSHIP,SELL,NORMAL SELL,280,11:20,680,1230.2,,BREAKOUT,1,0,,0.943,-1.984,DEF,,,,,,,,1208.0,,2.23,,OPEN,256,0.63,100% trail 13:35,2.23,0.87,0.32,0.83,2.45,0.943,TREND-DOWN
2026-10-08,M7,CONCOR,BUY,BUY-EX4,103,10:15,615,442.45,,BREAKOUT,1,0,,0.943,0.614,LOGISTICS,,,,,,,,-626.0,,-1.0,,100% SL 11:25,-713,-1.0,100% SL 11:25,0.35,1.66,0.35,0.35,-1.91,0.943,TREND-DOWN
2026-10-08,M7,CONCOR,SELL,SELL-EX15,215,11:25,685,436.4,,BREAKOUT,1,0,,0.943,-0.762,LOGISTICS,,,,,,,,274.0,,0.43,,OPEN,232,0.43,OPEN,0.57,0.73,0.0,0.06,0.55,0.943,TREND-DOWN
2026-10-08,M7,CUMMINSIND,SELL,SELL-EX1,201,11:20,680,4807.2,,BREAKOUT,1,0,,0.943,-1.334,CAPGOODS,,,,,,,,663.0,,2.09,,OPEN,113,0.62,100% trail 12:35,2.71,0.62,0.93,1.1,1.38,0.943,TREND-DOWN
2026-10-08,M7,DABUR,BUY,BUY-EX7,106,11:00,660,386.2,,BREAKOUT,1,0,,0.943,0.691,FMCG,,,,,,,,-474.0,,-1.0,,100% SL 11:25,-561,-1.0,100% SL 11:25,0.1,2.55,0.1,0.1,-2.43,0.943,TREND-DOWN
2026-10-08,M7,DELHIVERY,BUY,BUY-EX17,102,09:50,590,403.75,,BREAKOUT,1,0,,0.943,1.407,LOGISTICS,,,,,,,,-560.0,,-0.63,,OPEN,-581,-0.63,OPEN,0.22,0.91,0.22,0.22,-1.67,0.943,TREND-DOWN
2026-10-08,M7,DIVISLAB,SELL,NORMAL SELL,280,12:00,720,9475.5,,BREAKOUT,1,0,,0.943,-1.173,PHA,,,,,,,,572.0,,2.77,,OPEN,248,1.6,100% trail 14:30,2.89,0.6,0.95,1.64,1.21,0.943,TREND-DOWN
2026-10-08,M7,DIXON,SELL,SELL-EX1,201,11:55,715,12875.0,,BREAKOUT,1,0,,0.943,-1.144,CDUR,,,,,,,,675.0,,3.33,,OPEN,642,3.33,OPEN,3.45,0.65,1.04,1.46,1.75,0.943,TREND-DOWN
2026-10-08,M7,DLF,SELL,SELL-EX3,203,09:40,580,643.1,,BREAKOUT,1,0,,0.943,-1.966,REALTY,,,,,,,,474.0,,0.61,,OPEN,432,0.61,OPEN,0.89,0.57,0.03,0.09,0.96,0.943,TREND-DOWN
2026-10-08,M7,DRREDDY,SELL,SELL-EX15,215,10:30,630,1190.0,,BREAKOUT,1,0,,0.943,-1.146,PHA,,,,,,,,420.0,,1.68,,OPEN,655,2.97,100% trail 13:25,3.8,0.37,0.22,1.63,0.84,0.943,TREND-DOWN
2026-10-08,M7,EICHERMOT,SELL,NORMAL SELL,280,11:25,685,6891.0,,BREAKOUT,1,0,,0.943,-0.991,AUTO,,,,,,,,864.0,,2.15,,OPEN,823,2.15,OPEN,2.15,0.38,0.17,0.54,1.79,0.943,TREND-DOWN
2026-10-08,M7,ETERNAL,SELL,SELL-EX1,201,11:25,685,323.35,,BREAKOUT,1,0,,0.943,-1.418,NEWAGE,,,,,,,,662.0,,1.08,,OPEN,620,1.08,OPEN,1.41,0.43,0.01,0.24,1.33,0.943,TREND-DOWN
2026-10-08,M7,EXIDEIND,BUY,BUY-EX17,102,09:30,570,404.15,,BREAKOUT,1,0,,0.943,0.535,AUTO,,,,,,,,-336.0,,-1.0,,100% SL 11:10,-423,-1.0,100% SL 11:10,0.97,4.08,0.97,0.97,-2.29,0.943,TREND-DOWN
2026-10-08,M7,EXIDEIND,SELL,SELL-EX3,203,11:20,680,399.85,,BREAKOUT,1,0,,0.943,-0.535,AUTO,,,,,,,,819.0,,2.09,,100% EOD 15:20,440,1.35,100% trail 13:20,2.19,0.5,0.89,1.87,1.24,0.943,TREND-DOWN
2026-10-08,M7,FEDERALBNK,SELL,SELL-EX6,206,09:35,575,321.4,,BREAKOUT,1,0,,0.943,-0.649,BANK,,,,,,,,-405.0,,-1.0,,100% SL 11:15,-493,-1.0,100% SL 11:15,0.73,1.86,0.33,0.61,0.12,0.943,TREND-DOWN
2026-10-08,M7,FEDERALBNK,BUY,BUY-EX4,103,11:15,675,324.0,,BREAKOUT,1,0,,0.943,0.155,BANK,,,,,,,,-664.0,,-1.0,,100% SL 14:15,-751,-1.0,100% SL 14:15,0.52,1.04,0.48,0.52,-0.93,0.943,TREND-DOWN
2026-10-08,M7,FORCEMOT,SELL,NORMAL SELL,280,10:20,620,16878.0,,BREAKOUT,1,0,,0.943,-0.46,AUTO,,,,,,,,356.0,,2.9,,OPEN,242,2.45,100% trail 14:10,4.35,0.36,0.8,1.11,1.05,0.943,TREND-DOWN
2026-10-08,M7,FORTIS,SELL,SELL-EX1,201,10:30,630,767.45,,BREAKOUT,1,0,,0.943,-1.495,HOSPITALS,,,,,,,,289.0,,0.62,,OPEN,247,0.62,OPEN,0.67,0.56,0.28,0.33,0.58,0.943,TREND-DOWN
2026-10-08,M7,GAIL,SELL,SELL-EX3,203,09:40,580,168.39,,BREAKOUT,1,0,,0.943,-1.359,OIL,,,,,,,,204.0,,0.31,,OPEN,162,0.31,OPEN,0.9,0.22,0.15,0.15,0.41,0.943,TREND-DOWN
2026-10-08,M7,GLENMARK,SELL,SELL-EX1,201,10:35,635,2262.4,,BREAKOUT,1,0,,0.943,-0.872,PHA,,,,,,,,1544.0,,4.66,,OPEN,828,2.76,100% trail 13:35,5.39,0.6,0.15,1.15,3.1,0.943,TREND-DOWN
2026-10-08,M7,GMRAIRPORT,SELL,SELL-EX3,203,09:40,580,89.2,,BREAKOUT,1,0,,0.943,-2.182,INFRA,,,,,,,,801.0,,1.05,,OPEN,406,0.64,100% trail 12:45,1.1,0.33,0.26,0.33,1.6,0.943,TREND-DOWN
2026-10-08,M7,GODFRYPHLP,SELL,SELL-EX3,203,09:40,580,1841.4,,BREAKOUT,1,0,,0.943,-1.128,FMCG,,,,,,,,1901.0,,2.82,,OPEN,1217,1.93,100% trail 13:35,2.85,0.38,0.01,0.06,3.82,0.943,TREND-DOWN
2026-10-08,M7,GODREJPROP,SELL,NORMAL SELL,280,11:55,715,1545.1,,BREAKOUT,1,0,,0.943,-2.221,REALTY,,,,,,,,355.0,,0.51,,OPEN,313,0.51,OPEN,0.7,0.14,0.3,0.39,0.72,0.943,TREND-DOWN
2026-10-08,M7,GRASIM,SELL,SELL-EX1,201,09:40,580,2893.8,,BREAKOUT,1,0,,0.943,-0.935,CEMENT,,,,,,,,629.0,,2.45,,OPEN,173,1.01,100% trail 12:40,2.67,0.51,0.46,0.76,1.28,0.943,TREND-DOWN
2026-10-08,M7,GVT&D,SELL,SELL-EX1,201,10:35,635,4230.9,,BREAKOUT,1,0,,0.943,-1.979,CAPGOODS,,,,,,,,340.0,,0.67,,OPEN,54,0.27,100% trail 13:30,1.06,0.51,0.16,0.36,0.73,0.943,TREND-DOWN
2026-10-08,M7,HAL,SELL,SELL-EX1,201,10:00,600,4705.0,,BREAKOUT,1,0,,0.943,-0.87,DEF,,,,,,,,576.0,,1.48,,OPEN,290,0.96,100% trail 13:35,2.14,0.82,0.03,0.19,1.22,0.943,TREND-DOWN
2026-10-08,M7,HAVELLS,SELL,SELL-EX8,208,09:45,585,1049.8,,BREAKOUT,1,0,,0.943,-1.009,CDUR,,,,,,,,1227.0,,2.51,,OPEN,1185,2.51,OPEN,2.56,0.37,0.18,0.41,2.49,0.943,TREND-DOWN
2026-10-08,M7,HDFCAMC,SELL,SELL-EX1,201,11:25,685,2283.0,,BREAKOUT,1,0,,0.943,-1.374,CAPMKTS,,,,,,,,798.0,,2.8,,OPEN,706,2.77,100% trail 15:15,3.54,0.68,0.59,1.55,1.66,0.943,TREND-DOWN
2026-10-08,M7,HDFCBANK,SELL,SELL-EX1,201,10:15,615,697.9,,BREAKOUT,1,0,,0.943,-0.69,BANK,,,,,,,,401.0,,1.8,,OPEN,258,1.55,100% trail 14:30,2.34,0.49,1.16,1.16,0.81,0.943,TREND-DOWN
2026-10-08,M7,HDFCLIFE,BUY,BUY-EX7,106,09:40,580,547.55,,BREAKOUT,1,0,,0.943,0.275,INSURANCE,,,,,,,,-424.0,,-1.0,,100% SL 11:25,-511,-1.0,100% SL 11:25,0.4,1.13,0.4,0.4,-0.56,0.943,TREND-DOWN
2026-10-08,M7,HEROMOTOCO,SELL,NORMAL SELL,280,11:20,680,4934.0,,BREAKOUT,1,0,,0.943,-1.399,AUTO,,,,,,,,775.0,,2.72,,OPEN,383,1.65,100% trail 13:50,3.18,0.54,0.56,0.58,1.57,0.943,TREND-DOWN
2026-10-08,M7,HINDALCO,SELL,NORMAL SELL,280,09:45,585,902.0,,BREAKOUT,1,0,,0.943,-1.372,MET,,,,,,,,652.0,,1.81,,OPEN,420,1.41,100% trail 11:55,2.37,0.36,0.28,0.85,1.31,0.943,TREND-DOWN
2026-10-08,M7,HINDPETRO,SELL,SELL-EX3,203,09:40,580,337.15,,BREAKOUT,1,0,,0.943,-1.749,OIL,,,,,,,,1561.0,,2.15,,OPEN,954,1.43,100% trail 13:35,2.21,0.27,0.28,0.29,3.13,0.943,TREND-DOWN
2026-10-08,M7,HINDZINC,SELL,SELL-EX3,203,09:35,575,544.9,,BREAKOUT,1,0,,0.943,-1.107,MET,,,,,,,,1197.0,,1.65,,OPEN,969,1.46,100% trail 14:35,1.77,0.37,0.32,0.41,2.41,0.943,TREND-DOWN
2026-10-08,M7,HYUNDAI,SELL,NORMAL SELL,280,09:40,580,1929.9,,BREAKOUT,1,0,,0.943,-0.776,AUTO,,,,,,,,373.0,,0.96,,OPEN,95,0.47,100% trail 13:40,1.52,0.94,0.1,0.1,0.77,0.943,TREND-DOWN
2026-10-08,M7,ICICIGI,BUY,BUY-EX,101,09:50,590,1622.2,,BREAKOUT,1,0,,0.943,2.025,INSURANCE,,,,,,,,50.0,,0.06,,OPEN,22,0.06,OPEN,0.17,0.32,0.07,0.07,0.11,0.943,TREND-DOWN
2026-10-08,M7,ICICIPRULI,SELL,SELL-EX3,203,09:40,580,451.85,,BREAKOUT,1,0,,0.943,-1.235,INSURANCE,,,,,,,,-439.0,,-1.0,,100% SL 15:15,-527,-1.0,100% SL 15:15,0.78,1.29,0.06,0.15,-1.14,0.943,TREND-DOWN
2026-10-08,M7,IDEA,SELL,SELL-EX5,205,09:40,580,13.05,,BREAKOUT,1,0,,0.943,-0.986,TELECOM,,,,,,,,958.0,,1.12,,OPEN,916,1.12,OPEN,1.14,0.5,0.09,0.09,1.92,0.943,TREND-DOWN
2026-10-08,M7,IEX,SELL,SELL-EX1,201,09:55,595,105.34,,BREAKOUT,1,0,,0.943,-0.482,CAPMKTS,,,,,,,,754.0,,1.73,,OPEN,712,1.73,OPEN,1.99,0.71,0.24,0.29,1.51,0.943,TREND-DOWN
2026-10-08,M7,INDHOTEL,SELL,SELL-EX5,205,09:30,570,724.85,,BREAKOUT,1,0,,0.943,-0.882,TRAVEL,,,,,,,,898.0,,2.32,,OPEN,857,2.32,OPEN,2.55,0.45,0.68,0.68,1.82,0.943,TREND-DOWN
2026-10-08,M7,INDIANB,SELL,SELL-EX1,201,12:00,720,820.5,,PULLBACK,1,0,,0.943,-0.942,PSUBK,,,,,,,,762.0,,3.43,,OPEN,38,0.58,100% trail 13:25,3.5,0.21,1.65,1.65,1.55,0.943,TREND-DOWN
2026-10-08,M7,INDIGO,SELL,SELL-EX1,201,09:40,580,4919.0,,BREAKOUT,1,0,,0.943,-1.423,TRAVEL,,,,,,,,1059.0,,2.04,,OPEN,579,1.28,100% trail 13:30,2.59,0.3,0.48,0.56,2.15,0.943,TREND-DOWN
2026-10-08,M7,INDUSINDBK,SELL,SELL-EX1,201,09:40,580,867.45,,BREAKOUT,1,0,,0.943,-0.852,BANK,,,,,,,,197.0,,0.36,,OPEN,155,0.36,OPEN,0.97,0.43,0.14,0.24,0.4,0.943,TREND-DOWN
2026-10-08,M7,INDUSTOWER,SELL,SELL-EX8,208,09:40,580,384.4,,BREAKOUT,1,0,,0.943,-0.169,TELECOM,,,,,,,,1482.0,,2.8,,OPEN,1440,2.8,OPEN,2.81,0.31,0.54,0.58,2.97,0.943,TREND-DOWN
2026-10-08,M7,INOXWIND,SELL,SELL-EX3,203,09:30,570,65.57,,BREAKOUT,1,0,,0.943,-2.28,GREEN,,,,,,,,1771.0,,1.97,,OPEN,1271,1.49,100% trail 14:30,1.97,0.23,0.64,0.64,4.79,0.943,TREND-DOWN
2026-10-08,M7,IOC,SELL,SELL-EX19,219,10:05,605,129.06,,CONTINUATION,1,0,,0.943,-0.723,OIL,,,,,,,,1087.0,,2.2,,OPEN,880,1.96,100% trail 13:05,2.94,0.16,0.24,0.41,2.18,0.943,TREND-DOWN
2026-10-08,M7,IREDA,SELL,SELL-EX3,203,09:40,580,106.98,,BREAKOUT,1,0,,0.943,-0.326,FIN,,,,,,,,1485.0,,3.27,,OPEN,893,2.16,100% trail 13:30,3.6,0.24,0.35,0.78,2.97,0.943,TREND-DOWN
2026-10-08,M7,IRFC,SELL,NORMAL SELL,280,11:25,685,75.38,,BREAKOUT,1,0,,0.943,-1.011,RAILWAYS,,,,,,,,716.0,,2.6,,OPEN,151,0.87,100% trail 13:35,2.81,0.4,0.31,0.9,1.43,0.943,TREND-DOWN
2026-10-08,M7,ITC,SELL,SELL-EX3,203,09:30,570,257.9,,BREAKOUT,1,0,,0.943,-2.936,FMCG,,,,,,,,389.0,,0.43,,OPEN,360,0.43,OPEN,0.7,0.34,0.08,0.13,1.12,0.943,TREND-DOWN
2026-10-08,M7,JINDALSTEL,SELL,SELL-EX8,208,09:35,575,1039.0,,BREAKOUT,1,0,,0.943,-2.074,MET,,,,,,,,1247.0,,1.39,,OPEN,1139,1.36,100% trail 15:05,1.8,0.68,0.51,0.68,2.79,0.943,TREND-DOWN
2026-10-08,M7,JIOFIN,SELL,NORMAL SELL,280,09:40,580,213.8,,BREAKOUT,1,0,,0.943,-1.22,FIN,,,,,,,,652.0,,1.57,,OPEN,453,1.3,100% trail 13:30,1.94,0.44,0.17,0.31,1.31,0.943,TREND-DOWN
2026-10-08,M7,JSWENERGY,SELL,SELL-EX3,203,09:35,575,476.6,,BREAKOUT,1,0,,0.943,-2.256,ENE,,,,,,,,1014.0,,1.3,,OPEN,538,0.8,100% trail 13:35,1.54,0.21,0.47,0.85,2.05,0.943,TREND-DOWN
2026-10-08,M7,JSWSTEEL,SELL,NORMAL SELL,280,09:45,585,1213.8,,BREAKOUT,1,0,,0.943,-1.317,MET,,,,,,,,1583.0,,2.64,,OPEN,1302,2.31,100% trail 14:15,2.91,0.15,0.51,0.8,3.18,0.943,TREND-DOWN
2026-10-08,M7,JUBLFOOD,SELL,SELL-EX3,203,09:30,570,438.6,,BREAKOUT,1,0,,0.943,-4.776,CONSUMPTION,,,,,,,,550.0,,0.61,,OPEN,532,0.61,OPEN,0.66,0.32,0.03,0.03,2.51,0.943,TREND-DOWN
2026-10-08,M7,KALYANKJIL,SELL,SELL-EX8,208,09:55,595,563.7,,BREAKOUT,1,0,,0.943,-0.931,CDUR,,,,,,,,898.0,,1.43,,OPEN,449,0.86,100% trail 14:30,1.55,0.99,0.1,0.1,1.81,0.943,TREND-DOWN
2026-10-08,M7,KAYNES,SELL,SELL-EX3,203,09:30,570,3293.7,,BREAKOUT,1,0,,0.943,-2.119,CAPGOODS,,,,,,,,668.0,,0.74,,OPEN,638,0.74,OPEN,0.9,0.37,0.11,0.11,1.84,0.943,TREND-DOWN
2026-10-08,M7,KEI,SELL,SELL-EX1,201,11:20,680,4656.3,,BREAKOUT,1,0,,0.943,-0.457,CAPGOODS,,,,,,,,763.0,,1.2,,OPEN,446,0.83,100% trail 14:30,1.22,0.39,0.29,0.49,1.64,0.943,TREND-DOWN
2026-10-08,M7,KFINTECH,SELL,SELL-EX5,205,09:40,580,852.65,,BREAKOUT,1,0,,0.943,-0.624,CAPMKTS,,,,,,,,838.0,,1.31,,OPEN,796,1.31,OPEN,1.31,0.33,0.15,0.29,1.69,0.943,TREND-DOWN
2026-10-08,M7,KOTAKBANK,SELL,SELL-EX1,201,09:55,595,438.05,,BREAKOUT,1,0,,0.943,-0.443,BANK,,,,,,,,348.0,,1.57,,OPEN,-24,0.29,100% trail 11:45,2.55,0.9,0.88,1.11,0.7,0.943,TREND-DOWN
2026-10-08,M7,KPITTECH,SELL,NORMAL SELL,280,11:20,680,484.25,,BREAKOUT,1,0,,0.943,0.0,IT,,,,,,,,1365.0,,3.9,,OPEN,485,1.63,100% trail 13:35,3.9,0.51,0.37,0.93,2.74,0.943,TREND-DOWN
2026-10-08,M7,LAURUSLABS,SELL,NORMAL SELL,280,11:25,685,2018.8,,BREAKOUT,1,0,,0.943,-1.656,PHA,,,,,,,,502.0,,1.34,,OPEN,461,1.34,OPEN,1.34,0.69,0.21,0.35,1.04,0.943,TREND-DOWN
2026-10-08,M7,LICHSGFIN,BUY,BUY-EX17,102,09:30,570,544.15,,BREAKOUT,1,0,,0.943,5.578,FIN,,,,,,,,-307.0,,-0.35,,OPEN,-322,-0.35,OPEN,0.17,0.58,0.17,0.17,-1.31,0.943,TREND-DOWN
2026-10-08,M7,LICI,BUY,BUY-EX17,102,09:30,570,387.55,,BREAKOUT,1,0,,0.943,0.324,INSURANCE,,,,,,,,-449.0,,-1.0,,100% SL 10:20,-537,-1.0,100% SL 10:20,0.13,2.63,0.13,0.13,-2.14,0.943,TREND-DOWN
2026-10-08,M7,LODHA,BUY,BUY-EX9,108,11:15,675,1104.8,,BREAKOUT,1,0,,0.943,-0.415,REALTY,,,,,,,,-203.0,,-1.0,,100% SL 11:20,-290,-1.0,100% SL 11:20,0.22,8.67,0.22,0.22,-3.55,0.943,TREND-DOWN
2026-10-08,M7,LT,SELL,SELL-EX3,203,09:30,570,3667.3,,BREAKOUT,1,0,,0.943,-0.924,INFRA,,,,,,,,549.0,,1.34,,OPEN,509,1.34,OPEN,1.91,0.32,0.2,0.38,1.15,0.943,TREND-DOWN
2026-10-08,M7,LTF,BUY,BUY-EX9,108,11:00,660,257.45,,PULLBACK,1,0,,0.943,-1.076,FIN,,,,,,,,-248.0,,-1.0,,100% SL 15:10,251,1.33,100% trail 12:20,2.9,1.26,1.79,2.9,-0.02,0.943,TREND-DOWN
2026-10-08,M7,LTM,BUY,BUY-EX7,106,09:55,595,3985.2,,PULLBACK,1,0,,0.943,1.405,IT,,,,,,,,-249.0,,-1.0,,100% SL 12:30,-384,-1.0,100% SL 12:30,0.71,2.81,0.71,0.71,-1.76,0.943,TREND-DOWN
2026-10-08,M7,LUPIN,SELL,SELL-EX3,203,10:50,650,2001.5,,BREAKOUT,1,0,,0.943,-0.566,PHA,,,,,,,,1550.0,,3.26,,OPEN,989,2.26,100% trail 14:35,3.26,0.43,0.73,0.9,3.23,0.943,TREND-DOWN
2026-10-08,M7,M&M,SELL,SELL-EX1,201,10:55,655,2778.0,,BREAKOUT,1,0,,0.943,-0.786,AUTO,,,,,,,,456.0,,1.16,,OPEN,416,1.16,OPEN,1.45,0.5,0.6,0.6,0.96,0.943,TREND-DOWN
2026-10-08,M7,MANAPPURAM,SELL,SELL-EX5,205,09:40,580,306.8,,BREAKOUT,1,0,,0.943,-0.68,FIN,,,,,,,,429.0,,0.98,,OPEN,-74,0.03,100% trail 13:35,1.13,0.44,0.3,0.3,0.86,0.943,TREND-DOWN
2026-10-08,M7,MANKIND,SELL,SELL-EX3,203,09:35,575,2467.0,,BREAKOUT,1,0,,0.943,-1.32,PHA,,,,,,,,1740.0,,1.99,,OPEN,1876,2.24,100% trail 15:10,2.72,0.16,0.38,0.38,3.53,0.943,TREND-DOWN
2026-10-08,M7,MARUTI,SELL,SELL-EX1,201,10:35,635,11353.0,,BREAKOUT,1,0,,0.943,-0.847,AUTO,,,,,,,,500.0,,2.35,,OPEN,271,1.65,100% trail 14:30,2.4,0.38,0.88,1.24,1.1,0.943,TREND-DOWN
2026-10-08,M7,MAXHEALTH,SELL,SELL-EX1,201,09:40,580,893.8,,BREAKOUT,1,0,,0.943,-1.564,HOSPITALS,,,,,,,,1122.0,,2.54,,OPEN,958,2.36,100% trail 13:35,2.96,0.27,0.66,0.83,2.28,0.943,TREND-DOWN
2026-10-08,M7,MAZDOCK,SELL,SELL-EX1,201,11:20,680,2027.7,,BREAKOUT,1,0,,0.943,-1.778,DEF,,,,,,,,905.0,,3.62,,OPEN,503,2.35,100% trail 13:30,3.62,0.79,1.13,2.08,1.86,0.943,TREND-DOWN
2026-10-08,M7,MCX,SELL,SELL-EX1,201,09:40,580,3301.0,,BREAKOUT,1,0,,0.943,-1.832,CAPMKTS,,,,,,,,636.0,,0.73,,OPEN,597,0.73,OPEN,0.88,0.22,0.14,0.16,1.38,0.943,TREND-DOWN
2026-10-08,M7,MFSL,BUY,BUY-EX,101,10:10,610,1360.4,,BREAKOUT,1,0,,0.943,1.137,INSURANCE,,,,,,,,-384.0,,-1.0,,100% SL 10:20,-470,-1.0,100% SL 10:20,0.08,4.16,0.08,0.08,-2.79,0.943,TREND-DOWN
2026-10-08,M7,MFSL,SELL,SELL-EX1,201,10:35,635,1339.0,,BREAKOUT,1,0,,0.943,-0.453,INSURANCE,,,,,,,,614.0,,0.74,,OPEN,572,0.74,OPEN,1.02,0.37,0.12,0.22,1.24,0.943,TREND-DOWN
2026-10-08,M7,MOTHERSON,SELL,NORMAL SELL,280,11:25,685,156.75,,BREAKOUT,1,0,,0.943,-1.539,AUTO,,,,,,,,1167.0,,2.22,,OPEN,418,0.96,100% trail 13:35,2.22,0.27,0.5,0.79,2.34,0.943,TREND-DOWN
2026-10-08,M7,MOTILALOFS,SELL,SELL-EX5,205,09:35,575,1047.0,,BREAKOUT,1,0,,0.943,-1.957,CAPMKTS,,,,,,,,1537.0,,1.8,,OPEN,891,1.14,100% trail 13:30,1.91,0.38,0.48,0.56,3.12,0.943,TREND-DOWN
2026-10-08,M7,MPHASIS,BUY,BUY-EX,101,09:55,595,2335.5,,PULLBACK,1,0,,0.943,2.031,IT,,,,,,,,-288.0,,-1.0,,100% SL 14:05,-604,-0.66,OPEN,0.44,0.79,0.26,0.34,-1.37,0.943,TREND-DOWN
2026-10-08,M7,MUTHOOTFIN,SELL,SELL-EX1,201,09:35,575,2629.0,,BREAKOUT,1,0,,0.943,-0.957,FIN,,,,,,,,1319.0,,3.69,,OPEN,493,1.62,100% trail 11:05,3.69,0.69,1.52,1.9,2.64,0.943,TREND-DOWN
2026-10-08,M7,NAM-INDIA,BUY,BUY-EX9,108,09:35,575,1050.6,,PULLBACK,1,0,,0.943,0.325,CAPMKTS,,,,,,,,-260.0,,-1.0,,100% SL 12:15,-177,-0.36,100% trail 11:25,1.67,3.38,1.2,1.67,-1.07,0.943,TREND-DOWN
2026-10-08,M7,NATIONALUM,SELL,SELL-EX3,203,09:40,580,316.1,,BREAKOUT,1,0,,0.943,-1.618,MET,,,,,,,,462.0,,0.52,,OPEN,421,0.52,OPEN,0.77,0.25,0.14,0.4,0.95,0.943,TREND-DOWN
2026-10-08,M7,NAUKRI,SELL,SELL-EX16,216,09:40,580,1193.5,,BREAKOUT,1,0,,0.943,-2.595,NEWAGE,,,,,,,,160.0,,0.18,,OPEN,145,0.18,OPEN,0.18,0.3,0.07,0.07,0.9,0.943,TREND-DOWN
2026-10-08,M7,NBCC,SELL,SELL-EX3,203,09:40,580,75.98,,BREAKOUT,1,0,,0.943,-0.99,PSE,,,,,,,,1303.0,,2.24,,OPEN,949,1.78,100% trail 14:30,2.22,0.44,0.19,0.19,2.61,0.943,TREND-DOWN
2026-10-08,M7,NESTLEIND,BUY,BUY-EX17,102,09:55,595,1336.1,,BREAKOUT,1,0,,0.943,0.914,FMCG,,,,,,,,-506.0,,-1.0,,100% SL 13:00,-593,-1.0,100% SL 13:00,0.67,1.76,0.67,0.67,-1.28,0.943,TREND-DOWN
2026-10-08,M7,NHPC,SELL,SELL-EX1,201,10:30,630,72.07,,BREAKOUT,1,0,,0.943,-0.593,ENE,,,,,,,,291.0,,1.12,,OPEN,353,1.7,100% trail 13:20,2.51,0.59,1.27,1.27,0.58,0.943,TREND-DOWN
2026-10-08,M7,NTPC,SELL,SELL-EX3,203,09:40,580,312.85,,BREAKOUT,1,0,,0.943,-1.231,ENE,,,,,,,,501.0,,1.06,,OPEN,459,1.06,OPEN,1.44,0.49,0.37,0.41,1.01,0.943,TREND-DOWN
2026-10-08,M7,NUVAMA,SELL,SELL-EX1,201,09:40,580,1784.7,,BREAKOUT,1,0,,0.943,-2.256,CAPMKTS,,,,,,,,1411.0,,2.15,,100% EOD 15:20,529,0.94,100% trail 13:35,2.71,0.82,0.66,0.66,2.65,0.943,TREND-DOWN
2026-10-08,M7,NYKAA,SELL,SELL-EX19,219,09:35,575,339.8,,BREAKOUT,1,0,,0.943,-0.425,NEWAGE,,,,,,,,1103.0,,1.87,,OPEN,521,1.03,100% trail 14:30,1.87,0.4,0.36,0.36,2.21,0.943,TREND-DOWN
2026-10-08,M7,OBEROIRLTY,SELL,SELL-EX1,201,09:40,580,1704.1,,BREAKOUT,1,0,,0.943,-1.838,REALTY,,,,,,,,1183.0,,2.88,,OPEN,97,0.45,100% trail 13:35,2.89,0.69,0.08,0.08,2.39,0.943,TREND-DOWN
2026-10-08,M7,OIL,SELL,SELL-EX8,208,09:40,580,449.85,,BREAKOUT,1,0,,0.943,-0.476,OIL,,,,,,,,316.0,,0.66,,OPEN,368,0.96,100% trail 14:30,1.42,0.28,0.13,0.42,0.63,0.943,TREND-DOWN
2026-10-08,M7,ONGC,SELL,SELL-EX8,208,09:40,580,220.77,,BREAKOUT,1,0,,0.943,-0.5,OIL,,,,,,,,219.0,,0.43,,OPEN,177,0.43,OPEN,0.89,0.19,0.29,0.29,0.44,0.943,TREND-DOWN
2026-10-08,M7,PAGEIND,SELL,SELL-EX3,203,09:35,575,37120.0,,BREAKOUT,1,0,,0.943,-1.198,CONSUMPTION,,,,,,,,670.0,,1.48,,OPEN,348,0.91,100% trail 15:10,1.48,0.67,0.21,0.21,1.8,0.943,TREND-DOWN
2026-10-08,M7,PATANJALI,SELL,NORMAL SELL,280,11:25,685,353.2,,BREAKOUT,1,0,,0.943,-2.147,FMCG,,,,,,,,-254.0,,-0.49,,OPEN,-296,-0.49,OPEN,0.84,0.59,0.14,0.46,-0.51,0.943,TREND-DOWN
2026-10-08,M7,PETRONET,SELL,SELL-EX3,203,09:35,575,290.35,,BREAKOUT,1,0,,0.943,-2.239,OIL,,,,,,,,250.0,,0.28,,OPEN,217,0.28,OPEN,0.35,0.32,0.05,0.05,0.64,0.943,TREND-DOWN
2026-10-08,M7,PFC,BUY,BUY-EX17,102,09:50,590,328.35,,BREAKOUT,1,0,,0.943,0.86,FIN,,,,,,,,-542.0,,-1.0,,100% SL 13:20,-629,-1.0,100% SL 13:20,0.97,1.5,0.22,0.66,-1.42,0.943,TREND-DOWN
2026-10-08,M7,PGEL,SELL,SELL-EX3,203,09:40,580,512.6,,BREAKOUT,1,0,,0.943,-1.801,CDUR,,,,,,,,-883.0,,-1.0,,100% SL 09:50,-971,-1.0,100% SL 09:50,0.23,2.18,0.03,0.03,0.39,0.943,TREND-DOWN
2026-10-08,M7,PGEL,BUY,BUY-EX6,105,09:55,595,525.55,,BREAKOUT,1,0,,0.943,0.68,CDUR,,,,,,,,-895.0,,-1.0,,100% SL 14:00,-956,-1.0,100% SL 14:00,0.52,1.13,0.52,0.52,-2.84,0.943,TREND-DOWN
2026-10-08,M7,PHOENIXLTD,SELL,SELL-EX3,203,09:30,570,1815.2,,BREAKOUT,1,0,,0.943,-1.642,REALTY,,,,,,,,1188.0,,1.58,,OPEN,477,0.75,100% trail 13:35,1.58,0.23,0.51,0.51,2.42,0.943,TREND-DOWN
2026-10-08,M7,PIDILITIND,BUY,BUY-EX17,102,10:00,600,1496.9,,BREAKOUT,1,0,,0.943,0.564,CHEMICALS,,,,,,,,-304.0,,-1.06,,100% SL 10:20,-391,-1.06,100% SL 10:20,0.13,4.23,0.13,0.13,-2.46,0.943,TREND-DOWN
2026-10-08,M7,PIIND,SELL,SELL-EX3,203,09:35,575,2173.6,,BREAKOUT,1,0,,0.943,-1.647,CHEMICALS,,,,,,,,1693.0,,2.0,,OPEN,828,1.08,100% trail 14:35,2.0,0.29,0.15,0.47,3.39,0.943,TREND-DOWN
2026-10-08,M7,PNB,BUY,BUY-EX,101,09:30,570,115.36,,BREAKOUT,1,0,,0.943,0.672,PSUBK,,,,,,,,-30.0,,-0.04,,OPEN,429,0.75,100% trail 11:25,1.19,0.24,0.99,1.19,-0.06,0.943,TREND-DOWN
2026-10-08,M7,PNBHOUSING,BUY,BUY-EX,101,09:30,570,1155.8,,BREAKOUT,1,0,,0.943,2.193,FIN,,,,,,,,-209.0,,-0.23,,OPEN,-235,-0.23,OPEN,0.44,0.39,0.44,0.44,-0.5,0.943,TREND-DOWN
2026-10-08,M7,POLICYBZR,SELL,SELL-EX2,202,09:40,580,1023.2,,BREAKOUT,1,0,,0.943,-1.615,INSURANCE,,,,,,,,1006.0,,1.13,,OPEN,511,0.65,100% trail 13:35,1.16,0.39,0.03,0.2,2.66,0.943,TREND-DOWN
2026-10-08,M7,POLYCAB,SELL,SELL-EX2,202,11:55,715,8226.0,,BREAKOUT,1,0,,0.943,-1.011,CAPGOODS,,,,,,,,450.0,,1.18,,OPEN,408,1.18,OPEN,1.37,0.3,0.35,0.49,0.91,0.943,TREND-DOWN
2026-10-08,M7,POWERGRID,SELL,SELL-EX3,203,09:30,570,251.25,,BREAKOUT,1,0,,0.943,-0.711,ENE,,,,,,,,1313.0,,3.0,,OPEN,789,2.0,100% trail 14:10,3.0,0.27,1.55,1.91,2.63,0.943,TREND-DOWN
2026-10-08,M7,POWERINDIA,SELL,SELL-EX1,201,10:40,640,31230.0,,BREAKOUT,1,0,,0.943,-1.202,CAPGOODS,,,,,,,,295.0,,0.96,,OPEN,289,1.12,100% trail 15:10,1.65,0.41,0.1,0.62,0.94,0.943,TREND-DOWN
2026-10-08,M7,PRESTIGE,SELL,SELL-EX1,201,09:40,580,1405.5,,BREAKOUT,1,0,,0.943,-1.665,REALTY,,,,,,,,-192.0,,-0.3,,OPEN,-233,-0.3,OPEN,0.85,0.85,0.03,0.03,-0.39,0.943,TREND-DOWN
2026-10-08,M7,RADICO,SELL,NORMAL SELL,280,11:25,685,4483.0,,BREAKOUT,1,0,,0.943,-0.267,FMCG,,,,,,,,748.0,,1.76,,OPEN,707,1.76,OPEN,1.76,0.26,0.18,0.32,1.52,0.943,TREND-DOWN
2026-10-08,M7,RBLBANK,SELL,SELL-EX1,201,09:40,580,408.5,,BREAKOUT,1,0,,0.943,-0.85,BANK,,,,,,,,952.0,,2.49,,OPEN,599,1.79,100% trail 12:55,2.49,0.53,0.45,0.69,1.91,0.943,TREND-DOWN
2026-10-08,M7,RECLTD,BUY,BUY-EX7,106,10:45,645,299.7,,BREAKOUT,1,0,,0.943,0.268,FIN,,,,,,,,-417.0,,-1.0,,100% SL 12:55,-504,-1.0,100% SL 12:55,0.66,2.69,0.66,0.66,-1.57,0.943,TREND-DOWN
2026-10-08,M7,RELIANCE,SELL,SELL-EX3,203,09:35,575,1199.2,,BREAKOUT,1,0,,0.943,-0.704,ENE,,,,,,,,869.0,,2.43,,OPEN,851,2.62,100% trail 13:35,3.0,0.33,0.77,1.34,1.77,0.943,TREND-DOWN
2026-10-08,M7,RVNL,SELL,SELL-EX3,203,09:40,580,192.34,,BREAKOUT,1,0,,0.943,-1.802,RAILWAYS,,,,,,,,1331.0,,1.56,,OPEN,600,0.8,100% trail 13:35,1.64,0.25,0.16,0.16,2.67,0.943,TREND-DOWN
2026-10-08,M7,SAIL,SELL,SELL-EX3,203,09:40,580,172.74,,BREAKOUT,1,0,,0.943,-0.901,MET,,,,,,,,1876.0,,2.61,,OPEN,820,1.26,100% trail 13:35,2.68,0.46,0.42,0.88,3.76,0.943,TREND-DOWN
2026-10-08,M7,SBILIFE,SELL,SELL-EX3,203,09:55,595,1679.0,,BREAKOUT,1,0,,0.943,-2.729,INSURANCE,,,,,,,,-102.0,,-0.18,,OPEN,26,0.19,100% trail 14:35,1.03,0.35,0.28,0.34,-0.21,0.943,TREND-DOWN
2026-10-08,M7,SBIN,SELL,NORMAL SELL,280,11:25,685,946.85,,BREAKOUT,1,0,,0.943,-0.749,PSUBK,,,,,,,,356.0,,1.48,,OPEN,232,1.32,100% trail 14:35,2.0,0.46,0.2,1.11,0.72,0.943,TREND-DOWN
2026-10-08,M7,SHREECEM,BUY,BUY-EX7,106,11:10,670,21795.0,,BREAKOUT,1,0,,0.943,0.069,CEMENT,,,,,,,,-139.0,,-1.0,,100% SL 11:25,-216,-1.0,100% SL 11:25,0.36,4.97,0.36,0.36,-0.89,0.943,TREND-DOWN
2026-10-08,M7,SHRIRAMFIN,SELL,SELL-EX12,212,09:45,585,933.9,,BREAKOUT,1,0,,0.943,-1.487,FIN,,,,,,,,882.0,,1.11,,OPEN,840,1.11,OPEN,1.11,0.51,0.1,0.1,1.78,0.943,TREND-DOWN
2026-10-08,M7,SIEMENS,SELL,SELL-EX5,205,10:25,625,3726.9,,BREAKOUT,1,0,,0.943,-1.743,CAPGOODS,,,,,,,,1143.0,,4.66,,OPEN,563,2.65,100% trail 13:25,4.84,0.99,0.59,0.59,2.36,0.943,TREND-DOWN
2026-10-08,M7,SOLARINDS,BUY,BUY-EX12,111,11:15,675,20115.0,,BREAKOUT,1,0,,0.943,0.324,DEF,,,,,,,,-498.0,,-1.0,,100% SL 11:25,-568,-1.0,100% SL 11:25,0.26,2.02,0.26,0.26,-1.22,0.943,TREND-DOWN
2026-10-08,M7,SOLARINDS,SELL,SELL-EX1,201,11:50,710,19839.0,,BREAKOUT,1,0,,0.943,-1.052,DEF,,,,,,,,-62.0,,-0.09,,OPEN,-95,-0.09,OPEN,0.65,0.12,0.61,0.61,-0.16,0.943,TREND-DOWN
2026-10-08,M7,SONACOMS,SELL,SELL-EX1,201,09:35,575,805.85,,BREAKOUT,1,0,,0.943,-0.574,AUTO,,,,,,,,797.0,,1.28,,OPEN,675,1.23,100% trail 14:10,1.7,0.4,0.28,0.28,1.59,0.943,TREND-DOWN
2026-10-08,M7,SRF,BUY,BUY-EX17,102,10:05,605,2468.4,,BREAKOUT,1,0,,0.943,0.341,CHEMICALS,,,,,,,,336.0,,0.7,,OPEN,315,0.83,100% trail 12:25,2.47,0.45,0.81,2.14,0.68,0.943,TREND-DOWN
2026-10-08,M7,SUNPHARMA,SELL,NORMAL SELL,280,11:00,660,1775.0,,BREAKOUT,1,0,,0.943,-0.337,PHA,,,,,,,,426.0,,0.71,,OPEN,491,0.97,100% trail 14:30,1.37,0.07,0.56,0.56,0.86,0.943,TREND-DOWN
2026-10-08,M7,SUZLON,SELL,SELL-EX5,205,09:40,580,37.67,,BREAKOUT,1,0,,0.943,-1.748,GREEN,,,,,,,,1472.0,,1.64,,OPEN,1434,1.64,OPEN,1.74,0.26,0.03,0.12,3.29,0.943,TREND-DOWN
2026-10-08,M7,SWIGGY,SELL,SELL-EX8,208,09:40,580,242.65,,BREAKOUT,1,0,,0.943,-1.362,NEWAGE,,,,,,,,1586.0,,1.77,,OPEN,1544,1.77,OPEN,1.99,0.83,0.11,0.21,3.17,0.943,TREND-DOWN
2026-10-08,M7,TATACONSUM,SELL,SELL-EX1,201,11:25,685,961.1,,BREAKOUT,1,0,,0.943,-0.764,FMCG,,,,,,,,478.0,,1.55,,OPEN,453,1.75,100% trail 14:35,2.32,0.62,0.44,0.82,0.96,0.943,TREND-DOWN
2026-10-08,M7,TATAPOWER,SELL,SELL-EX3,203,09:40,580,340.85,,BREAKOUT,1,0,,0.943,-1.246,ENE,,,,,,,,759.0,,0.86,,OPEN,582,0.76,100% trail 13:30,1.14,0.27,0.2,0.47,1.53,0.943,TREND-DOWN
2026-10-08,M7,TATASTEEL,SELL,SELL-EX2,202,10:10,610,173.2,,BREAKOUT,1,0,,0.943,-1.389,MET,,,,,,,,-560.0,,-1.0,,100% SL 10:45,-648,-1.0,100% SL 10:45,1.31,1.0,0.45,0.45,0.72,0.943,TREND-DOWN
2026-10-08,M7,TIINDIA,SELL,SELL-EX1,201,09:55,595,2355.1,,BREAKOUT,1,0,,0.943,-1.378,AUTO,,,,,,,,2396.0,,4.59,,OPEN,1431,2.9,100% trail 13:20,4.59,0.81,0.5,1.05,4.84,0.943,TREND-DOWN
2026-10-08,M7,TITAN,BUY,BUY-EX17,102,09:30,570,4400.1,,BREAKOUT,1,0,,0.943,0.528,CDUR,,,,,,,,-363.0,,-1.0,,100% SL 15:10,200,0.79,100% trail 12:10,2.03,1.23,0.6,1.13,-0.92,0.943,TREND-DOWN
2026-10-08,M7,TMPV,SELL,SELL-EX1,201,09:40,580,280.45,,BREAKOUT,1,0,,0.943,-0.901,AUTO,,,,,,,,1326.0,,2.4,,OPEN,1284,2.4,OPEN,2.4,0.31,0.19,0.19,2.66,0.943,TREND-DOWN
2026-10-08,M7,TORNTPHARM,SELL,SELL-EX1,201,10:35,635,4675.0,,BREAKOUT,1,0,,0.943,-0.874,PHA,,,,,,,,579.0,,1.49,,OPEN,329,1.05,100% trail 13:35,2.1,0.39,0.39,1.28,1.24,0.943,TREND-DOWN
2026-10-08,M7,TRENT,BUY,BUY-EX,101,09:30,570,2914.2,,BREAKOUT,1,0,,0.943,0.827,CONSUMPTION,,,,,,,,-644.0,,-0.92,,OPEN,-675,-0.92,OPEN,0.53,0.92,0.36,0.36,-1.3,0.943,TREND-DOWN
2026-10-08,M7,TVSMOTOR,BUY,BUY-EX17,102,10:05,605,3958.6,,BREAKOUT,1,0,,0.943,0.83,AUTO,,,,,,,,-619.0,,-1.0,,100% SL 12:15,-702,-1.0,100% SL 12:15,0.1,2.31,0.1,0.1,-3.01,0.943,TREND-DOWN
2026-10-08,M7,ULTRACEMCO,SELL,SELL-EX1,201,10:35,635,10572.0,,BREAKOUT,1,0,,0.943,-0.807,CEMENT,,,,,,,,584.0,,3.73,,OPEN,-123,-0.31,100% trail 12:10,3.73,0.82,0.41,1.23,1.38,0.943,TREND-DOWN
2026-10-08,M7,UNIONBANK,BUY,BUY-EX7,106,10:10,610,174.27,,BREAKOUT,1,0,,0.943,0.647,PSUBK,,,,,,,,-516.0,,-1.0,,100% SL 11:25,-603,-1.0,100% SL 11:25,0.14,1.54,0.14,0.14,-1.58,0.943,TREND-DOWN
2026-10-08,M7,UNITDSPR,SELL,SELL-EX3,203,09:40,580,1335.7,,BREAKOUT,1,0,,0.943,-0.618,FMCG,,,,,,,,648.0,,1.2,,OPEN,358,0.83,100% trail 13:35,1.85,0.51,0.1,0.1,1.31,0.943,TREND-DOWN
2026-10-08,M7,UNOMINDA,BUY,BUY-EX9,108,11:15,675,1104.6,,BREAKOUT,1,0,,0.943,-0.018,AUTO,,,,,,,,-347.0,,-1.0,,100% SL 11:25,-434,-1.0,100% SL 11:25,0.14,2.54,0.14,0.14,-1.77,0.943,TREND-DOWN
2026-10-08,M7,UPL,SELL,SELL-EX8,208,09:50,590,490.95,,BREAKOUT,1,0,,0.943,-0.818,CHEMICALS,,,,,,,,1000.0,,2.68,,OPEN,1010,2.93,100% trail 14:30,3.91,0.78,0.39,1.32,2.02,0.943,TREND-DOWN
2026-10-08,M7,VBL,SELL,SELL-EX8,208,09:50,590,436.25,,BREAKOUT,1,0,,0.943,-1.021,FMCG,,,,,,,,484.0,,1.12,,OPEN,308,0.91,100% trail 14:30,1.83,0.7,0.67,0.67,0.97,0.943,TREND-DOWN
2026-10-08,M7,VEDL,SELL,SELL-EX3,203,09:40,580,258.1,,BREAKOUT,1,0,,0.943,-1.262,MET,,,,,,,,965.0,,1.22,,OPEN,923,1.22,OPEN,1.22,0.22,0.16,0.16,1.94,0.943,TREND-DOWN
2026-10-08,M7,VMM,SELL,SELL-EX8,208,09:40,580,98.01,,BREAKOUT,1,0,,0.943,-2.478,CONSUMPTION,,,,,,,,507.0,,0.56,,OPEN,466,0.56,OPEN,0.68,0.49,0.11,0.17,1.03,0.943,TREND-DOWN
2026-10-08,M7,VOLTAS,SELL,NORMAL SELL,280,11:25,685,1043.9,,BREAKOUT,1,0,,0.943,-1.221,CDUR,,,,,,,,559.0,,1.14,,OPEN,492,1.18,100% trail 15:15,1.9,0.18,0.28,0.95,1.14,0.943,TREND-DOWN
2026-10-08,M7,WAAREEENER,SELL,SELL-EX8,208,09:35,575,2371.6,,BREAKOUT,1,0,,0.943,-1.224,GREEN,,,,,,,,1147.0,,1.83,,OPEN,997,1.73,100% trail 14:30,1.95,0.23,0.29,0.29,2.3,0.943,TREND-DOWN
2026-10-08,M7,ZYDUSLIFE,SELL,SELL-EX3,203,09:40,580,1138.0,,BREAKOUT,1,0,,0.943,-1.301,PHA,,,,,,,,858.0,,0.96,,OPEN,573,0.71,100% trail 12:05,1.04,0.15,0.15,0.46,2.28,0.943,TREND-DOWN
2026-10-08,M7,360ONE,SELL,ENTRY SELL,290,09:20,560,1057.4,,,0,0,scanner-table preview (90/290) — no chart label,0.943,-0.527,CAPMKTS,,,,,,,,,,,,,392,1.3,100% trail 13:35,2.39,0.85,0.18,0.2,1.54,0.943,TREND-DOWN
2026-10-08,M7,ADANIENSOL,SELL,ENTRY SELL,290,09:25,565,1298.0,,,0,0,scanner-table preview (90/290) — no chart label,0.943,-1.577,ENE,,,,,,,,,,,,,1514,1.79,100% trail 13:20,2.05,0.43,0.43,0.97,3.58,0.943,TREND-DOWN
2026-10-08,M7,ADANIENT,SELL,ENTRY SELL,290,09:20,560,2699.8,,,0,0,scanner-table preview (90/290) — no chart label,0.943,-1.575,INFRA,,,,,,,,,,,,,1022,1.44,100% trail 11:10,3.57,0.31,1.28,1.96,3.84,0.943,TREND-DOWN
2026-10-08,M7,ADANIGREEN,SELL,ENTRY SELL,290,09:20,560,1314.7,,,0,0,scanner-table preview (90/290) — no chart label,0.943,-1.99,GREEN,,,,,,,,,,,,,2741,3.2,100% trail 13:15,3.71,0.28,0.56,1.5,6.01,0.943,TREND-DOWN
2026-10-08,M7,ADANIPORTS,SELL,ENTRY SELL,290,09:20,560,1725.9,,,0,0,scanner-table preview (90/290) — no chart label,0.943,-1.383,LOGISTICS,,,,,,,,,,,,,507,0.95,100% trail 10:45,2.28,0.32,0.95,1.58,1.04,0.943,TREND-DOWN
2026-10-08,M7,ADANIPOWER,SELL,ENTRY SELL,290,09:20,560,193.17,,,0,0,scanner-table preview (90/290) — no chart label,0.943,-1.914,ENE,,,,,,,,,,,,,1829,2.76,100% trail 13:20,3.38,0.24,0.77,1.43,2.68,0.943,TREND-DOWN
2026-10-08,M7,AMBUJACEM,BUY,ENTRY BUY,90,09:20,560,356.6,,,0,0,scanner-table preview (90/290) — no chart label,0.943,-0.084,CEMENT,,,,,,,,,,,,,-280,-1.0,100% SL 09:25,0.29,11.39,0.29,0.29,-4.37,0.943,TREND-DOWN
2026-10-08,M7,AMBUJACEM,SELL,ENTRY SELL,290,09:25,565,355.4,,,0,0,scanner-table preview (90/290) — no chart label,0.943,-0.42,CEMENT,,,,,,,,,,,,,-7,0.35,100% trail 11:10,8.62,0.84,1.74,1.74,4.05,0.943,TREND-DOWN
2026-10-08,M7,APLAPOLLO,SELL,ENTRY SELL,290,09:20,560,2102.5,,,0,0,scanner-table preview (90/290) — no chart label,0.943,-1.522,MET,,,,,,,,,,,,,444,1.3,100% trail 13:05,3.55,0.65,0.58,0.58,2.97,0.943,TREND-DOWN
2026-10-08,M7,ASIANPAINT,SELL,ENTRY SELL,290,09:20,560,2348.7,,,0,0,scanner-table preview (90/290) — no chart label,0.943,-0.986,CHEMICALS,,,,,,,,,,,,,-427,-1.0,100% SL 10:05,2.29,1.0,0.39,0.39,1.58,0.943,TREND-DOWN
2026-10-08,M7,AUROPHARMA,SELL,ENTRY SELL,290,09:20,560,1673.0,,,0,0,scanner-table preview (90/290) — no chart label,0.943,-0.535,PHA,,,,,,,,,,,,,75,0.62,100% trail 10:45,3.49,0.67,0.86,0.98,1.67,0.943,TREND-DOWN
2026-10-08,M7,BANDHANBNK,SELL,ENTRY SELL,290,09:20,560,161.41,,,0,0,scanner-table preview (90/290) — no chart label,0.943,-0.969,BANK,,,,,,,,,,,,,1817,4.24,100% trail 13:25,4.99,0.72,2.14,2.24,3.64,0.943,TREND-DOWN
2026-10-08,M7,BANKBARODA,BUY,ENTRY BUY,90,09:20,560,235.0,,,0,0,scanner-table preview (90/290) — no chart label,0.943,0.192,PSUBK,,,,,,,,,,,,,434,1.41,100% trail 11:25,2.51,1.09,2.11,2.51,-0.43,0.943,TREND-DOWN
2026-10-08,M7,BDL,SELL,ENTRY SELL,290,09:20,560,1069.5,,,0,0,scanner-table preview (90/290) — no chart label,0.943,-1.429,DEF,,,,,,,,,,,,,631,0.99,100% trail 13:00,1.37,0.33,0.28,0.28,1.78,0.943,TREND-DOWN
2026-10-08,M7,BEL,SELL,ENTRY SELL,290,09:20,560,374.1,,,0,0,scanner-table preview (90/290) — no chart label,0.943,-1.11,DEF,,,,,,,,,,,,,889,1.81,OPEN,2.0,0.32,0.41,0.41,1.87,0.943,TREND-DOWN
2026-10-08,M7,BEL,BUY,BUY-EX9,108,11:05,665,374.8,,,0,0,open position already on stock (1-open-trade rule),0.943,-0.925,DEF,,,,,,,,,,,,,-277,-1.0,100% SL 11:25,0.39,5.95,0.39,0.39,-2.05,0.943,TREND-DOWN
2026-10-08,M7,BHARATFORG,SELL,ENTRY SELL,290,09:20,560,1824.3,,,0,0,scanner-table preview (90/290) — no chart label,0.943,-0.95,AUTO,,,,,,,,,,,,,-389,-1.0,100% SL 10:15,4.13,1.24,0.83,0.83,1.85,0.943,TREND-DOWN
2026-10-08,M7,BHARTIARTL,SELL,ENTRY SELL,290,09:35,575,1821.2,,,0,0,scanner-table preview (90/290) — no chart label,0.943,-0.693,TELECOM,,,,,,,,,,,,,379,0.8,100% trail 15:15,1.4,0.34,0.26,0.26,0.91,0.943,TREND-DOWN
2026-10-08,M7,BIOCON,SELL,ENTRY SELL,290,09:25,565,359.4,,,0,0,scanner-table preview (90/290) — no chart label,0.943,-0.167,PHA,,,,,,,,,,,,,141,0.93,100% trail 09:45,6.69,0.56,1.58,2.03,2.62,0.943,TREND-DOWN
2026-10-08,M7,BLUESTARCO,SELL,ENTRY SELL,290,09:20,560,1521.1,,,0,0,scanner-table preview (90/290) — no chart label,0.943,-0.588,CDUR,,,,,,,,,,,,,-669,-1.0,100% SL 10:10,0.36,1.23,0.36,0.36,0.14,0.943,TREND-DOWN
2026-10-08,M7,BOSCHLTD,SELL,ENTRY SELL,290,09:20,560,44020.0,,,0,0,scanner-table preview (90/290) — no chart label,0.943,-0.878,AUTO,,,,,,,,,,,,,828,2.12,OPEN,2.45,0.29,0.66,0.66,1.97,0.943,TREND-DOWN
2026-10-08,M7,BOSCHLTD,SELL,SELL-EX5,205,10:30,630,43750.0,,,0,0,open position already on stock (1-open-trade rule),0.943,-1.486,AUTO,,,,,,,,,,,,,558,2.44,OPEN,2.99,0.51,1.7,2.46,1.36,0.943,TREND-DOWN
2026-10-08,M7,BPCL,SELL,ENTRY SELL,290,09:20,560,291.9,,,0,0,scanner-table preview (90/290) — no chart label,0.943,-1.502,OIL,,,,,,,,,,,,,895,2.01,100% trail 13:30,2.88,0.58,0.66,0.66,1.94,0.943,TREND-DOWN
2026-10-08,M7,CAMS,SELL,ENTRY SELL,290,09:20,560,682.55,,,0,0,scanner-table preview (90/290) — no chart label,0.943,-1.735,CAPMKTS,,,,,,,,,,,,,801,1.49,100% trail 13:00,2.46,0.73,0.59,0.63,2.94,0.943,TREND-DOWN
2026-10-08,M7,CGPOWER,SELL,ENTRY SELL,290,09:20,560,879.8,,,0,0,scanner-table preview (90/290) — no chart label,0.943,-1.643,CAPGOODS,,,,,,,,,,,,,648,0.83,100% trail 14:30,1.07,0.41,0.09,0.09,2.02,0.943,TREND-DOWN
2026-10-08,M7,CIPLA,SELL,ENTRY SELL,290,09:25,565,1326.4,,,0,0,scanner-table preview (90/290) — no chart label,0.943,-0.06,PHA,,,,,,,,,,,,,674,2.95,100% trail 12:15,4.94,0.32,1.02,1.49,1.48,0.943,TREND-DOWN
2026-10-08,M7,COALINDIA,SELL,ENTRY SELL,290,09:20,560,411.05,,,0,0,scanner-table preview (90/290) — no chart label,0.943,-0.832,ENE,,,,,,,,,,,,,436,1.52,100% trail 12:45,2.47,0.83,0.28,0.94,0.41,0.943,TREND-DOWN
2026-10-08,M7,COCHINSHIP,SELL,ENTRY SELL,290,09:20,560,1241.7,,,0,0,scanner-table preview (90/290) — no chart label,0.943,-1.068,DEF,,,,,,,,,,,,,715,1.4,100% trail 13:35,2.91,0.39,0.39,0.39,3.36,0.943,TREND-DOWN
2026-10-08,M7,CONCOR,SELL,ENTRY SELL,290,09:20,560,436.6,,,0,0,scanner-table preview (90/290) — no chart label,0.943,-0.716,LOGISTICS,,,,,,,,,,,,,-697,-1.0,100% SL 10:15,0.63,1.46,0.07,0.07,0.6,0.943,TREND-DOWN
2026-10-08,M7,DABUR,SELL,ENTRY SELL,290,09:25,565,383.25,,,0,0,scanner-table preview (90/290) — no chart label,0.943,-0.078,FMCG,,,,,,,,,,,,,-269,-1.0,100% trail 10:00,4.64,2.37,1.19,1.19,1.68,0.943,TREND-DOWN
2026-10-08,M7,DALBHARAT,BUY,ENTRY BUY,90,09:25,565,1651.7,,,0,0,scanner-table preview (90/290) — no chart label,0.943,0.713,CEMENT,,,,,,,,,,,,,-559,-1.0,100% SL 10:15,-0.0,4.2,-0.0,-0.0,-3.56,0.943,TREND-DOWN
2026-10-08,M7,DELHIVERY,SELL,ENTRY SELL,290,09:20,560,393.25,,,0,0,scanner-table preview (90/290) — no chart label,0.943,-1.231,LOGISTICS,,,,,,,,,,,,,-639,-1.0,100% SL 09:30,0.03,2.97,0.03,0.03,-0.95,0.943,TREND-DOWN
2026-10-08,M7,DIVISLAB,SELL,ENTRY SELL,290,09:20,560,9561.0,,,0,0,scanner-table preview (90/290) — no chart label,0.943,-0.282,PHA,,,,,,,,,,,,,674,1.85,100% trail 14:30,2.5,0.65,0.87,0.87,2.09,0.943,TREND-DOWN
2026-10-08,M7,DIXON,SELL,ENTRY SELL,290,09:20,560,12903.0,,,0,0,scanner-table preview (90/290) — no chart label,0.943,-0.929,CDUR,,,,,,,,,,,,,726,1.8,OPEN,1.86,0.75,0.23,0.23,1.96,0.943,TREND-DOWN
2026-10-08,M7,DLF,SELL,ENTRY SELL,290,09:20,560,646.5,,,0,0,scanner-table preview (90/290) — no chart label,0.943,-1.448,REALTY,,,,,,,,,,,,,615,1.38,100% trail 14:30,1.86,0.35,0.56,0.65,1.48,0.943,TREND-DOWN
2026-10-08,M7,DLF,BUY,BUY-EX9,108,11:10,670,648.05,,,0,0,open position already on stock (1-open-trade rule),0.943,-1.212,REALTY,,,,,,,,,,,,,-547,-1.0,100% SL 12:30,0.13,2.32,0.13,0.13,-1.71,0.943,TREND-DOWN
2026-10-08,M7,DMART,BUY,ENTRY BUY,90,09:35,575,3630.4,,,0,0,scanner-table preview (90/290) — no chart label,0.943,-0.154,CONSUMPTION,,,,,,,,,,,,,-330,-1.0,100% SL 11:20,0.19,3.61,0.19,0.19,-1.25,0.943,TREND-DOWN
2026-10-08,M7,DRREDDY,SELL,ENTRY SELL,290,09:20,560,1191.8,,,0,0,scanner-table preview (90/290) — no chart label,0.943,-0.997,PHA,,,,,,,,,,,,,-407,-1.0,100% SL 09:30,3.11,1.17,0.29,0.29,0.99,0.943,TREND-DOWN
2026-10-08,M7,DRREDDY,BUY,ENTRY BUY,90,09:25,565,1197.0,,,0,0,scanner-table preview (90/290) — no chart label,0.943,-0.565,PHA,,,,,,,,,,,,,-259,-1.0,100% SL 10:20,0.95,7.0,0.95,0.95,-1.42,0.943,TREND-DOWN
2026-10-08,M7,EICHERMOT,SELL,ENTRY SELL,290,09:20,560,6920.5,,,0,0,scanner-table preview (90/290) — no chart label,0.943,-0.568,AUTO,,,,,,,,,,,,,289,1.76,100% trail 13:35,5.03,0.87,0.56,0.56,2.21,0.943,TREND-DOWN
2026-10-08,M7,ETERNAL,SELL,ENTRY SELL,290,09:20,560,324.55,,,0,0,scanner-table preview (90/290) — no chart label,0.943,-1.052,NEWAGE,,,,,,,,,,,,,218,0.56,100% trail 13:35,1.93,0.77,0.1,0.1,1.69,0.943,TREND-DOWN
2026-10-08,M7,FORTIS,SELL,ENTRY SELL,290,09:20,560,770.45,,,0,0,scanner-table preview (90/290) — no chart label,0.943,-1.11,HOSPITALS,,,,,,,,,,,,,169,0.67,100% trail 15:10,1.31,0.99,0.45,0.45,0.97,0.943,TREND-DOWN
2026-10-08,M7,GAIL,SELL,ENTRY SELL,290,09:20,560,168.89,,,0,0,scanner-table preview (90/290) — no chart label,0.943,-1.066,OIL,,,,,,,,,,,,,465,1.07,100% trail 13:35,1.44,0.33,0.48,0.48,0.7,0.943,TREND-DOWN
2026-10-08,M7,GLENMARK,SELL,ENTRY SELL,290,09:20,560,2271.6,,,0,0,scanner-table preview (90/290) — no chart label,0.943,-0.469,PHA,,,,,,,,,,,,,1031,4.18,100% trail 13:35,7.43,0.95,0.53,0.53,3.5,0.943,TREND-DOWN
2026-10-08,M7,GMRAIRPORT,SELL,ENTRY SELL,290,09:25,565,89.64,,,0,0,scanner-table preview (90/290) — no chart label,0.943,-1.7,INFRA,,,,,,,,,,,,,650,1.42,100% trail 12:45,2.1,0.44,0.69,0.9,2.09,0.943,TREND-DOWN
2026-10-08,M7,GODFRYPHLP,SELL,ENTRY SELL,290,09:20,560,1851.8,,,0,0,scanner-table preview (90/290) — no chart label,0.943,-0.569,FMCG,,,,,,,,,,,,,1496,6.0,100% trail 13:35,8.35,1.45,1.1,1.1,4.36,0.943,TREND-DOWN
2026-10-08,M7,GODREJPROP,SELL,ENTRY SELL,290,09:20,560,1556.0,,,0,0,scanner-table preview (90/290) — no chart label,0.943,-1.531,REALTY,,,,,,,,,,,,,466,0.94,100% trail 14:10,1.42,0.57,0.38,0.44,1.41,0.943,TREND-DOWN
2026-10-08,M7,HAL,SELL,ENTRY SELL,290,09:20,560,4712.9,,,0,0,scanner-table preview (90/290) — no chart label,0.943,-0.704,DEF,,,,,,,,,,,,,369,1.01,100% trail 13:35,2.04,0.67,0.11,0.2,1.39,0.943,TREND-DOWN
2026-10-08,M7,HAL,SELL,NORMAL SELL,280,10:35,635,4702.8,,,0,0,open position already on stock (1-open-trade rule),0.943,-0.916,DEF,,,,,,,,,,,,,-264,-1.0,100% SL 11:00,4.48,1.87,0.29,1.53,1.18,0.943,TREND-DOWN
2026-10-08,M7,HAVELLS,SELL,ENTRY SELL,290,09:20,560,1054.8,,,0,0,scanner-table preview (90/290) — no chart label,0.943,-0.537,CDUR,,,,,,,,,,,,,86,0.68,100% trail 11:10,5.84,0.72,1.28,1.28,2.95,0.943,TREND-DOWN
2026-10-08,M7,HCLTECH,BUY,ENTRY BUY,90,09:20,560,1206.1,,,0,0,scanner-table preview (90/290) — no chart label,0.943,1.781,IT,,,,,,,,,,,,,-957,-1.0,100% SL 14:20,0.27,1.37,0.27,0.27,-2.42,0.943,TREND-DOWN
2026-10-08,M7,HDFCAMC,SELL,ENTRY SELL,290,09:20,560,2284.0,,,0,0,scanner-table preview (90/290) — no chart label,0.943,-1.331,CAPMKTS,,,,,,,,,,,,,-389,-1.0,100% SL 09:35,3.39,1.13,0.23,0.23,1.71,0.943,TREND-DOWN
2026-10-08,M7,HDFCBANK,SELL,ENTRY SELL,290,09:20,560,700.55,,,0,0,scanner-table preview (90/290) — no chart label,0.943,-0.313,BANK,,,,,,,,,,,,,446,1.6,100% trail 14:30,2.13,0.45,0.39,0.97,1.18,0.943,TREND-DOWN
2026-10-08,M7,HEROMOTOCO,SELL,ENTRY SELL,290,09:20,560,4949.0,,,0,0,scanner-table preview (90/290) — no chart label,0.943,-1.099,AUTO,,,,,,,,,,,,,533,1.46,100% trail 13:50,2.48,0.86,0.21,0.21,1.87,0.943,TREND-DOWN
2026-10-08,M7,HINDALCO,SELL,ENTRY SELL,290,09:20,560,903.55,,,0,0,scanner-table preview (90/290) — no chart label,0.943,-1.203,MET,,,,,,,,,,,,,505,1.45,100% trail 11:55,2.29,0.65,0.37,0.73,1.48,0.943,TREND-DOWN
2026-10-08,M7,HINDALCO,SELL,SELL-EX1,201,10:15,615,900.4,,,0,0,open position already on stock (1-open-trade rule),0.943,-1.547,MET,,,,,,,,,,,,,332,1.85,100% trail 11:55,3.37,0.5,0.96,0.96,1.14,0.943,TREND-DOWN
2026-10-08,M7,HINDPETRO,SELL,ENTRY SELL,290,09:20,560,338.5,,,0,0,scanner-table preview (90/290) — no chart label,0.943,-1.355,OIL,,,,,,,,,,,,,1145,2.35,100% trail 13:35,3.42,0.27,0.77,0.77,3.52,0.943,TREND-DOWN
2026-10-08,M7,HINDUNILVR,SELL,ENTRY SELL,290,09:20,560,1856.6,,,0,0,scanner-table preview (90/290) — no chart label,0.943,-0.472,FMCG,,,,,,,,,,,,,274,0.8,OPEN,1.28,0.98,0.52,0.52,0.65,0.943,TREND-DOWN
2026-10-08,M7,HINDZINC,SELL,ENTRY SELL,290,09:20,560,546.0,,,0,0,scanner-table preview (90/290) — no chart label,0.943,-0.907,MET,,,,,,,,,,,,,1068,1.85,100% trail 14:35,2.21,0.29,0.53,0.57,2.61,0.943,TREND-DOWN
2026-10-08,M7,HYUNDAI,SELL,ENTRY SELL,290,09:20,560,1933.5,,,0,0,scanner-table preview (90/290) — no chart label,0.943,-0.591,AUTO,,,,,,,,,,,,,185,0.91,100% trail 13:40,2.28,0.92,0.44,0.44,0.96,0.943,TREND-DOWN
2026-10-08,M7,ICICIGI,BUY,ENTRY BUY,90,09:20,560,1614.7,,,0,0,scanner-table preview (90/290) — no chart label,0.943,1.553,INSURANCE,,,,,,,,,,,,,249,0.38,OPEN,0.53,0.18,0.38,0.4,0.58,0.943,TREND-DOWN
2026-10-08,M7,ICICIPRULI,SELL,ENTRY SELL,290,09:25,565,453.15,,,0,0,scanner-table preview (90/290) — no chart label,0.943,-0.951,INSURANCE,,,,,,,,,,,,,-26,0.21,100% trail 13:00,1.64,1.43,0.58,0.58,-0.85,0.943,TREND-DOWN
2026-10-08,M7,IDFCFIRSTB,SELL,ENTRY SELL,290,09:20,560,78.78,,,0,0,scanner-table preview (90/290) — no chart label,0.943,-0.955,BANK,,,,,,,,,,,,,156,0.66,100% trail 14:50,1.24,0.83,0.47,0.47,0.41,0.943,TREND-DOWN
2026-10-08,M7,INDHOTEL,SELL,ENTRY SELL,290,09:20,560,725.35,,,0,0,scanner-table preview (90/290) — no chart label,0.943,-0.814,TRAVEL,,,,,,,,,,,,,890,2.64,OPEN,2.89,0.47,0.84,0.84,1.89,0.943,TREND-DOWN
2026-10-08,M7,INDUSTOWER,BUY,ENTRY BUY,90,09:20,560,386.5,,,0,0,scanner-table preview (90/290) — no chart label,0.943,0.377,TELECOM,,,,,,,,,,,,,-330,-1.0,100% SL 09:40,1.01,7.21,1.01,1.01,-3.49,0.943,TREND-DOWN
2026-10-08,M7,INOXWIND,SELL,ENTRY SELL,290,09:20,560,65.91,,,0,0,scanner-table preview (90/290) — no chart label,0.943,-1.773,GREEN,,,,,,,,,,,,,1862,2.16,100% trail 14:30,2.78,0.61,1.08,1.08,5.28,0.943,TREND-DOWN
2026-10-08,M7,IOC,SELL,ENTRY SELL,290,09:20,560,129.4,,,0,0,scanner-table preview (90/290) — no chart label,0.943,-0.462,OIL,,,,,,,,,,,,,1200,3.56,100% trail 14:30,4.36,0.51,0.51,0.69,2.43,0.943,TREND-DOWN
2026-10-08,M7,IREDA,SELL,ENTRY SELL,290,09:20,560,107.12,,,0,0,scanner-table preview (90/290) — no chart label,0.943,-0.196,FIN,,,,,,,,,,,,,956,2.69,100% trail 13:30,4.37,0.65,0.58,0.63,3.1,0.943,TREND-DOWN
2026-10-08,M7,IRFC,SELL,ENTRY SELL,290,09:20,560,75.7,,,0,0,scanner-table preview (90/290) — no chart label,0.943,-0.591,RAILWAYS,,,,,,,,,,,,,361,1.22,100% trail 13:35,2.68,0.7,0.36,0.36,1.85,0.943,TREND-DOWN
2026-10-08,M7,ITC,SELL,ENTRY SELL,290,09:20,560,260.25,,,0,0,scanner-table preview (90/290) — no chart label,0.943,-2.051,FMCG,,,,,,,,,,,,,959,1.25,100% trail 14:20,1.62,0.55,0.67,0.67,2.02,0.943,TREND-DOWN
2026-10-08,M7,JINDALSTEL,SELL,ENTRY SELL,290,09:20,560,1049.1,,,0,0,scanner-table preview (90/290) — no chart label,0.943,-1.122,MET,,,,,,,,,,,,,1720,3.58,100% trail 15:05,4.44,0.54,1.94,2.18,3.73,0.943,TREND-DOWN
2026-10-08,M7,JIOFIN,SELL,ENTRY SELL,290,09:20,560,214.43,,,0,0,scanner-table preview (90/290) — no chart label,0.943,-0.929,FIN,,,,,,,,,,,,,28,0.43,100% trail 11:00,3.56,0.63,0.81,0.81,1.6,0.943,TREND-DOWN
2026-10-08,M7,JSWENERGY,SELL,ENTRY SELL,290,09:20,560,478.15,,,0,0,scanner-table preview (90/290) — no chart label,0.943,-1.938,ENE,,,,,,,,,,,,,501,0.95,100% trail 10:45,2.2,0.3,0.77,1.28,2.36,0.943,TREND-DOWN
2026-10-08,M7,JSWSTEEL,SELL,ENTRY SELL,290,09:20,560,1216.1,,,0,0,scanner-table preview (90/290) — no chart label,0.943,-1.13,MET,,,,,,,,,,,,,1396,2.93,100% trail 14:15,3.64,0.72,0.38,1.13,3.36,0.943,TREND-DOWN
2026-10-08,M7,JUBLFOOD,SELL,ENTRY SELL,290,09:25,565,440.75,,,0,0,scanner-table preview (90/290) — no chart label,0.943,-4.31,CONSUMPTION,,,,,,,,,,,,,715,0.83,OPEN,0.88,0.23,0.17,0.17,2.98,0.943,TREND-DOWN
2026-10-08,M7,KALYANKJIL,SELL,ENTRY SELL,290,09:20,560,566.6,,,0,0,scanner-table preview (90/290) — no chart label,0.943,-0.422,CDUR,,,,,,,,,,,,,704,1.47,100% trail 14:30,2.27,0.68,0.47,0.59,2.31,0.943,TREND-DOWN
2026-10-08,M7,KAYNES,SELL,ENTRY SELL,290,09:20,560,3311.5,,,0,0,scanner-table preview (90/290) — no chart label,0.943,-1.59,CAPGOODS,,,,,,,,,,,,,694,0.87,100% trail 14:30,1.43,0.34,0.41,0.41,2.37,0.943,TREND-DOWN
2026-10-08,M7,KFINTECH,SELL,ENTRY SELL,290,09:20,560,857.0,,,0,0,scanner-table preview (90/290) — no chart label,0.943,-0.117,CAPMKTS,,,,,,,,,,,,,199,0.74,100% trail 11:00,2.82,0.73,0.9,0.9,2.19,0.943,TREND-DOWN
2026-10-08,M7,LAURUSLABS,SELL,ENTRY SELL,290,09:20,560,2033.8,,,0,0,scanner-table preview (90/290) — no chart label,0.943,-0.926,PHA,,,,,,,,,,,,,152,0.57,100% trail 13:35,2.05,0.91,0.49,0.49,1.77,0.943,TREND-DOWN
2026-10-08,M7,LODHA,SELL,ENTRY SELL,290,09:20,560,1090.9,,,0,0,scanner-table preview (90/290) — no chart label,0.943,-1.668,REALTY,,,,,,,,,,,,,543,0.72,100% trail 14:30,1.3,0.77,0.26,0.36,2.32,0.943,TREND-DOWN
2026-10-08,M7,LT,SELL,ENTRY SELL,290,09:25,565,3672.0,,,0,0,scanner-table preview (90/290) — no chart label,0.943,-0.797,INFRA,,,,,,,,,,,,,570,1.75,OPEN,2.43,0.21,0.41,0.62,1.28,0.943,TREND-DOWN
2026-10-08,M7,MANKIND,SELL,ENTRY SELL,290,09:25,565,2477.8,,,0,0,scanner-table preview (90/290) — no chart label,0.943,-0.888,PHA,,,,,,,,,,,,,2092,3.3,100% trail 15:10,3.94,0.09,0.84,0.84,3.95,0.943,TREND-DOWN
2026-10-08,M7,MARUTI,SELL,ENTRY SELL,290,09:20,560,11400.0,,,0,0,scanner-table preview (90/290) — no chart label,0.943,-0.437,AUTO,,,,,,,,,,,,,459,2.44,100% trail 14:30,3.17,0.47,0.65,0.65,1.51,0.943,TREND-DOWN
2026-10-08,M7,MAZDOCK,SELL,ENTRY SELL,290,09:20,560,2039.2,,,0,0,scanner-table preview (90/290) — no chart label,0.943,-1.221,DEF,,,,,,,,,,,,,779,1.64,100% trail 13:30,2.24,0.4,0.38,0.38,2.41,0.943,TREND-DOWN
2026-10-08,M7,MFSL,BUY,ENTRY BUY,90,09:30,570,1354.0,,,0,0,scanner-table preview (90/290) — no chart label,0.943,0.662,INSURANCE,,,,,,,,,,,,,-555,-1.0,100% SL 10:35,0.56,2.91,0.38,0.56,-2.33,0.943,TREND-DOWN
2026-10-08,M7,MOTILALOFS,SELL,ENTRY SELL,290,09:20,560,1049.0,,,0,0,scanner-table preview (90/290) — no chart label,0.943,-1.77,CAPMKTS,,,,,,,,,,,,,985,1.41,100% trail 13:30,2.27,0.31,0.48,0.67,3.31,0.943,TREND-DOWN
2026-10-08,M7,NATIONALUM,SELL,ENTRY SELL,290,09:20,560,317.3,,,0,0,scanner-table preview (90/290) — no chart label,0.943,-1.245,MET,,,,,,,,,,,,,617,0.91,OPEN,1.23,0.35,0.38,0.76,1.32,0.943,TREND-DOWN
2026-10-08,M7,NBCC,SELL,ENTRY SELL,290,09:20,560,76.29,,,0,0,scanner-table preview (90/290) — no chart label,0.943,-0.586,PSE,,,,,,,,,,,,,1148,3.28,100% trail 14:30,3.95,0.62,0.83,0.83,3.0,0.943,TREND-DOWN
2026-10-08,M7,NMDC,SELL,ENTRY SELL,290,09:20,560,71.83,,,0,0,scanner-table preview (90/290) — no chart label,0.943,-1.332,MET,,,,,,,,,,,,,-586,-1.0,100% SL 09:30,2.41,1.23,0.23,0.25,1.59,0.943,TREND-DOWN
2026-10-08,M7,NTPC,SELL,ENTRY SELL,290,09:20,560,314.05,,,0,0,scanner-table preview (90/290) — no chart label,0.943,-0.852,ENE,,,,,,,,,,,,,650,2.47,OPEN,3.1,0.34,1.08,1.36,1.39,0.943,TREND-DOWN
2026-10-08,M7,NYKAA,SELL,ENTRY SELL,290,09:40,580,339.25,,,0,0,scanner-table preview (90/290) — no chart label,0.943,-0.586,NEWAGE,,,,,,,,,,,,,440,0.78,100% trail 14:30,1.52,0.47,0.2,0.2,2.05,0.943,TREND-DOWN
2026-10-08,M7,OIL,SELL,ENTRY SELL,290,09:35,575,450.15,,,0,0,scanner-table preview (90/290) — no chart label,0.943,-0.409,OIL,,,,,,,,,,,,,402,1.11,100% trail 14:30,1.6,0.23,0.21,0.53,0.7,0.943,TREND-DOWN
2026-10-08,M7,ONGC,SELL,ENTRY SELL,290,09:20,560,221.13,,,0,0,scanner-table preview (90/290) — no chart label,0.943,-0.338,OIL,,,,,,,,,,,,,241,0.76,100% trail 15:15,1.25,0.45,0.53,0.53,0.6,0.943,TREND-DOWN
2026-10-08,M7,PAGEIND,SELL,ENTRY SELL,290,09:20,560,37270.0,,,0,0,scanner-table preview (90/290) — no chart label,0.943,-0.799,CONSUMPTION,,,,,,,,,,,,,498,1.86,100% trail 15:10,2.71,0.53,0.81,0.81,2.2,0.943,TREND-DOWN
2026-10-08,M7,PETRONET,SELL,ENTRY SELL,290,09:20,560,292.1,,,0,0,scanner-table preview (90/290) — no chart label,0.943,-1.65,OIL,,,,,,,,,,,,,574,0.73,OPEN,0.84,0.39,0.43,0.43,1.23,0.943,TREND-DOWN
2026-10-08,M7,PGEL,SELL,ENTRY SELL,290,09:20,560,514.2,,,0,0,scanner-table preview (90/290) — no chart label,0.943,-1.494,CDUR,,,,,,,,,,,,,-817,-1.0,100% SL 09:50,0.49,2.43,0.25,0.25,0.7,0.943,TREND-DOWN
2026-10-08,M7,PHOENIXLTD,SELL,ENTRY SELL,290,09:20,560,1822.0,,,0,0,scanner-table preview (90/290) — no chart label,0.943,-1.273,REALTY,,,,,,,,,,,,,17,0.18,100% trail 10:35,2.42,0.27,1.01,1.01,2.79,0.943,TREND-DOWN
2026-10-08,M7,PIDILITIND,SELL,ENTRY SELL,290,09:20,560,1484.5,,,0,0,scanner-table preview (90/290) — no chart label,0.943,-0.269,CHEMICALS,,,,,,,,,,,,,-252,-1.0,100% SL 09:30,4.88,2.7,0.7,0.7,1.64,0.943,TREND-DOWN
2026-10-08,M7,PIIND,SELL,ENTRY SELL,290,09:20,560,2191.8,,,0,0,scanner-table preview (90/290) — no chart label,0.943,-0.824,CHEMICALS,,,,,,,,,,,,,1191,3.11,100% trail 14:35,4.92,0.35,1.28,1.49,4.19,0.943,TREND-DOWN
2026-10-08,M7,PNBHOUSING,BUY,ENTRY BUY,90,09:20,560,1143.2,,,0,0,scanner-table preview (90/290) — no chart label,0.943,1.079,FIN,,,,,,,,,,,,,625,1.36,100% trail 11:25,1.93,0.61,1.78,1.93,0.59,0.943,TREND-DOWN
2026-10-08,M7,POLICYBZR,BUY,ENTRY BUY,90,09:20,560,1042.2,,,0,0,scanner-table preview (90/290) — no chart label,0.943,0.212,INSURANCE,,,,,,,,,,,,,-373,-1.0,100% SL 09:25,0.79,7.66,0.79,0.79,-4.43,0.943,TREND-DOWN
2026-10-08,M7,POWERGRID,SELL,ENTRY SELL,290,09:20,560,251.7,,,0,0,scanner-table preview (90/290) — no chart label,0.943,-0.533,ENE,,,,,,,,,,,,,873,2.77,100% trail 14:10,4.03,0.29,2.11,2.66,2.8,0.943,TREND-DOWN
2026-10-08,M7,POWERINDIA,SELL,ENTRY SELL,290,09:20,560,31350.0,,,0,0,scanner-table preview (90/290) — no chart label,0.943,-0.823,CAPGOODS,,,,,,,,,,,,,409,1.85,100% trail 15:10,2.49,0.76,0.32,0.32,1.32,0.943,TREND-DOWN
2026-10-08,M7,RELIANCE,SELL,ENTRY SELL,290,09:25,565,1203.5,,,0,0,scanner-table preview (90/290) — no chart label,0.943,-0.348,ENE,,,,,,,,,,,,,1028,6.12,100% trail 13:35,6.87,0.32,2.14,3.6,2.12,0.943,TREND-DOWN
2026-10-08,M7,RVNL,SELL,ENTRY SELL,290,09:20,560,192.81,,,0,0,scanner-table preview (90/290) — no chart label,0.943,-1.562,RAILWAYS,,,,,,,,,,,,,722,1.1,100% trail 13:35,2.08,0.4,0.36,0.36,2.91,0.943,TREND-DOWN
2026-10-08,M7,SAIL,SELL,ENTRY SELL,290,09:20,560,173.45,,,0,0,scanner-table preview (90/290) — no chart label,0.943,-0.493,MET,,,,,,,,,,,,,1022,2.17,100% trail 13:35,4.15,0.6,0.93,1.56,4.15,0.943,TREND-DOWN
2026-10-08,M7,SBICARD,SELL,ENTRY SELL,290,09:20,560,551.45,,,0,0,scanner-table preview (90/290) — no chart label,0.943,-1.067,FIN,,,,,,,,,,,,,-408,-1.0,100% SL 10:10,1.07,2.25,0.27,0.27,0.69,0.943,TREND-DOWN
2026-10-08,M7,SHRIRAMFIN,SELL,SELL-EX1,201,10:50,650,932.35,,,0,0,open position already on stock (1-open-trade rule),0.943,-1.651,FIN,,,,,,,,,,,,,401,0.99,100% trail 14:40,1.62,0.68,0.14,0.24,1.62,0.943,TREND-DOWN
2026-10-08,M7,SIEMENS,SELL,ENTRY SELL,290,09:20,560,3740.0,,,0,0,scanner-table preview (90/290) — no chart label,0.943,-1.397,CAPGOODS,,,,,,,,,,,,,734,1.47,100% trail 13:25,2.43,0.65,0.3,0.3,2.7,0.943,TREND-DOWN
2026-10-08,M7,SOLARINDS,SELL,ENTRY SELL,290,09:25,565,19995.0,,,0,0,scanner-table preview (90/290) — no chart label,0.943,-0.274,DEF,,,,,,,,,,,,,-6,0.32,100% trail 09:50,3.86,1.87,1.42,1.42,0.63,0.943,TREND-DOWN
2026-10-08,M7,SRF,BUY,ENTRY BUY,90,09:20,560,2450.4,,,0,0,scanner-table preview (90/290) — no chart label,0.943,-0.39,CHEMICALS,,,,,,,,,,,,,924,4.73,100% trail 11:20,7.26,0.97,0.64,3.24,1.42,0.943,TREND-DOWN
2026-10-08,M7,SUNPHARMA,SELL,NORMAL SELL,280,11:20,680,1767.2,,,0,0,open position already on stock (1-open-trade rule),0.943,-0.775,PHA,,,,,,,,,,,,,165,0.25,OPEN,0.74,0.28,0.14,0.14,0.42,0.943,TREND-DOWN
2026-10-08,M7,SUZLON,SELL,ENTRY SELL,290,09:20,560,37.87,,,0,0,scanner-table preview (90/290) — no chart label,0.943,-1.226,GREEN,,,,,,,,,,,,,1859,2.58,OPEN,2.71,0.32,0.39,0.39,3.8,0.943,TREND-DOWN
2026-10-08,M7,SWIGGY,SELL,ENTRY SELL,290,09:20,560,243.55,,,0,0,scanner-table preview (90/290) — no chart label,0.943,-0.996,NEWAGE,,,,,,,,,,,,,1721,2.49,OPEN,2.77,0.78,0.41,0.41,3.53,0.943,TREND-DOWN
2026-10-08,M7,TATAPOWER,SELL,ENTRY SELL,290,09:20,560,341.75,,,0,0,scanner-table preview (90/290) — no chart label,0.943,-0.985,ENE,,,,,,,,,,,,,713,1.07,100% trail 13:30,1.51,0.42,0.25,0.63,1.78,0.943,TREND-DOWN
2026-10-08,M7,TATASTEEL,SELL,ENTRY SELL,290,09:20,560,173.57,,,0,0,scanner-table preview (90/290) — no chart label,0.943,-1.179,MET,,,,,,,,,,,,,422,0.59,OPEN,1.07,0.58,0.13,0.46,0.93,0.943,TREND-DOWN
2026-10-08,M7,TRENT,BUY,ENTRY BUY,90,09:20,560,2898.8,,,0,0,scanner-table preview (90/290) — no chart label,0.943,0.294,CONSUMPTION,,,,,,,,,,,,,151,0.54,100% trail 09:40,1.44,0.87,1.17,1.17,-0.78,0.943,TREND-DOWN
2026-10-08,M7,ULTRACEMCO,SELL,ENTRY SELL,290,09:20,560,10608.0,,,0,0,scanner-table preview (90/290) — no chart label,0.943,-0.469,CEMENT,,,,,,,,,,,,,21,0.6,100% trail 12:10,4.54,0.37,0.87,0.87,1.72,0.943,TREND-DOWN
2026-10-08,M7,UNITDSPR,SELL,ENTRY SELL,290,09:25,565,1339.2,,,0,0,scanner-table preview (90/290) — no chart label,0.943,-0.357,FMCG,,,,,,,,,,,,,488,1.4,100% trail 13:35,2.76,0.35,0.45,0.45,1.57,0.943,TREND-DOWN
2026-10-08,M7,UPL,SELL,ENTRY SELL,290,09:20,560,491.75,,,0,0,scanner-table preview (90/290) — no chart label,0.943,-0.657,CHEMICALS,,,,,,,,,,,,,1091,2.18,100% trail 14:30,2.85,0.52,0.25,0.42,2.18,0.943,TREND-DOWN
2026-10-08,M7,VBL,SELL,ENTRY SELL,290,09:20,560,438.2,,,0,0,scanner-table preview (90/290) — no chart label,0.943,-0.579,FMCG,,,,,,,,,,,,,90,0.44,100% trail 10:40,2.48,0.49,0.58,1.25,1.41,0.943,TREND-DOWN
2026-10-08,M7,VEDL,SELL,ENTRY SELL,290,09:20,560,258.35,,,0,0,scanner-table preview (90/290) — no chart label,0.943,-1.167,MET,,,,,,,,,,,,,971,1.36,OPEN,1.36,0.38,0.23,0.23,2.03,0.943,TREND-DOWN
2026-10-08,M7,VMM,SELL,ENTRY SELL,290,09:20,560,98.72,,,0,0,scanner-table preview (90/290) — no chart label,0.943,-1.771,CONSUMPTION,,,,,,,,,,,,,444,0.97,100% trail 15:10,1.78,0.71,0.83,0.83,1.74,0.943,TREND-DOWN
2026-10-08,M7,VOLTAS,SELL,ENTRY SELL,290,09:20,560,1048.5,,,0,0,scanner-table preview (90/290) — no chart label,0.943,-0.785,CDUR,,,,,,,,,,,,,708,1.7,100% trail 15:15,2.46,0.75,0.42,0.42,1.57,0.943,TREND-DOWN
2026-10-08,M7,WAAREEENER,SELL,ENTRY SELL,290,09:20,560,2376.0,,,0,0,scanner-table preview (90/290) — no chart label,0.943,-1.041,GREEN,,,,,,,,,,,,,1090,2.2,100% trail 14:30,2.46,0.38,0.51,0.51,2.48,0.943,TREND-DOWN
2026-10-08,M7,WIPRO,BUY,ENTRY BUY,90,09:40,580,161.61,,,0,0,scanner-table preview (90/290) — no chart label,0.943,1.259,IT,,,,,,,,,,,,,-752,-1.0,100% SL 14:20,0.24,1.5,0.17,0.24,-2.0,0.943,TREND-DOWN
2026-10-08,M7,YESBANK,SELL,ENTRY SELL,290,09:20,560,20.65,,,0,0,scanner-table preview (90/290) — no chart label,0.943,-0.673,BANK,,,,,,,,,,,,,442,1.39,OPEN,2.14,1.0,0.79,0.79,0.97,0.943,TREND-DOWN
2026-10-08,M7,ZYDUSLIFE,SELL,ENTRY SELL,290,09:20,560,1142.1,,,0,0,scanner-table preview (90/290) — no chart label,0.943,-0.945,PHA,,,,,,,,,,,,,838,1.02,100% trail 12:05,1.4,0.26,0.35,0.59,2.64,0.943,TREND-DOWN
