decision_id,symbol,side,signal,code,time,entry,sector,bar_dt,signal_age_min,spurt_rank,score,accepted,model_reason,subtype,taken,why,cf_net,cf_gross,cf_drag,cf_r,cf_exit,cf_win,trade_key
ASIANPAINT|BUY|09:25|90,ASIANPAINT,BUY,ENTRY BUY,90,09:25,2543.0,CHEMICALS,2026-09-04T09:25:00+05:30,1.166,999.0,0.0,False,feature failure: AttributeError: module 'm14_entry' has no attribute 'causal_price_features',UNKNOWN,0,feature failure: AttributeError: module 'm14_entry' has no attribute 'causal_price_features',57.21,128.0,70.79,0.79,RUNNER SL 11:05 @ ₹2549.73,1,
BEL|BUY|09:25|90,BEL,BUY,ENTRY BUY,90,09:25,409.75,DEF,2026-09-04T09:25:00+05:30,1.244,999.0,0.0,False,feature failure: AttributeError: module 'm14_entry' has no attribute 'causal_price_features',UNKNOWN,0,feature failure: AttributeError: module 'm14_entry' has no attribute 'causal_price_features',142.69,216.0,73.31,1.33,RUNNER SL 10:05 @ ₹411.52,1,
BIOCON|SELL|09:25|290,BIOCON,SELL,ENTRY SELL,290,09:25,401.45,PHA,2026-09-04T09:25:00+05:30,1.268,999.0,0.0,False,feature failure: AttributeError: module 'm14_entry' has no attribute 'causal_price_features',UNKNOWN,0,feature failure: AttributeError: module 'm14_entry' has no attribute 'causal_price_features',-414.05,-326.0,88.05,-1.0,SL 10:05 @ ₹404.08,0,
BOSCHLTD|SELL|09:25|290,BOSCHLTD,SELL,ENTRY SELL,290,09:25,46765.0,AUTO,2026-09-04T09:25:00+05:30,1.279,999.0,0.0,False,feature failure: AttributeError: module 'm14_entry' has no attribute 'causal_price_features',UNKNOWN,0,feature failure: AttributeError: module 'm14_entry' has no attribute 'causal_price_features',-296.64,-214.0,82.64,-1.0,SL 11:45 @ ₹46979.39,0,
COALINDIA|SELL|09:25|290,COALINDIA,SELL,ENTRY SELL,290,09:25,413.35,ENE,2026-09-04T09:25:00+05:30,1.339,999.0,0.0,False,feature failure: AttributeError: module 'm14_entry' has no attribute 'causal_price_features',UNKNOWN,0,feature failure: AttributeError: module 'm14_entry' has no attribute 'causal_price_features',-343.67,-256.0,87.67,-1.0,SL 10:10 @ ₹415.48,0,
COCHINSHIP|BUY|09:25|90,COCHINSHIP,BUY,ENTRY BUY,90,09:25,1498.7,DEF,2026-09-04T09:25:00+05:30,1.345,999.0,0.0,False,feature failure: AttributeError: module 'm14_entry' has no attribute 'causal_price_features',UNKNOWN,0,feature failure: AttributeError: module 'm14_entry' has no attribute 'causal_price_features',234.4,307.0,72.6,1.06,RUNNER SL 10:25 @ ₹1508.00,1,
COFORGE|BUY|09:25|90,COFORGE,BUY,ENTRY BUY,90,09:25,1988.8,IT,2026-09-04T09:25:00+05:30,1.351,999.0,0.0,False,feature failure: AttributeError: module 'm14_entry' has no attribute 'causal_price_features',UNKNOWN,0,feature failure: AttributeError: module 'm14_entry' has no attribute 'causal_price_features',-459.22,-372.0,87.22,-1.0,SL 10:25 @ ₹1973.91,0,
GLENMARK|SELL|09:25|290,GLENMARK,SELL,ENTRY SELL,290,09:25,2426.7,PHA,2026-09-04T09:25:00+05:30,1.469,999.0,0.0,False,feature failure: AttributeError: module 'm14_entry' has no attribute 'causal_price_features',UNKNOWN,0,feature failure: AttributeError: module 'm14_entry' has no attribute 'causal_price_features',-626.05,-540.0,86.05,-1.0,SL 13:00 @ ₹2453.69,0,
GODREJCP|SELL|09:25|290,GODREJCP,SELL,ENTRY SELL,290,09:25,870.25,FMCG,2026-09-04T09:25:00+05:30,1.487,999.0,0.0,False,feature failure: AttributeError: module 'm14_entry' has no attribute 'causal_price_features',UNKNOWN,0,feature failure: AttributeError: module 'm14_entry' has no attribute 'causal_price_features',-419.75,-332.0,87.75,-1.0,SL 10:15 @ ₹876.08,0,
HINDUNILVR|SELL|09:25|290,HINDUNILVR,SELL,ENTRY SELL,290,09:25,1956.7,FMCG,2026-09-04T09:25:00+05:30,1.563,999.0,0.0,False,feature failure: AttributeError: module 'm14_entry' has no attribute 'causal_price_features',UNKNOWN,0,feature failure: AttributeError: module 'm14_entry' has no attribute 'causal_price_features',-361.49,-275.0,86.49,-1.0,SL 10:20 @ ₹1967.69,0,
JIOFIN|BUY|09:25|90,JIOFIN,BUY,ENTRY BUY,90,09:25,239.39,FIN,2026-09-04T09:25:00+05:30,1.688,999.0,0.0,False,feature failure: AttributeError: module 'm14_entry' has no attribute 'causal_price_features',UNKNOWN,0,feature failure: AttributeError: module 'm14_entry' has no attribute 'causal_price_features',61.06,92.0,30.94,0.27,OPEN 15:10 @ ₹239.83,1,
KAYNES|SELL|09:25|290,KAYNES,SELL,ENTRY SELL,290,09:25,3481.0,CAPGOODS,2026-09-04T09:25:00+05:30,1.717,999.0,0.0,False,feature failure: AttributeError: module 'm14_entry' has no attribute 'causal_price_features',UNKNOWN,0,feature failure: AttributeError: module 'm14_entry' has no attribute 'causal_price_features',27.77,99.0,71.23,0.29,RUNNER SL 09:45 @ ₹3473.92,1,
LAURUSLABS|SELL|09:25|290,LAURUSLABS,SELL,ENTRY SELL,290,09:25,1854.0,PHA,2026-09-04T09:25:00+05:30,1.747,999.0,0.0,False,feature failure: AttributeError: module 'm14_entry' has no attribute 'causal_price_features',UNKNOWN,0,feature failure: AttributeError: module 'm14_entry' has no attribute 'causal_price_features',231.67,302.0,70.33,0.66,RUNNER SL 15:10 @ ₹1842.40,1,
MARUTI|SELL|09:25|290,MARUTI,SELL,ENTRY SELL,290,09:25,12779.0,AUTO,2026-09-04T09:25:00+05:30,1.818,999.0,0.0,False,feature failure: AttributeError: module 'm14_entry' has no attribute 'causal_price_features',UNKNOWN,0,feature failure: AttributeError: module 'm14_entry' has no attribute 'causal_price_features',209.09,265.0,55.91,1.35,RUNNER SL 13:35 @ ₹12690.54,1,
NYKAA|SELL|09:25|290,NYKAA,SELL,ENTRY SELL,290,09:25,333.25,NEWAGE,2026-09-04T09:25:00+05:30,1.926,999.0,0.0,False,feature failure: AttributeError: module 'm14_entry' has no attribute 'causal_price_features',UNKNOWN,0,feature failure: AttributeError: module 'm14_entry' has no attribute 'causal_price_features',-293.31,-205.0,88.31,-1.0,SL 11:15 @ ₹334.62,0,
OFSS|BUY|09:25|90,OFSS,BUY,ENTRY BUY,90,09:25,12319.0,IT,2026-09-04T09:25:00+05:30,1.938,999.0,0.0,False,feature failure: AttributeError: module 'm14_entry' has no attribute 'causal_price_features',UNKNOWN,0,feature failure: AttributeError: module 'm14_entry' has no attribute 'causal_price_features',-592.29,-506.0,86.29,-1.0,SL 10:10 @ ₹12192.56,0,
PETRONET|SELL|09:25|290,PETRONET,SELL,ENTRY SELL,290,09:25,290.05,OIL,2026-09-04T09:25:00+05:30,1.979,999.0,0.0,False,feature failure: AttributeError: module 'm14_entry' has no attribute 'causal_price_features',UNKNOWN,0,feature failure: AttributeError: module 'm14_entry' has no attribute 'causal_price_features',-261.1,-173.0,88.1,-1.0,SL 09:55 @ ₹291.06,0,
RADICO|SELL|09:25|290,RADICO,SELL,ENTRY SELL,290,09:25,4505.2998,FMCG,2026-09-04T09:25:00+05:30,2.062,999.0,0.0,False,feature failure: AttributeError: module 'm14_entry' has no attribute 'causal_price_features',UNKNOWN,0,feature failure: AttributeError: module 'm14_entry' has no attribute 'causal_price_features',419.81,492.0,72.19,1.11,RUNNER SL 11:55 @ ₹4460.59,1,
SHREECEM|SELL|09:25|290,SHREECEM,SELL,ENTRY SELL,290,09:25,23780.0,CEMENT,2026-09-04T09:25:00+05:30,2.115,999.0,0.0,False,feature failure: AttributeError: module 'm14_entry' has no attribute 'causal_price_features',UNKNOWN,0,feature failure: AttributeError: module 'm14_entry' has no attribute 'causal_price_features',-414.14,-330.0,84.14,-1.0,SL 09:50 @ ₹23944.79,0,
SRF|SELL|09:25|290,SRF,SELL,ENTRY SELL,290,09:25,2550.0,CHEMICALS,2026-09-04T09:25:00+05:30,2.144,999.0,0.0,False,feature failure: AttributeError: module 'm14_entry' has no attribute 'causal_price_features',UNKNOWN,0,feature failure: AttributeError: module 'm14_entry' has no attribute 'causal_price_features',-26.89,1.0,27.89,0.0,OPEN 15:10 @ ₹2549.90,0,
TORNTPHARM|SELL|09:25|290,TORNTPHARM,SELL,ENTRY SELL,290,09:25,4899.0,PHA,2026-09-04T09:25:00+05:30,2.226,999.0,0.0,False,feature failure: AttributeError: module 'm14_entry' has no attribute 'causal_price_features',UNKNOWN,0,feature failure: AttributeError: module 'm14_entry' has no attribute 'causal_price_features',273.55,345.0,71.45,0.8,RUNNER SL 12:45 @ ₹4864.47,1,
UPL|SELL|09:25|290,UPL,SELL,ENTRY SELL,290,09:25,580.7,CHEMICALS,2026-09-04T09:25:00+05:30,2.267,999.0,0.0,False,feature failure: AttributeError: module 'm14_entry' has no attribute 'causal_price_features',UNKNOWN,0,feature failure: AttributeError: module 'm14_entry' has no attribute 'causal_price_features',-317.25,-229.0,88.25,-1.0,SL 11:50 @ ₹583.37,0,
VOLTAS|BUY|09:25|90,VOLTAS,BUY,ENTRY BUY,90,09:25,1174.2,CDUR,2026-09-04T09:25:00+05:30,2.29,999.0,0.0,False,feature failure: AttributeError: module 'm14_entry' has no attribute 'causal_price_features',UNKNOWN,0,feature failure: AttributeError: module 'm14_entry' has no attribute 'causal_price_features',-302.69,-216.0,86.69,-1.0,SL 09:40 @ ₹1169.07,0,
ZYDUSLIFE|SELL|09:25|290,ZYDUSLIFE,SELL,ENTRY SELL,290,09:25,1128.5,PHA,2026-09-04T09:25:00+05:30,2.314,999.0,0.0,False,feature failure: AttributeError: module 'm14_entry' has no attribute 'causal_price_features',UNKNOWN,0,feature failure: AttributeError: module 'm14_entry' has no attribute 'causal_price_features',147.22,189.0,41.78,0.24,OPEN 15:10 @ ₹1124.20,1,
360ONE|SELL|09:30|201,360ONE,SELL,SELL-EX1,201,09:30,1148.5,CAPMKTS,2026-09-04T09:30:00+05:30,10.89,999.0,0.0,False,feature failure: AttributeError: module 'm14_entry' has no attribute 'causal_price_features',UNKNOWN,0,feature failure: AttributeError: module 'm14_entry' has no attribute 'causal_price_features',310.0,382.0,72.0,1.18,RUNNER SL 12:05 @ ₹1139.63,1,
AUROPHARMA|SELL|09:30|201,AUROPHARMA,SELL,SELL-EX1,201,09:30,1622.6,PHA,2026-09-04T09:30:00+05:30,11.276,999.0,0.0,False,feature failure: AttributeError: module 'm14_entry' has no attribute 'causal_price_features',UNKNOWN,0,feature failure: AttributeError: module 'm14_entry' has no attribute 'causal_price_features',-651.33,-565.0,86.33,-1.0,SL 09:45 @ ₹1641.43,0,
AXISBANK|SELL|09:30|290,AXISBANK,SELL,ENTRY SELL,290,09:30,1264.3,BANK,2026-09-04T09:30:00+05:30,11.298,999.0,0.0,False,feature failure: AttributeError: module 'm14_entry' has no attribute 'causal_price_features',UNKNOWN,0,feature failure: AttributeError: module 'm14_entry' has no attribute 'causal_price_features',-315.13,-228.0,87.13,-1.0,SL 11:10 @ ₹1270.15,0,
BEL|BUY|09:30|101,BEL,BUY,BUY-EX,101,09:30,411.4,DEF,2026-09-04T09:30:00+05:30,11.49,999.0,0.0,False,feature failure: AttributeError: module 'm14_entry' has no attribute 'causal_price_features',UNKNOWN,0,feature failure: AttributeError: module 'm14_entry' has no attribute 'causal_price_features',-448.34,-361.0,87.34,-1.0,SL 12:20 @ ₹408.42,0,
BHEL|BUY|09:30|101,BHEL,BUY,BUY-EX,101,09:30,433.25,CAPGOODS,2026-09-04T09:30:00+05:30,11.555,999.0,0.0,False,feature failure: AttributeError: module 'm14_entry' has no attribute 'causal_price_features',UNKNOWN,0,feature failure: AttributeError: module 'm14_entry' has no attribute 'causal_price_features',190.9,264.0,73.1,0.61,RUNNER SL 12:10 @ ₹435.54,1,
BIOCON|SELL|09:30|203,BIOCON,SELL,SELL-EX3,203,09:30,400.7,PHA,2026-09-04T09:30:00+05:30,11.577,999.0,0.0,False,feature failure: AttributeError: module 'm14_entry' has no attribute 'causal_price_features',UNKNOWN,0,feature failure: AttributeError: module 'm14_entry' has no attribute 'causal_price_features',-506.97,-419.0,87.97,-1.0,SL 10:05 @ ₹404.08,0,
CIPLA|SELL|09:30|209,CIPLA,SELL,SELL-EX8,209,09:30,1377.9,PHA,2026-09-04T09:30:00+05:30,11.812,999.0,0.0,False,feature failure: AttributeError: module 'm14_entry' has no attribute 'causal_price_features',UNKNOWN,0,feature failure: AttributeError: module 'm14_entry' has no attribute 'causal_price_features',-261.74,-220.0,41.74,-0.32,OPEN 15:10 @ ₹1384.00,0,
COCHINSHIP|BUY|09:30|101,COCHINSHIP,BUY,BUY-EX,101,09:30,1503.9,DEF,2026-09-04T09:30:00+05:30,11.855,999.0,0.0,False,feature failure: AttributeError: module 'm14_entry' has no attribute 'causal_price_features',UNKNOWN,0,feature failure: AttributeError: module 'm14_entry' has no attribute 'causal_price_features',62.29,135.0,72.71,0.29,RUNNER SL 10:25 @ ₹1508.00,1,
COLPAL|SELL|09:30|290,COLPAL,SELL,ENTRY SELL,290,09:30,1846.6,FMCG,2026-09-04T09:30:00+05:30,11.898,999.0,0.0,False,feature failure: AttributeError: module 'm14_entry' has no attribute 'causal_price_features',UNKNOWN,0,feature failure: AttributeError: module 'm14_entry' has no attribute 'causal_price_features',260.05,302.0,41.95,0.63,OPEN 15:10 @ ₹1835.40,1,
DABUR|SELL|09:30|201,DABUR,SELL,SELL-EX1,201,09:30,377.6,FMCG,2026-09-04T09:30:00+05:30,11.984,999.0,0.0,False,feature failure: AttributeError: module 'm14_entry' has no attribute 'causal_price_features',UNKNOWN,0,feature failure: AttributeError: module 'm14_entry' has no attribute 'causal_price_features',-316.07,-228.0,88.07,-1.0,SL 10:00 @ ₹379.33,0,
GODREJCP|SELL|09:30|209,GODREJCP,SELL,SELL-EX8,209,09:30,867.0,FMCG,2026-09-04T09:30:00+05:30,12.368,999.0,0.0,False,feature failure: AttributeError: module 'm14_entry' has no attribute 'causal_price_features',UNKNOWN,0,feature failure: AttributeError: module 'm14_entry' has no attribute 'causal_price_features',-604.59,-517.0,87.59,-1.0,SL 10:15 @ ₹876.08,0,
GVT&D|BUY|09:30|90,GVT&D,BUY,ENTRY BUY,90,09:30,4357.7002,CAPGOODS,2026-09-04T09:30:00+05:30,12.432,999.0,0.0,False,feature failure: AttributeError: module 'm14_entry' has no attribute 'causal_price_features',UNKNOWN,0,feature failure: AttributeError: module 'm14_entry' has no attribute 'causal_price_features',-356.79,-327.0,29.79,-0.55,OPEN 15:10 @ ₹4328.00,0,
HAL|BUY|09:30|101,HAL,BUY,BUY-EX,101,09:30,4901.0,DEF,2026-09-04T09:30:00+05:30,12.453,999.0,0.0,False,feature failure: AttributeError: module 'm14_entry' has no attribute 'causal_price_features',UNKNOWN,0,feature failure: AttributeError: module 'm14_entry' has no attribute 'causal_price_features',-200.46,-170.0,30.46,-0.21,OPEN 15:10 @ ₹4884.00,0,
HEROMOTOCO|BUY|09:30|102,HEROMOTOCO,BUY,BUY-EX17,102,09:30,5312.5,AUTO,2026-09-04T09:30:00+05:30,12.581,999.0,0.0,False,feature failure: AttributeError: module 'm14_entry' has no attribute 'causal_price_features',UNKNOWN,0,feature failure: AttributeError: module 'm14_entry' has no attribute 'causal_price_features',-394.93,-311.0,83.93,-1.0,SL 11:15 @ ₹5277.94,0,
HINDUNILVR|SELL|09:30|203,HINDUNILVR,SELL,SELL-EX3,203,09:30,1955.2,FMCG,2026-09-04T09:30:00+05:30,12.645,999.0,0.0,False,feature failure: AttributeError: module 'm14_entry' has no attribute 'causal_price_features',UNKNOWN,0,feature failure: AttributeError: module 'm14_entry' has no attribute 'causal_price_features',-398.45,-312.0,86.45,-1.0,SL 10:20 @ ₹1967.69,0,
KAYNES|SELL|09:30|209,KAYNES,SELL,SELL-EX8,209,09:30,3452.8999,CAPGOODS,2026-09-04T09:30:00+05:30,13.199,999.0,0.0,False,feature failure: AttributeError: module 'm14_entry' has no attribute 'causal_price_features',UNKNOWN,0,feature failure: AttributeError: module 'm14_entry' has no attribute 'causal_price_features',-823.9,-738.0,85.9,-1.0,SL 10:10 @ ₹3505.60,0,
LUPIN|SELL|09:30|203,LUPIN,SELL,SELL-EX3,203,09:30,2118.8999,PHA,2026-09-04T09:30:00+05:30,13.453,999.0,0.0,False,feature failure: AttributeError: module 'm14_entry' has no attribute 'causal_price_features',UNKNOWN,0,feature failure: AttributeError: module 'm14_entry' has no attribute 'causal_price_features',193.99,235.0,41.01,0.51,OPEN 15:10 @ ₹2108.70,1,
NAM-INDIA|BUY|09:30|102,NAM-INDIA,BUY,BUY-EX17,102,09:30,1179.0,CAPMKTS,2026-09-04T09:30:00+05:30,13.75,999.0,0.0,False,feature failure: AttributeError: module 'm14_entry' has no attribute 'causal_price_features',UNKNOWN,0,feature failure: AttributeError: module 'm14_entry' has no attribute 'causal_price_features',-768.51,-682.0,86.51,-1.0,SL 10:55 @ ₹1162.77,0,
NYKAA|SELL|09:30|220,NYKAA,SELL,SELL-EX19,220,09:30,332.75,NEWAGE,2026-09-04T09:30:00+05:30,13.941,999.0,0.0,False,feature failure: AttributeError: module 'm14_entry' has no attribute 'causal_price_features',UNKNOWN,0,feature failure: AttributeError: module 'm14_entry' has no attribute 'causal_price_features',-368.24,-280.0,88.24,-1.0,SL 11:15 @ ₹334.62,0,
PAYTM|BUY|09:30|101,PAYTM,BUY,BUY-EX,101,09:30,1651.7,NEWAGE,2026-09-04T09:30:00+05:30,14.09,999.0,0.0,False,feature failure: AttributeError: module 'm14_entry' has no attribute 'causal_price_features',UNKNOWN,0,feature failure: AttributeError: module 'm14_entry' has no attribute 'causal_price_features',879.71,953.0,73.29,1.27,RUNNER SL 10:50 @ ₹1683.46,1,
PGEL|SELL|09:30|209,PGEL,SELL,SELL-EX8,209,09:30,553.15,CDUR,2026-09-04T09:30:00+05:30,14.175,999.0,0.0,False,feature failure: AttributeError: module 'm14_entry' has no attribute 'causal_price_features',UNKNOWN,0,feature failure: AttributeError: module 'm14_entry' has no attribute 'causal_price_features',-422.07,-334.0,88.07,-1.0,SL 10:05 @ ₹556.86,0,
PIDILITIND|SELL|09:30|209,PIDILITIND,SELL,SELL-EX8,209,09:30,1629.2,CHEMICALS,2026-09-04T09:30:00+05:30,14.218,999.0,0.0,False,feature failure: AttributeError: module 'm14_entry' has no attribute 'causal_price_features',UNKNOWN,0,feature failure: AttributeError: module 'm14_entry' has no attribute 'causal_price_features',-245.12,-204.0,41.12,-0.72,OPEN 15:10 @ ₹1636.00,0,
PIIND|BUY|09:30|101,PIIND,BUY,BUY-EX,101,09:30,2433.5,CHEMICALS,2026-09-04T09:30:00+05:30,14.239,999.0,0.0,False,feature failure: AttributeError: module 'm14_entry' has no attribute 'causal_price_features',UNKNOWN,0,feature failure: AttributeError: module 'm14_entry' has no attribute 'causal_price_features',1049.86,1122.0,72.14,2.34,RUNNER SL 10:35 @ ₹2489.60,1,
SOLARINDS|BUY|09:30|101,SOLARINDS,BUY,BUY-EX,101,09:30,21650.0,DEF,2026-09-04T09:30:00+05:30,14.686,999.0,0.0,False,feature failure: AttributeError: module 'm14_entry' has no attribute 'causal_price_features',UNKNOWN,0,feature failure: AttributeError: module 'm14_entry' has no attribute 'causal_price_features',-504.84,-429.0,75.84,-1.0,SL 12:10 @ ₹21435.71,0,
SWIGGY|BUY|09:30|101,SWIGGY,BUY,BUY-EX,101,09:30,276.55,NEWAGE,2026-09-04T09:30:00+05:30,14.814,999.0,0.0,False,feature failure: AttributeError: module 'm14_entry' has no attribute 'causal_price_features',UNKNOWN,0,feature failure: AttributeError: module 'm14_entry' has no attribute 'causal_price_features',680.63,731.0,50.37,0.81,RUNNER SL 14:55 @ ₹282.49,1,
TMPV|BUY|09:30|101,TMPV,BUY,BUY-EX,101,09:30,313.7,AUTO,2026-09-04T09:30:00+05:30,15.006,999.0,0.0,False,feature failure: AttributeError: module 'm14_entry' has no attribute 'causal_price_features',UNKNOWN,0,feature failure: AttributeError: module 'm14_entry' has no attribute 'causal_price_features',-300.99,-270.0,30.99,-0.59,OPEN 15:10 @ ₹312.00,0,
YESBANK|BUY|09:30|101,YESBANK,BUY,BUY-EX,101,09:30,22.6,BANK,2026-09-04T09:30:00+05:30,15.327,999.0,0.0,False,feature failure: AttributeError: module 'm14_entry' has no attribute 'causal_price_features',UNKNOWN,0,feature failure: AttributeError: module 'm14_entry' has no attribute 'causal_price_features',-296.06,-265.0,31.06,-0.73,OPEN 15:10 @ ₹22.48,0,
ZYDUSLIFE|SELL|09:30|203,ZYDUSLIFE,SELL,SELL-EX3,203,09:30,1126.3,PHA,2026-09-04T09:30:00+05:30,15.349,999.0,0.0,False,feature failure: AttributeError: module 'm14_entry' has no attribute 'causal_price_features',UNKNOWN,0,feature failure: AttributeError: module 'm14_entry' has no attribute 'causal_price_features',50.3,92.0,41.7,0.11,OPEN 15:10 @ ₹1124.20,1,
ADANIENSOL|BUY|09:35|111,ADANIENSOL,BUY,BUY-EX12,111,09:35,1393.7,ENE,2026-09-04T09:35:00+05:30,5.962,999.0,0.0,False,feature failure: AttributeError: module 'm14_entry' has no attribute 'causal_price_features',UNKNOWN,0,feature failure: AttributeError: module 'm14_entry' has no attribute 'causal_price_features',349.29,421.0,71.71,0.86,RUNNER SL 10:30 @ ₹1405.72,1,
ADANIENT|BUY|09:35|102,ADANIENT,BUY,BUY-EX17,102,09:35,2913.0,INFRA,2026-09-04T09:35:00+05:30,5.983,999.0,0.0,False,feature failure: AttributeError: module 'm14_entry' has no attribute 'causal_price_features',UNKNOWN,0,feature failure: AttributeError: module 'm14_entry' has no attribute 'causal_price_features',206.33,279.0,72.67,0.53,RUNNER SL 10:35 @ ₹2929.41,1,
ADANIGREEN|BUY|09:35|102,ADANIGREEN,BUY,BUY-EX17,102,09:35,1291.6,GREEN,2026-09-04T09:35:00+05:30,6.004,999.0,0.0,False,feature failure: AttributeError: module 'm14_entry' has no attribute 'causal_price_features',UNKNOWN,0,feature failure: AttributeError: module 'm14_entry' has no attribute 'causal_price_features',254.5,285.0,30.5,0.57,OPEN 15:10 @ ₹1299.10,1,
ADANIPOWER|BUY|09:35|111,ADANIPOWER,BUY,BUY-EX12,111,09:35,208.5,ENE,2026-09-04T09:35:00+05:30,6.048,999.0,0.0,False,feature failure: AttributeError: module 'm14_entry' has no attribute 'causal_price_features',UNKNOWN,0,feature failure: AttributeError: module 'm14_entry' has no attribute 'causal_price_features',-453.43,-366.0,87.43,-1.0,SL 12:25 @ ₹206.97,0,
ASHOKLEY|BUY|09:35|101,ASHOKLEY,BUY,BUY-EX,101,09:35,169.9,AUTO,2026-09-04T09:35:00+05:30,6.197,999.0,0.0,False,feature failure: AttributeError: module 'm14_entry' has no attribute 'causal_price_features',UNKNOWN,0,feature failure: AttributeError: module 'm14_entry' has no attribute 'causal_price_features',542.41,616.0,73.59,1.3,RUNNER SL 10:55 @ ₹172.00,1,
BANDHANBNK|BUY|09:35|111,BANDHANBNK,BUY,BUY-EX12,111,09:35,166.55,BANK,2026-09-04T09:35:00+05:30,6.412,999.0,0.0,False,feature failure: AttributeError: module 'm14_entry' has no attribute 'causal_price_features',UNKNOWN,0,feature failure: AttributeError: module 'm14_entry' has no attribute 'causal_price_features',-571.53,-484.0,87.53,-1.0,SL 12:35 @ ₹164.94,0,
COLPAL|SELL|09:35|213,COLPAL,SELL,SELL-EX12,213,09:35,1845.1,FMCG,2026-09-04T09:35:00+05:30,6.905,999.0,0.0,False,feature failure: AttributeError: module 'm14_entry' has no attribute 'causal_price_features',UNKNOWN,0,feature failure: AttributeError: module 'm14_entry' has no attribute 'causal_price_features',220.08,262.0,41.92,0.51,OPEN 15:10 @ ₹1835.40,1,
DELHIVERY|BUY|09:35|101,DELHIVERY,BUY,BUY-EX,101,09:35,465.4,LOGISTICS,2026-09-04T09:35:00+05:30,7.034,999.0,0.0,False,feature failure: AttributeError: module 'm14_entry' has no attribute 'causal_price_features',UNKNOWN,0,feature failure: AttributeError: module 'm14_entry' has no attribute 'causal_price_features',-616.18,-529.0,87.18,-1.0,SL 12:00 @ ₹460.46,0,
DIXON|SELL|09:35|201,DIXON,SELL,SELL-EX1,201,09:35,14349.0,CDUR,2026-09-04T09:35:00+05:30,7.076,999.0,0.0,False,feature failure: AttributeError: module 'm14_entry' has no attribute 'causal_price_features',UNKNOWN,0,feature failure: AttributeError: module 'm14_entry' has no attribute 'causal_price_features',426.33,489.0,62.67,1.77,RUNNER SL 10:45 @ ₹14185.84,1,
GMRAIRPORT|BUY|09:35|101,GMRAIRPORT,BUY,BUY-EX,101,09:35,96.95,INFRA,2026-09-04T09:35:00+05:30,7.332,999.0,0.0,False,feature failure: AttributeError: module 'm14_entry' has no attribute 'causal_price_features',UNKNOWN,0,feature failure: AttributeError: module 'm14_entry' has no attribute 'causal_price_features',215.72,289.0,73.28,0.84,RUNNER SL 11:55 @ ₹97.51,1,
HCLTECH|SELL|09:35|220,HCLTECH,SELL,SELL-EX19,220,09:35,1312.6,IT,2026-09-04T09:35:00+05:30,7.503,999.0,0.0,False,feature failure: AttributeError: module 'm14_entry' has no attribute 'causal_price_features',UNKNOWN,0,feature failure: AttributeError: module 'm14_entry' has no attribute 'causal_price_features',680.03,722.0,41.97,1.0,OPEN 15:10 @ ₹1293.60,1,
ICICIBANK|SELL|09:35|213,ICICIBANK,SELL,SELL-EX12,213,09:35,1425.0,BANK,2026-09-04T09:35:00+05:30,7.717,999.0,0.0,False,feature failure: AttributeError: module 'm14_entry' has no attribute 'causal_price_features',UNKNOWN,0,feature failure: AttributeError: module 'm14_entry' has no attribute 'causal_price_features',-462.26,-374.0,88.26,-1.0,SL 11:05 @ ₹1435.69,0,
KALYANKJIL|BUY|09:35|102,KALYANKJIL,BUY,BUY-EX17,102,09:35,597.2,CDUR,2026-09-04T09:35:00+05:30,8.185,999.0,0.0,False,feature failure: AttributeError: module 'm14_entry' has no attribute 'causal_price_features',UNKNOWN,0,feature failure: AttributeError: module 'm14_entry' has no attribute 'causal_price_features',110.43,139.0,28.57,0.15,OPEN 15:15 @ ₹599.00,1,
MARUTI|SELL|09:35|203,MARUTI,SELL,SELL-EX3,203,09:35,12761.0,AUTO,2026-09-04T09:35:00+05:30,8.566,999.0,0.0,False,feature failure: AttributeError: module 'm14_entry' has no attribute 'causal_price_features',UNKNOWN,0,feature failure: AttributeError: module 'm14_entry' has no attribute 'causal_price_features',155.13,211.0,55.87,0.84,RUNNER SL 13:35 @ ₹12690.54,1,
MCX|BUY|09:35|102,MCX,BUY,BUY-EX17,102,09:35,3232.3999,CAPMKTS,2026-09-04T09:35:00+05:30,8.63,999.0,0.0,False,feature failure: AttributeError: module 'm14_entry' has no attribute 'causal_price_features',UNKNOWN,0,feature failure: AttributeError: module 'm14_entry' has no attribute 'causal_price_features',643.89,670.0,26.11,0.79,OPEN 15:10 @ ₹3283.90,1,
POWERINDIA|BUY|09:35|102,POWERINDIA,BUY,BUY-EX17,102,09:35,32130.0,CAPGOODS,2026-09-04T09:35:00+05:30,9.374,999.0,0.0,False,feature failure: AttributeError: module 'm14_entry' has no attribute 'causal_price_features',UNKNOWN,0,feature failure: AttributeError: module 'm14_entry' has no attribute 'causal_price_features',-437.2,-381.0,56.2,-1.0,SL 11:00 @ ₹31748.65,0,
RBLBANK|BUY|09:35|101,RBLBANK,BUY,BUY-EX,101,09:35,412.25,BANK,2026-09-04T09:35:00+05:30,9.459,999.0,0.0,False,feature failure: AttributeError: module 'm14_entry' has no attribute 'causal_price_features',UNKNOWN,0,feature failure: AttributeError: module 'm14_entry' has no attribute 'causal_price_features',405.0,436.0,31.0,0.66,OPEN 15:15 @ ₹415.85,1,
SUNPHARMA|SELL|09:35|203,SUNPHARMA,SELL,SELL-EX3,203,09:35,1905.6,PHA,2026-09-04T09:35:00+05:30,9.757,999.0,0.0,False,feature failure: AttributeError: module 'm14_entry' has no attribute 'causal_price_features',UNKNOWN,0,feature failure: AttributeError: module 'm14_entry' has no attribute 'causal_price_features',127.31,169.0,41.69,0.57,OPEN 15:10 @ ₹1899.10,1,
TCS|SELL|09:35|201,TCS,SELL,SELL-EX1,201,09:35,2328.3,IT,2026-09-04T09:35:00+05:30,9.928,999.0,0.0,False,feature failure: AttributeError: module 'm14_entry' has no attribute 'causal_price_features',UNKNOWN,0,feature failure: AttributeError: module 'm14_entry' has no attribute 'causal_price_features',359.86,401.0,41.14,0.53,OPEN 15:10 @ ₹2309.20,1,
TORNTPHARM|SELL|09:35|209,TORNTPHARM,SELL,SELL-EX8,209,09:35,4897.0,PHA,2026-09-04T09:35:00+05:30,10.034,999.0,0.0,False,feature failure: AttributeError: module 'm14_entry' has no attribute 'causal_price_features',UNKNOWN,0,feature failure: AttributeError: module 'm14_entry' has no attribute 'causal_price_features',253.57,325.0,71.43,0.72,RUNNER SL 12:45 @ ₹4864.47,1,
UNOMINDA|SELL|09:35|209,UNOMINDA,SELL,SELL-EX8,209,09:35,1240.2,AUTO,2026-09-04T09:35:00+05:30,10.163,999.0,0.0,False,feature failure: AttributeError: module 'm14_entry' has no attribute 'causal_price_features',UNKNOWN,0,feature failure: AttributeError: module 'm14_entry' has no attribute 'causal_price_features',-225.74,-184.0,41.74,-0.25,OPEN 15:10 @ ₹1244.80,0,
BLUESTARCO|SELL|09:40|201,BLUESTARCO,SELL,SELL-EX1,201,09:40,1478.7,CDUR,2026-09-04T09:40:00+05:30,1.612,999.0,0.0,False,feature failure: AttributeError: module 'm14_entry' has no attribute 'causal_price_features',UNKNOWN,0,feature failure: AttributeError: module 'm14_entry' has no attribute 'causal_price_features',-492.39,-406.0,86.39,-1.0,SL 10:50 @ ₹1491.00,0,
COLPAL|SELL|09:40|203,COLPAL,SELL,SELL-EX3,203,09:40,1832.0,FMCG,2026-09-04T09:40:00+05:30,1.912,999.0,0.0,False,feature failure: AttributeError: module 'm14_entry' has no attribute 'causal_price_features',UNKNOWN,0,feature failure: AttributeError: module 'm14_entry' has no attribute 'causal_price_features',-133.62,-92.0,41.62,-0.11,OPEN 15:10 @ ₹1835.40,0,
CONCOR|SELL|09:40|205,CONCOR,SELL,SELL-EX5,205,09:40,504.6,LOGISTICS,2026-09-04T09:40:00+05:30,1.934,999.0,0.0,False,feature failure: AttributeError: module 'm14_entry' has no attribute 'causal_price_features',UNKNOWN,0,feature failure: AttributeError: module 'm14_entry' has no attribute 'causal_price_features',-336.29,-248.0,88.29,-1.0,SL 10:05 @ ₹507.10,0,
GRASIM|BUY|09:40|90,GRASIM,BUY,ENTRY BUY,90,09:40,3319.3,CEMENT,2026-09-04T09:40:00+05:30,2.425,999.0,0.0,False,feature failure: AttributeError: module 'm14_entry' has no attribute 'causal_price_features',UNKNOWN,0,feature failure: AttributeError: module 'm14_entry' has no attribute 'causal_price_features',-20.94,10.0,30.94,0.01,OPEN 15:10 @ ₹3320.00,0,
INDHOTEL|SELL|09:40|209,INDHOTEL,SELL,SELL-EX8,209,09:40,726.2,TRAVEL,2026-09-04T09:40:00+05:30,2.852,999.0,0.0,False,feature failure: AttributeError: module 'm14_entry' has no attribute 'causal_price_features',UNKNOWN,0,feature failure: AttributeError: module 'm14_entry' has no attribute 'causal_price_features',264.97,337.0,72.03,0.89,RUNNER SL 11:30 @ ₹721.24,1,
INDIANB|SELL|09:40|203,INDIANB,SELL,SELL-EX3,203,09:40,879.85,PSUBK,2026-09-04T09:40:00+05:30,2.873,999.0,0.0,False,feature failure: AttributeError: module 'm14_entry' has no attribute 'causal_price_features',UNKNOWN,0,feature failure: AttributeError: module 'm14_entry' has no attribute 'causal_price_features',-595.32,-508.0,87.32,-1.0,SL 11:25 @ ₹888.93,0,
JIOFIN|BUY|09:40|111,JIOFIN,BUY,BUY-EX12,111,09:40,239.69,FIN,2026-09-04T09:40:00+05:30,3.107,999.0,0.0,False,feature failure: AttributeError: module 'm14_entry' has no attribute 'causal_price_features',UNKNOWN,0,feature failure: AttributeError: module 'm14_entry' has no attribute 'causal_price_features',-1.98,29.0,30.98,0.07,OPEN 15:10 @ ₹239.83,0,
TRENT|BUY|09:40|106,TRENT,BUY,BUY-EX7,106,09:40,2870.2,CONSUMPTION,2026-09-04T09:40:00+05:30,5.063,999.0,0.0,False,feature failure: AttributeError: module 'm14_entry' has no attribute 'causal_price_features',UNKNOWN,0,feature failure: AttributeError: module 'm14_entry' has no attribute 'causal_price_features',-220.32,-190.0,30.32,-0.31,OPEN 15:10 @ ₹2859.00,0,
VOLTAS|SELL|09:40|201,VOLTAS,SELL,SELL-EX1,201,09:40,1167.9,CDUR,2026-09-04T09:40:00+05:30,5.277,999.0,0.0,False,feature failure: AttributeError: module 'm14_entry' has no attribute 'causal_price_features',UNKNOWN,0,feature failure: AttributeError: module 'm14_entry' has no attribute 'causal_price_features',-386.75,-300.0,86.75,-1.0,SL 10:05 @ ₹1175.04,0,
360ONE|SELL|09:30|201,360ONE,SELL,SELL-EX1,201,09:30,1148.5,CAPMKTS,2026-09-04T09:30:00+05:30,10.89,999.0,0.0,False,feature failure: AttributeError: module 'm14_entry' has no attribute 'causal_price_features',UNKNOWN,1,guaranteed daily top-conviction entry,310.0,382.0,72.0,1.18,RUNNER SL 12:05 @ ₹1139.63,1,360ONE
AUROPHARMA|BUY|09:45|108,AUROPHARMA,BUY,BUY-EX9,108,09:45,1640.5,PHA,2026-09-04T09:45:00+05:30,11.318,999.0,0.0,False,feature failure: AttributeError: module 'm14_entry' has no attribute 'causal_price_features',UNKNOWN,0,feature failure: AttributeError: module 'm14_entry' has no attribute 'causal_price_features',232.75,305.0,72.25,0.56,RUNNER SL 10:20 @ ₹1650.67,1,
BAJAJHLDNG|BUY|09:45|102,BAJAJHLDNG,BUY,BUY-EX17,102,09:45,11209.0,FIN,2026-09-04T09:45:00+05:30,11.406,999.0,0.0,False,feature failure: AttributeError: module 'm14_entry' has no attribute 'causal_price_features',UNKNOWN,0,feature failure: AttributeError: module 'm14_entry' has no attribute 'causal_price_features',305.1,371.0,65.9,1.3,RUNNER SL 10:35 @ ₹11301.74,1,
BANKBARODA|SELL|09:45|201,BANKBARODA,SELL,SELL-EX1,201,09:45,240.18,PSUBK,2026-09-04T09:45:00+05:30,11.472,999.0,0.0,False,feature failure: AttributeError: module 'm14_entry' has no attribute 'causal_price_features',UNKNOWN,0,feature failure: AttributeError: module 'm14_entry' has no attribute 'causal_price_features',-258.22,-170.0,88.22,-1.0,SL 11:20 @ ₹241.00,0,
GODFRYPHLP|BUY|09:45|101,GODFRYPHLP,BUY,BUY-EX,101,09:45,2061.0,FMCG,2026-09-04T09:45:00+05:30,12.419,999.0,0.0,False,feature failure: AttributeError: module 'm14_entry' has no attribute 'causal_price_features',UNKNOWN,0,feature failure: AttributeError: module 'm14_entry' has no attribute 'causal_price_features',-463.77,-377.0,86.77,-1.05,SL 13:40 @ ₹2045.30,0,
PRESTIGE|BUY|09:45|106,PRESTIGE,BUY,BUY-EX7,106,09:45,1637.4,REALTY,2026-09-04T09:45:00+05:30,14.551,999.0,0.0,False,feature failure: AttributeError: module 'm14_entry' has no attribute 'causal_price_features',UNKNOWN,0,feature failure: AttributeError: module 'm14_entry' has no attribute 'causal_price_features',-57.87,14.0,71.87,0.07,RUNNER SL 10:15 @ ₹1637.87,0,
RELIANCE|BUY|09:45|101,RELIANCE,BUY,BUY-EX,101,09:45,1322.9,ENE,2026-09-04T09:45:00+05:30,14.639,999.0,0.0,False,feature failure: AttributeError: module 'm14_entry' has no attribute 'causal_price_features',UNKNOWN,0,feature failure: AttributeError: module 'm14_entry' has no attribute 'causal_price_features',136.58,167.0,30.42,0.43,OPEN 15:10 @ ₹1327.40,1,
SBILIFE|BUY|09:45|106,SBILIFE,BUY,BUY-EX7,106,09:45,1722.6,INSURANCE,2026-09-04T09:45:00+05:30,14.727,999.0,0.0,False,feature failure: AttributeError: module 'm14_entry' has no attribute 'causal_price_features',UNKNOWN,0,feature failure: AttributeError: module 'm14_entry' has no attribute 'causal_price_features',815.18,889.0,73.82,4.42,RUNNER SL 11:10 @ ₹1753.25,1,
TATACONSUM|SELL|09:45|201,TATACONSUM,SELL,SELL-EX1,201,09:45,1014.3,FMCG,2026-09-04T09:45:00+05:30,14.991,999.0,0.0,False,feature failure: AttributeError: module 'm14_entry' has no attribute 'causal_price_features',UNKNOWN,0,feature failure: AttributeError: module 'm14_entry' has no attribute 'causal_price_features',-303.81,-216.0,87.81,-1.0,SL 10:15 @ ₹1018.70,0,
APLAPOLLO|BUY|09:50|111,APLAPOLLO,BUY,BUY-EX12,111,09:50,2165.8,MET,2026-09-04T09:50:00+05:30,6.193,999.0,0.0,False,feature failure: AttributeError: module 'm14_entry' has no attribute 'causal_price_features',UNKNOWN,0,feature failure: AttributeError: module 'm14_entry' has no attribute 'causal_price_features',280.83,354.0,73.17,1.02,RUNNER SL 10:50 @ ₹2181.17,1,
BDL|BUY|09:50|101,BDL,BUY,BUY-EX,101,09:50,1281.7,DEF,2026-09-04T09:50:00+05:30,6.523,999.0,0.0,False,feature failure: AttributeError: module 'm14_entry' has no attribute 'causal_price_features',UNKNOWN,0,feature failure: AttributeError: module 'm14_entry' has no attribute 'causal_price_features',-697.42,-610.0,87.42,-1.0,SL 12:20 @ ₹1266.05,0,
MAZDOCK|BUY|09:50|101,MAZDOCK,BUY,BUY-EX,101,09:50,2507.0,DEF,2026-09-04T09:50:00+05:30,8.722,999.0,0.0,False,feature failure: AttributeError: module 'm14_entry' has no attribute 'causal_price_features',UNKNOWN,0,feature failure: AttributeError: module 'm14_entry' has no attribute 'causal_price_features',375.95,446.0,70.05,1.67,RUNNER SL 10:25 @ ₹2530.49,1,
NHPC|BUY|09:50|104,NHPC,BUY,BUY-EX5,104,09:50,76.48,ENE,2026-09-04T09:50:00+05:30,8.986,999.0,0.0,False,feature failure: AttributeError: module 'm14_entry' has no attribute 'causal_price_features',UNKNOWN,0,feature failure: AttributeError: module 'm14_entry' has no attribute 'causal_price_features',-162.03,-131.0,31.03,-0.39,OPEN 15:10 @ ₹76.28,0,
PHOENIXLTD|SELL|09:50|209,PHOENIXLTD,SELL,SELL-EX8,209,09:50,1953.8,REALTY,2026-09-04T09:50:00+05:30,9.338,999.0,0.0,False,feature failure: AttributeError: module 'm14_entry' has no attribute 'causal_price_features',UNKNOWN,0,feature failure: AttributeError: module 'm14_entry' has no attribute 'causal_price_features',216.73,288.0,71.27,0.75,RUNNER SL 14:20 @ ₹1942.27,1,
TIINDIA|SELL|09:50|209,TIINDIA,SELL,SELL-EX8,209,09:50,2696.7,AUTO,2026-09-04T09:50:00+05:30,10.129,999.0,0.0,False,feature failure: AttributeError: module 'm14_entry' has no attribute 'causal_price_features',UNKNOWN,0,feature failure: AttributeError: module 'm14_entry' has no attribute 'causal_price_features',-29.98,41.0,70.98,0.21,RUNNER SL 13:25 @ ₹2694.44,0,
UNIONBANK|SELL|09:50|201,UNIONBANK,SELL,SELL-EX1,201,09:50,187.48,PSUBK,2026-09-04T09:50:00+05:30,10.283,999.0,0.0,False,feature failure: AttributeError: module 'm14_entry' has no attribute 'causal_price_features',UNKNOWN,0,feature failure: AttributeError: module 'm14_entry' has no attribute 'causal_price_features',-321.13,-233.0,88.13,-1.0,SL 11:05 @ ₹188.36,0,
ASIANPAINT|BUY|09:55|101,ASIANPAINT,BUY,BUY-EX,101,09:55,2545.6001,CHEMICALS,2026-09-04T09:55:00+05:30,1.266,999.0,0.0,False,feature failure: AttributeError: module 'm14_entry' has no attribute 'causal_price_features',UNKNOWN,0,feature failure: AttributeError: module 'm14_entry' has no attribute 'causal_price_features',-235.09,-150.0,85.09,-1.0,SL 12:05 @ ₹2537.69,0,
BANKINDIA|SELL|09:55|209,BANKINDIA,SELL,SELL-EX8,209,09:55,144.31,PSUBK,2026-09-04T09:55:00+05:30,1.509,999.0,0.0,False,feature failure: AttributeError: module 'm14_entry' has no attribute 'causal_price_features',UNKNOWN,0,feature failure: AttributeError: module 'm14_entry' has no attribute 'causal_price_features',-271.19,-183.0,88.19,-1.0,SL 11:05 @ ₹144.84,0,
CHOLAFIN|BUY|09:55|101,CHOLAFIN,BUY,BUY-EX,101,09:55,1858.5,FIN,2026-09-04T09:55:00+05:30,1.863,999.0,0.0,False,feature failure: AttributeError: module 'm14_entry' has no attribute 'causal_price_features',UNKNOWN,0,feature failure: AttributeError: module 'm14_entry' has no attribute 'causal_price_features',-304.93,-220.0,84.93,-1.0,SL 10:15 @ ₹1850.03,0,
CROMPTON|BUY|09:55|101,CROMPTON,BUY,BUY-EX,101,09:55,229.5,CDUR,2026-09-04T09:55:00+05:30,2.017,999.0,0.0,False,feature failure: AttributeError: module 'm14_entry' has no attribute 'causal_price_features',UNKNOWN,0,feature failure: AttributeError: module 'm14_entry' has no attribute 'causal_price_features',1110.15,1184.0,73.85,2.23,RUNNER SL 12:10 @ ₹234.96,1,
DLF|BUY|09:55|111,DLF,BUY,BUY-EX12,111,09:55,686.95,REALTY,2026-09-04T09:55:00+05:30,2.17,999.0,0.0,False,feature failure: AttributeError: module 'm14_entry' has no attribute 'causal_price_features',UNKNOWN,0,feature failure: AttributeError: module 'm14_entry' has no attribute 'causal_price_features',-459.76,-373.0,86.76,-1.0,SL 15:10 @ ₹681.76,0,
HDFCLIFE|BUY|09:55|101,HDFCLIFE,BUY,BUY-EX,101,09:55,541.85,INSURANCE,2026-09-04T09:55:00+05:30,2.654,999.0,0.0,False,feature failure: AttributeError: module 'm14_entry' has no attribute 'causal_price_features',UNKNOWN,0,feature failure: AttributeError: module 'm14_entry' has no attribute 'causal_price_features',348.72,422.0,73.28,0.77,RUNNER SL 12:05 @ ₹546.44,1,
HYUNDAI|BUY|09:55|106,HYUNDAI,BUY,BUY-EX7,106,09:55,2164.8,AUTO,2026-09-04T09:55:00+05:30,2.785,999.0,0.0,False,feature failure: AttributeError: module 'm14_entry' has no attribute 'causal_price_features',UNKNOWN,0,feature failure: AttributeError: module 'm14_entry' has no attribute 'causal_price_features',-286.54,-199.0,87.54,-1.0,SL 10:05 @ ₹2156.17,0,
ICICIGI|BUY|09:55|104,ICICIGI,BUY,BUY-EX5,104,09:55,1526.0,INSURANCE,2026-09-04T09:55:00+05:30,2.829,999.0,0.0,False,feature failure: AttributeError: module 'm14_entry' has no attribute 'causal_price_features',UNKNOWN,0,feature failure: AttributeError: module 'm14_entry' has no attribute 'causal_price_features',-527.58,-442.0,85.58,-1.0,SL 13:00 @ ₹1512.20,0,
ICICIPRULI|BUY|09:55|104,ICICIPRULI,BUY,BUY-EX5,104,09:55,497.35,INSURANCE,2026-09-04T09:55:00+05:30,2.851,999.0,0.0,False,feature failure: AttributeError: module 'm14_entry' has no attribute 'causal_price_features',UNKNOWN,0,feature failure: AttributeError: module 'm14_entry' has no attribute 'causal_price_features',261.97,335.0,73.03,0.84,RUNNER SL 10:50 @ ₹500.70,1,
M&M|BUY|09:55|106,M&M,BUY,BUY-EX7,106,09:55,3167.3,AUTO,2026-09-04T09:55:00+05:30,3.598,999.0,0.0,False,feature failure: AttributeError: module 'm14_entry' has no attribute 'causal_price_features',UNKNOWN,0,feature failure: AttributeError: module 'm14_entry' has no attribute 'causal_price_features',79.38,149.0,69.62,0.67,RUNNER SL 15:05 @ ₹3177.26,1,
MAXHEALTH|BUY|09:55|101,MAXHEALTH,BUY,BUY-EX,101,09:55,997.6,HOSPITALS,2026-09-04T09:55:00+05:30,3.707,999.0,0.0,False,feature failure: AttributeError: module 'm14_entry' has no attribute 'causal_price_features',UNKNOWN,0,feature failure: AttributeError: module 'm14_entry' has no attribute 'causal_price_features',-377.6,-290.0,87.6,-1.0,SL 12:15 @ ₹991.80,0,
PAGEIND|BUY|09:55|104,PAGEIND,BUY,BUY-EX5,104,09:55,36105.0,CONSUMPTION,2026-09-04T09:55:00+05:30,4.192,999.0,0.0,False,feature failure: AttributeError: module 'm14_entry' has no attribute 'causal_price_features',UNKNOWN,0,feature failure: AttributeError: module 'm14_entry' has no attribute 'causal_price_features',212.56,235.0,22.44,0.56,OPEN 15:10 @ ₹36340.00,1,
SONACOMS|BUY|09:55|103,SONACOMS,BUY,BUY-EX4,103,09:55,804.5,AUTO,2026-09-04T09:55:00+05:30,4.873,999.0,0.0,False,feature failure: AttributeError: module 'm14_entry' has no attribute 'causal_price_features',UNKNOWN,0,feature failure: AttributeError: module 'm14_entry' has no attribute 'causal_price_features',-587.36,-500.0,87.36,-1.0,SL 11:40 @ ₹796.44,0,
ABCAPITAL|BUY|10:00|101,ABCAPITAL,BUY,BUY-EX,101,10:00,402.75,FIN,2026-09-04T10:00:00+05:30,10.923,999.0,0.0,False,feature failure: AttributeError: module 'm14_entry' has no attribute 'causal_price_features',UNKNOWN,0,feature failure: AttributeError: module 'm14_entry' has no attribute 'causal_price_features',121.78,195.0,73.22,0.7,RUNNER SL 10:55 @ ₹404.32,1,
AMBER|SELL|10:00|201,AMBER,SELL,SELL-EX1,201,10:00,7386.5,CDUR,2026-09-04T10:00:00+05:30,11.057,999.0,0.0,False,feature failure: AttributeError: module 'm14_entry' has no attribute 'causal_price_features',UNKNOWN,0,feature failure: AttributeError: module 'm14_entry' has no attribute 'causal_price_features',-336.36,-258.0,78.36,-1.0,SL 10:45 @ ₹7429.49,0,
AMBUJACEM|BUY|10:00|101,AMBUJACEM,BUY,BUY-EX,101,10:00,405.85,CEMENT,2026-09-04T10:00:00+05:30,11.077,999.0,0.0,False,feature failure: AttributeError: module 'm14_entry' has no attribute 'causal_price_features',UNKNOWN,0,feature failure: AttributeError: module 'm14_entry' has no attribute 'causal_price_features',70.86,144.0,73.14,0.72,RUNNER SL 12:00 @ ₹407.02,1,
BOSCHLTD|SELL|10:00|201,BOSCHLTD,SELL,SELL-EX1,201,10:00,46700.0,AUTO,2026-09-04T10:00:00+05:30,11.537,999.0,0.0,False,feature failure: AttributeError: module 'm14_entry' has no attribute 'causal_price_features',UNKNOWN,0,feature failure: AttributeError: module 'm14_entry' has no attribute 'causal_price_features',-251.48,-169.0,82.48,-1.0,SL 10:45 @ ₹46869.37,0,
DABUR|BUY|10:00|103,DABUR,BUY,BUY-EX4,103,10:00,379.9,FMCG,2026-09-04T10:00:00+05:30,11.864,999.0,0.0,False,feature failure: AttributeError: module 'm14_entry' has no attribute 'causal_price_features',UNKNOWN,0,feature failure: AttributeError: module 'm14_entry' has no attribute 'causal_price_features',220.95,294.0,73.05,0.91,RUNNER SL 13:05 @ ₹382.15,1,
GODREJPROP|BUY|10:00|104,GODREJPROP,BUY,BUY-EX5,104,10:00,2020.0,REALTY,2026-09-04T10:00:00+05:30,12.23,999.0,0.0,False,feature failure: AttributeError: module 'm14_entry' has no attribute 'causal_price_features',UNKNOWN,0,feature failure: AttributeError: module 'm14_entry' has no attribute 'causal_price_features',-521.96,-437.0,84.96,-1.0,SL 11:45 @ ₹2001.80,0,
IDEA|BUY|10:00|101,IDEA,BUY,BUY-EX,101,10:00,14.85,TELECOM,2026-09-04T10:00:00+05:30,12.576,999.0,0.0,False,feature failure: AttributeError: module 'm14_entry' has no attribute 'causal_price_features',UNKNOWN,0,feature failure: AttributeError: module 'm14_entry' has no attribute 'causal_price_features',623.27,697.0,73.73,1.56,RUNNER SL 11:30 @ ₹15.06,1,
ITC|BUY|10:00|111,ITC,BUY,BUY-EX12,111,10:00,264.35,FMCG,2026-09-04T10:00:00+05:30,12.826,999.0,0.0,False,feature failure: AttributeError: module 'm14_entry' has no attribute 'causal_price_features',UNKNOWN,0,feature failure: AttributeError: module 'm14_entry' has no attribute 'causal_price_features',58.8,132.0,73.2,0.63,RUNNER SL 11:05 @ ₹265.05,1,
KOTAKBANK|BUY|10:00|103,KOTAKBANK,BUY,BUY-EX4,103,10:00,424.5,BANK,2026-09-04T10:00:00+05:30,13.018,999.0,0.0,False,feature failure: AttributeError: module 'm14_entry' has no attribute 'causal_price_features',UNKNOWN,0,feature failure: AttributeError: module 'm14_entry' has no attribute 'causal_price_features',-7.86,23.0,30.86,0.11,OPEN 15:10 @ ₹424.70,0,
MFSL|BUY|10:00|101,MFSL,BUY,BUY-EX,101,10:00,1558.2,INSURANCE,2026-09-04T10:00:00+05:30,13.363,999.0,0.0,False,feature failure: AttributeError: module 'm14_entry' has no attribute 'causal_price_features',UNKNOWN,0,feature failure: AttributeError: module 'm14_entry' has no attribute 'causal_price_features',-475.98,-445.0,30.98,-0.59,OPEN 15:10 @ ₹1544.30,0,
SHREECEM|BUY|10:00|102,SHREECEM,BUY,BUY-EX17,102,10:00,24020.0,CEMENT,2026-09-04T10:00:00+05:30,14.244,999.0,0.0,False,feature failure: AttributeError: module 'm14_entry' has no attribute 'causal_price_features',UNKNOWN,0,feature failure: AttributeError: module 'm14_entry' has no attribute 'causal_price_features',-119.85,-90.0,29.85,-0.24,OPEN 15:10 @ ₹23975.00,0,
TATAPOWER|BUY|10:00|106,TATAPOWER,BUY,BUY-EX7,106,10:00,366.55,ENE,2026-09-04T10:00:00+05:30,14.474,999.0,0.0,False,feature failure: AttributeError: module 'm14_entry' has no attribute 'causal_price_features',UNKNOWN,0,feature failure: AttributeError: module 'm14_entry' has no attribute 'causal_price_features',113.92,187.0,73.08,0.96,RUNNER SL 13:55 @ ₹367.93,1,
TATASTEEL|BUY|10:00|106,TATASTEEL,BUY,BUY-EX7,106,10:00,184.2,MET,2026-09-04T10:00:00+05:30,14.493,999.0,0.0,False,feature failure: AttributeError: module 'm14_entry' has no attribute 'causal_price_features',UNKNOWN,0,feature failure: AttributeError: module 'm14_entry' has no attribute 'causal_price_features',-230.83,-143.0,87.83,-1.0,SL 11:40 @ ₹183.67,0,
BPCL|BUY|10:05|105,BPCL,BUY,BUY-EX6,105,10:05,320.45,OIL,2026-09-04T10:05:00+05:30,6.563,999.0,0.0,False,feature failure: AttributeError: module 'm14_entry' has no attribute 'causal_price_features',UNKNOWN,0,feature failure: AttributeError: module 'm14_entry' has no attribute 'causal_price_features',-354.82,-267.0,87.82,-1.0,SL 12:00 @ ₹318.74,0,
INDUSTOWER|BUY|10:05|111,INDUSTOWER,BUY,BUY-EX12,111,10:05,377.45,TELECOM,2026-09-04T10:05:00+05:30,7.718,999.0,0.0,False,feature failure: AttributeError: module 'm14_entry' has no attribute 'causal_price_features',UNKNOWN,0,feature failure: AttributeError: module 'm14_entry' has no attribute 'causal_price_features',74.99,148.0,73.01,0.46,RUNNER SL 11:35 @ ₹378.57,1,
IREDA|BUY|10:05|103,IREDA,BUY,BUY-EX4,103,10:05,114.04,FIN,2026-09-04T10:05:00+05:30,7.794,999.0,0.0,False,feature failure: AttributeError: module 'm14_entry' has no attribute 'causal_price_features',UNKNOWN,0,feature failure: AttributeError: module 'm14_entry' has no attribute 'causal_price_features',-211.04,-180.0,31.04,-0.64,OPEN 15:10 @ ₹113.63,0,
LICHSGFIN|BUY|10:05|101,LICHSGFIN,BUY,BUY-EX,101,10:05,563.15,FIN,2026-09-04T10:05:00+05:30,8.082,999.0,0.0,False,feature failure: AttributeError: module 'm14_entry' has no attribute 'causal_price_features',UNKNOWN,0,feature failure: AttributeError: module 'm14_entry' has no attribute 'causal_price_features',1054.56,1128.0,73.44,4.64,RUNNER SL 12:05 @ ₹575.97,1,
OBEROIRLTY|BUY|10:05|101,OBEROIRLTY,BUY,BUY-EX,101,10:05,1928.7,REALTY,2026-09-04T10:05:00+05:30,8.657,999.0,0.0,False,feature failure: AttributeError: module 'm14_entry' has no attribute 'causal_price_features',UNKNOWN,0,feature failure: AttributeError: module 'm14_entry' has no attribute 'causal_price_features',-474.55,-390.0,84.55,-1.0,SL 12:55 @ ₹1913.12,0,
PGEL|BUY|10:05|106,PGEL,BUY,BUY-EX7,106,10:05,557.5,CDUR,2026-09-04T10:05:00+05:30,8.848,999.0,0.0,False,feature failure: AttributeError: module 'm14_entry' has no attribute 'causal_price_features',UNKNOWN,0,feature failure: AttributeError: module 'm14_entry' has no attribute 'causal_price_features',428.0,501.0,73.0,1.16,RUNNER SL 14:15 @ ₹563.13,1,
PNB|BUY|10:05|111,PNB,BUY,BUY-EX12,111,10:05,117.15,PSUBK,2026-09-04T10:05:00+05:30,8.925,999.0,0.0,False,feature failure: AttributeError: module 'm14_entry' has no attribute 'causal_price_features',UNKNOWN,0,feature failure: AttributeError: module 'm14_entry' has no attribute 'causal_price_features',88.86,162.0,73.14,0.84,RUNNER SL 11:45 @ ₹117.53,1,
VOLTAS|BUY|10:05|103,VOLTAS,BUY,BUY-EX4,103,10:05,1176.4,CDUR,2026-09-04T10:05:00+05:30,9.825,999.0,0.0,False,feature failure: AttributeError: module 'm14_entry' has no attribute 'causal_price_features',UNKNOWN,0,feature failure: AttributeError: module 'm14_entry' has no attribute 'causal_price_features',291.42,364.0,72.58,0.96,RUNNER SL 11:40 @ ₹1185.08,1,
ADANIPORTS|BUY|10:10|101,ADANIPORTS,BUY,BUY-EX,101,10:10,1712.3,LOGISTICS,2026-09-04T10:10:00+05:30,1.012,999.0,0.0,False,feature failure: AttributeError: module 'm14_entry' has no attribute 'causal_price_features',UNKNOWN,0,feature failure: AttributeError: module 'm14_entry' has no attribute 'causal_price_features',-367.22,-280.0,87.22,-1.0,SL 12:15 @ ₹1702.66,0,
JUBLFOOD|BUY|10:10|103,JUBLFOOD,BUY,BUY-EX4,103,10:10,485.85,CONSUMPTION,2026-09-04T10:10:00+05:30,2.935,999.0,0.0,False,feature failure: AttributeError: module 'm14_entry' has no attribute 'causal_price_features',UNKNOWN,0,feature failure: AttributeError: module 'm14_entry' has no attribute 'causal_price_features',-473.92,-387.0,86.92,-1.0,SL 12:30 @ ₹482.05,0,
KAYNES|BUY|10:10|104,KAYNES,BUY,BUY-EX5,104,10:10,3513.0,CAPGOODS,2026-09-04T10:10:00+05:30,2.974,999.0,0.0,False,feature failure: AttributeError: module 'm14_entry' has no attribute 'causal_price_features',UNKNOWN,0,feature failure: AttributeError: module 'm14_entry' has no attribute 'causal_price_features',826.3,899.0,72.7,1.11,RUNNER SL 11:20 @ ₹3577.18,1,
TATAELXSI|SELL|10:10|209,TATAELXSI,SELL,SELL-EX8,209,10:10,3597.0,IT,2026-09-04T10:10:00+05:30,4.468,999.0,0.0,False,feature failure: AttributeError: module 'm14_entry' has no attribute 'causal_price_features',UNKNOWN,0,feature failure: AttributeError: module 'm14_entry' has no attribute 'causal_price_features',586.0,654.0,68.0,2.77,RUNNER SL 14:25 @ ₹3546.68,1,
TVSMOTOR|SELL|10:10|201,TVSMOTOR,SELL,SELL-EX1,201,10:10,4170.2002,AUTO,2026-09-04T10:10:00+05:30,4.659,999.0,0.0,False,feature failure: AttributeError: module 'm14_entry' has no attribute 'causal_price_features',UNKNOWN,0,feature failure: AttributeError: module 'm14_entry' has no attribute 'causal_price_features',257.1,324.0,66.9,1.49,RUNNER SL 12:55 @ ₹4140.73,1,
BHARTIARTL|SELL|10:15|201,BHARTIARTL,SELL,SELL-EX1,201,10:15,1860.5,TELECOM,2026-09-04T10:15:00+05:30,11.542,999.0,0.0,False,feature failure: AttributeError: module 'm14_entry' has no attribute 'causal_price_features',UNKNOWN,0,feature failure: AttributeError: module 'm14_entry' has no attribute 'causal_price_features',-206.38,-121.0,85.38,-1.0,SL 10:55 @ ₹1865.17,0,
BRITANNIA|BUY|10:15|101,BRITANNIA,BUY,BUY-EX,101,10:15,5157.0,FMCG,2026-09-04T10:15:00+05:30,11.657,999.0,0.0,False,feature failure: AttributeError: module 'm14_entry' has no attribute 'causal_price_features',UNKNOWN,0,feature failure: AttributeError: module 'm14_entry' has no attribute 'causal_price_features',-477.37,-396.0,81.37,-1.0,SL 14:45 @ ₹5112.98,0,
FORCEMOT|BUY|10:15|104,FORCEMOT,BUY,BUY-EX5,104,10:15,17712.0,AUTO,2026-09-04T10:15:00+05:30,12.175,999.0,0.0,False,feature failure: AttributeError: module 'm14_entry' has no attribute 'causal_price_features',UNKNOWN,0,feature failure: AttributeError: module 'm14_entry' has no attribute 'causal_price_features',89.06,141.0,51.94,0.6,RUNNER SL 11:05 @ ₹17782.44,1,
NESTLEIND|BUY|10:15|104,NESTLEIND,BUY,BUY-EX5,104,10:15,1419.0,FMCG,2026-09-04T10:15:00+05:30,13.614,999.0,0.0,False,feature failure: AttributeError: module 'm14_entry' has no attribute 'causal_price_features',UNKNOWN,0,feature failure: AttributeError: module 'm14_entry' has no attribute 'causal_price_features',-483.1,-396.0,87.1,-1.01,SL 12:15 @ ₹1407.70,0,
RADICO|SELL|10:15|280,RADICO,SELL,NORMAL SELL,280,10:15,4481.6001,FMCG,2026-09-04T10:15:00+05:30,14.149,999.0,0.0,False,feature failure: AttributeError: module 'm14_entry' has no attribute 'causal_price_features',UNKNOWN,0,feature failure: AttributeError: module 'm14_entry' has no attribute 'causal_price_features',159.03,231.0,71.97,0.7,RUNNER SL 11:55 @ ₹4460.59,1,
RECLTD|BUY|10:15|106,RECLTD,BUY,BUY-EX7,106,10:15,315.25,FIN,2026-09-04T10:15:00+05:30,14.188,999.0,0.0,False,feature failure: AttributeError: module 'm14_entry' has no attribute 'causal_price_features',UNKNOWN,0,feature failure: AttributeError: module 'm14_entry' has no attribute 'causal_price_features',350.78,424.0,73.22,2.52,RUNNER SL 12:40 @ ₹317.93,1,
SHRIRAMFIN|BUY|10:15|106,SHRIRAMFIN,BUY,BUY-EX7,106,10:15,1052.0,FIN,2026-09-04T10:15:00+05:30,14.34,999.0,0.0,False,feature failure: AttributeError: module 'm14_entry' has no attribute 'causal_price_features',UNKNOWN,0,feature failure: AttributeError: module 'm14_entry' has no attribute 'causal_price_features',-321.89,-235.0,86.89,-1.0,SL 10:45 @ ₹1046.99,0,
VBL|BUY|10:15|106,VBL,BUY,BUY-EX7,106,10:15,412.05,FMCG,2026-09-04T10:15:00+05:30,14.838,999.0,0.0,False,feature failure: AttributeError: module 'm14_entry' has no attribute 'causal_price_features',UNKNOWN,0,feature failure: AttributeError: module 'm14_entry' has no attribute 'causal_price_features',-587.32,-500.0,87.32,-1.0,SL 13:50 @ ₹407.92,0,
HINDUNILVR|BUY|10:20|103,HINDUNILVR,BUY,BUY-EX4,103,10:20,1967.4,FMCG,2026-09-04T10:20:00+05:30,7.546,999.0,0.0,False,feature failure: AttributeError: module 'm14_entry' has no attribute 'causal_price_features',UNKNOWN,0,feature failure: AttributeError: module 'm14_entry' has no attribute 'causal_price_features',215.81,288.0,72.19,0.76,RUNNER SL 12:00 @ ₹1978.90,1,
ITC|BUY|10:20|106,ITC,BUY,BUY-EX7,106,10:20,264.55,FMCG,2026-09-04T10:20:00+05:30,7.911,999.0,0.0,False,feature failure: AttributeError: module 'm14_entry' has no attribute 'causal_price_features',UNKNOWN,0,feature failure: AttributeError: module 'm14_entry' has no attribute 'causal_price_features',20.78,94.0,73.22,0.58,RUNNER SL 11:05 @ ₹265.05,1,
MARICO|BUY|10:20|103,MARICO,BUY,BUY-EX4,103,10:20,824.15,FMCG,2026-09-04T10:20:00+05:30,8.352,999.0,0.0,False,feature failure: AttributeError: module 'm14_entry' has no attribute 'causal_price_features',UNKNOWN,0,feature failure: AttributeError: module 'm14_entry' has no attribute 'causal_price_features',-399.81,-313.0,86.81,-1.0,SL 12:30 @ ₹818.94,0,
PFC|BUY|10:20|106,PFC,BUY,BUY-EX7,106,10:20,346.55,FIN,2026-09-04T10:20:00+05:30,8.907,999.0,0.0,False,feature failure: AttributeError: module 'm14_entry' has no attribute 'causal_price_features',UNKNOWN,0,feature failure: AttributeError: module 'm14_entry' has no attribute 'causal_price_features',1081.03,1155.0,73.97,12.03,RUNNER SL 12:40 @ ₹354.57,1,
PREMIERENE|SELL|10:20|201,PREMIERENE,SELL,SELL-EX1,201,10:20,1000.0,GREEN,2026-09-04T10:20:00+05:30,9.117,999.0,0.0,False,feature failure: AttributeError: module 'm14_entry' has no attribute 'causal_price_features',UNKNOWN,0,feature failure: AttributeError: module 'm14_entry' has no attribute 'causal_price_features',-248.29,-160.0,88.29,-1.0,SL 10:55 @ ₹1003.20,0,
SBIN|BUY|10:20|102,SBIN,BUY,BUY-EX17,102,10:20,1027.0,PSUBK,2026-09-04T10:20:00+05:30,9.308,999.0,0.0,False,feature failure: AttributeError: module 'm14_entry' has no attribute 'causal_price_features',UNKNOWN,0,feature failure: AttributeError: module 'm14_entry' has no attribute 'causal_price_features',-245.72,-159.0,86.72,-1.0,SL 12:05 @ ₹1023.70,0,
CDSL|BUY|10:25|101,CDSL,BUY,BUY-EX,101,10:25,1412.0,CAPMKTS,2026-09-04T10:25:00+05:30,1.747,999.0,0.0,False,feature failure: AttributeError: module 'm14_entry' has no attribute 'causal_price_features',UNKNOWN,0,feature failure: AttributeError: module 'm14_entry' has no attribute 'causal_price_features',-477.67,-391.0,86.67,-1.0,SL 11:40 @ ₹1400.82,0,
CUMMINSIND|SELL|10:25|203,CUMMINSIND,SELL,SELL-EX3,203,10:25,5027.0,CAPGOODS,2026-09-04T10:25:00+05:30,1.938,999.0,0.0,False,feature failure: AttributeError: module 'm14_entry' has no attribute 'causal_price_features',UNKNOWN,0,feature failure: AttributeError: module 'm14_entry' has no attribute 'causal_price_features',-309.97,-230.0,79.97,-1.0,SL 11:55 @ ₹5052.51,0,
POLICYBZR|BUY|10:25|103,POLICYBZR,BUY,BUY-EX4,103,10:25,1858.5,INSURANCE,2026-09-04T10:25:00+05:30,4.047,999.0,0.0,False,feature failure: AttributeError: module 'm14_entry' has no attribute 'causal_price_features',UNKNOWN,0,feature failure: AttributeError: module 'm14_entry' has no attribute 'causal_price_features',-442.77,-358.0,84.77,-1.0,SL 13:15 @ ₹1844.73,0,
SUPREMEIND|SELL|10:25|201,SUPREMEIND,SELL,SELL-EX1,201,10:25,3494.7,BUILDMAT,2026-09-04T10:25:00+05:30,4.467,999.0,0.0,False,feature failure: AttributeError: module 'm14_entry' has no attribute 'causal_price_features',UNKNOWN,0,feature failure: AttributeError: module 'm14_entry' has no attribute 'causal_price_features',-296.44,-210.0,86.44,-1.0,SL 10:55 @ ₹3509.70,0,
EXIDEIND|SELL|10:30|201,EXIDEIND,SELL,SELL-EX1,201,10:30,420.2,AUTO,2026-09-04T10:30:00+05:30,12.171,999.0,0.0,False,feature failure: AttributeError: module 'm14_entry' has no attribute 'causal_price_features',UNKNOWN,0,feature failure: AttributeError: module 'm14_entry' has no attribute 'causal_price_features',253.67,326.0,72.33,0.87,RUNNER SL 12:40 @ ₹417.43,1,
GRASIM|BUY|10:30|101,GRASIM,BUY,BUY-EX,101,10:30,3325.8999,CEMENT,2026-09-04T10:30:00+05:30,12.392,999.0,0.0,False,feature failure: AttributeError: module 'm14_entry' has no attribute 'causal_price_features',UNKNOWN,0,feature failure: AttributeError: module 'm14_entry' has no attribute 'causal_price_features',-314.68,-227.0,87.68,-1.0,SL 12:15 @ ₹3310.74,0,
LT|BUY|10:30|111,LT,BUY,BUY-EX12,111,10:30,3991.5,INFRA,2026-09-04T10:30:00+05:30,13.4,999.0,0.0,False,feature failure: AttributeError: module 'm14_entry' has no attribute 'causal_price_features',UNKNOWN,0,feature failure: AttributeError: module 'm14_entry' has no attribute 'causal_price_features',-256.24,-172.0,84.24,-1.0,SL 11:00 @ ₹3977.20,0,
INFY|SELL|10:35|280,INFY,SELL,NORMAL SELL,280,10:35,1130.7,IT,2026-09-04T10:35:00+05:30,7.95,999.0,0.0,False,feature failure: AttributeError: module 'm14_entry' has no attribute 'causal_price_features',UNKNOWN,0,feature failure: AttributeError: module 'm14_entry' has no attribute 'causal_price_features',55.14,97.0,41.86,0.29,OPEN 15:10 @ ₹1128.50,1,
MANKIND|SELL|10:35|205,MANKIND,SELL,SELL-EX5,205,10:35,2355.0,PHA,2026-09-04T10:35:00+05:30,8.538,999.0,0.0,False,feature failure: AttributeError: module 'm14_entry' has no attribute 'causal_price_features',UNKNOWN,0,feature failure: AttributeError: module 'm14_entry' has no attribute 'causal_price_features',259.86,332.0,72.14,1.09,RUNNER SL 12:35 @ ₹2339.17,1,
TECHM|SELL|10:35|280,TECHM,SELL,NORMAL SELL,280,10:35,1599.0,IT,2026-09-04T10:35:00+05:30,9.999,999.0,0.0,False,feature failure: AttributeError: module 'm14_entry' has no attribute 'causal_price_features',UNKNOWN,0,feature failure: AttributeError: module 'm14_entry' has no attribute 'causal_price_features',-240.52,-153.0,87.52,-1.0,SL 12:00 @ ₹1603.92,0,
UNITDSPR|SELL|10:35|205,UNITDSPR,SELL,SELL-EX5,205,10:35,1477.8,FMCG,2026-09-04T10:35:00+05:30,10.196,999.0,0.0,False,feature failure: AttributeError: module 'm14_entry' has no attribute 'causal_price_features',UNKNOWN,0,feature failure: AttributeError: module 'm14_entry' has no attribute 'causal_price_features',324.91,396.0,71.09,2.0,RUNNER SL 12:30 @ ₹1465.79,1,
APOLLOHOSP|SELL|10:40|280,APOLLOHOSP,SELL,NORMAL SELL,280,10:40,8688.0,HOSPITALS,2026-09-04T10:40:00+05:30,1.134,999.0,0.0,False,feature failure: AttributeError: module 'm14_entry' has no attribute 'causal_price_features',UNKNOWN,0,feature failure: AttributeError: module 'm14_entry' has no attribute 'causal_price_features',-2.51,61.0,63.51,0.48,RUNNER SL 11:50 @ ₹8675.89,0,
GAIL|SELL|10:40|201,GAIL,SELL,SELL-EX1,201,10:40,172.89,OIL,2026-09-04T10:40:00+05:30,2.274,999.0,0.0,False,feature failure: AttributeError: module 'm14_entry' has no attribute 'causal_price_features',UNKNOWN,0,feature failure: AttributeError: module 'm14_entry' has no attribute 'causal_price_features',88.01,161.0,72.99,0.68,RUNNER SL 12:15 @ ₹172.33,1,
BIOCON|BUY|10:45|105,BIOCON,BUY,BUY-EX6,105,10:45,404.55,PHA,2026-09-04T10:45:00+05:30,11.504,999.0,0.0,False,feature failure: AttributeError: module 'm14_entry' has no attribute 'causal_price_features',UNKNOWN,0,feature failure: AttributeError: module 'm14_entry' has no attribute 'causal_price_features',-374.39,-287.0,87.39,-1.0,SL 11:50 @ ₹402.22,0,
NATIONALUM|BUY|10:45|103,NATIONALUM,BUY,BUY-EX4,103,10:45,377.0,MET,2026-09-04T10:45:00+05:30,13.385,999.0,0.0,False,feature failure: AttributeError: module 'm14_entry' has no attribute 'causal_price_features',UNKNOWN,0,feature failure: AttributeError: module 'm14_entry' has no attribute 'causal_price_features',-473.28,-386.0,87.28,-1.0,SL 12:05 @ ₹374.08,0,
NMDC|BUY|10:45|103,NMDC,BUY,BUY-EX4,103,10:45,85.12,MET,2026-09-04T10:45:00+05:30,13.476,999.0,0.0,False,feature failure: AttributeError: module 'm14_entry' has no attribute 'causal_price_features',UNKNOWN,0,feature failure: AttributeError: module 'm14_entry' has no attribute 'causal_price_features',-361.77,-274.0,87.77,-1.0,SL 11:50 @ ₹84.65,0,
NUVAMA|SELL|10:45|201,NUVAMA,SELL,SELL-EX1,201,10:45,1837.0,CAPMKTS,2026-09-04T10:45:00+05:30,13.512,999.0,0.0,False,feature failure: AttributeError: module 'm14_entry' has no attribute 'causal_price_features',UNKNOWN,0,feature failure: AttributeError: module 'm14_entry' has no attribute 'causal_price_features',252.65,325.0,72.35,0.62,RUNNER SL 12:05 @ ₹1824.97,1,
PNBHOUSING|BUY|10:45|101,PNBHOUSING,BUY,BUY-EX,101,10:45,1167.6,FIN,2026-09-04T10:45:00+05:30,13.821,999.0,0.0,False,feature failure: AttributeError: module 'm14_entry' has no attribute 'causal_price_features',UNKNOWN,0,feature failure: AttributeError: module 'm14_entry' has no attribute 'causal_price_features',606.69,679.0,72.31,1.41,RUNNER SL 12:05 @ ₹1183.76,1,
HDFCAMC|SELL|10:50|201,HDFCAMC,SELL,SELL-EX1,201,10:50,2489.2,CAPMKTS,2026-09-04T10:50:00+05:30,7.314,999.0,0.0,False,feature failure: AttributeError: module 'm14_entry' has no attribute 'causal_price_features',UNKNOWN,0,feature failure: AttributeError: module 'm14_entry' has no attribute 'causal_price_features',125.3,198.0,72.7,1.17,RUNNER SL 13:35 @ ₹2479.30,1,
NTPC|BUY|10:50|103,NTPC,BUY,BUY-EX4,103,10:50,332.35,ENE,2026-09-04T10:50:00+05:30,8.5,999.0,0.0,False,feature failure: AttributeError: module 'm14_entry' has no attribute 'causal_price_features',UNKNOWN,0,feature failure: AttributeError: module 'm14_entry' has no attribute 'causal_price_features',-307.63,-220.0,87.63,-1.0,SL 11:45 @ ₹330.88,0,
AMBER|BUY|10:55|103,AMBER,BUY,BUY-EX4,103,10:55,7453.0,CDUR,2026-09-04T10:55:00+05:30,1.097,999.0,0.0,False,feature failure: AttributeError: module 'm14_entry' has no attribute 'causal_price_features',UNKNOWN,0,feature failure: AttributeError: module 'm14_entry' has no attribute 'causal_price_features',207.36,273.0,65.64,0.72,RUNNER SL 12:00 @ ₹7498.50,1,
BLUESTARCO|BUY|10:55|111,BLUESTARCO,BUY,BUY-EX12,111,10:55,1492.7,CDUR,2026-09-04T10:55:00+05:30,1.534,999.0,0.0,False,feature failure: AttributeError: module 'm14_entry' has no attribute 'causal_price_features',UNKNOWN,0,feature failure: AttributeError: module 'm14_entry' has no attribute 'causal_price_features',455.5,528.0,72.5,1.33,RUNNER SL 12:00 @ ₹1508.70,1,
HDFCBANK|BUY|10:55|105,HDFCBANK,BUY,BUY-EX6,105,10:55,712.25,BANK,2026-09-04T10:55:00+05:30,2.339,999.0,0.0,False,feature failure: AttributeError: module 'm14_entry' has no attribute 'causal_price_features',UNKNOWN,0,feature failure: AttributeError: module 'm14_entry' has no attribute 'causal_price_features',74.94,148.0,73.06,1.53,RUNNER SL 12:00 @ ₹714.37,1,
NAM-INDIA|SELL|10:55|201,NAM-INDIA,SELL,SELL-EX1,201,10:55,1162.0,CAPMKTS,2026-09-04T10:55:00+05:30,3.379,999.0,0.0,False,feature failure: AttributeError: module 'm14_entry' has no attribute 'causal_price_features',UNKNOWN,0,feature failure: AttributeError: module 'm14_entry' has no attribute 'causal_price_features',-399.37,-311.0,88.37,-1.0,SL 11:55 @ ₹1169.23,0,
BHARTIARTL|BUY|11:00|106,BHARTIARTL,BUY,BUY-EX7,106,11:00,1867.4,TELECOM,2026-09-04T11:00:00+05:30,11.46,999.0,0.0,False,feature failure: AttributeError: module 'm14_entry' has no attribute 'causal_price_features',UNKNOWN,0,feature failure: AttributeError: module 'm14_entry' has no attribute 'causal_price_features',-313.33,-228.0,85.33,-1.0,SL 12:10 @ ₹1858.63,0,
MOTHERSON|SELL|11:00|201,MOTHERSON,SELL,SELL-EX1,201,11:00,161.17,AUTO,2026-09-04T11:00:00+05:30,13.388,999.0,0.0,False,feature failure: AttributeError: module 'm14_entry' has no attribute 'causal_price_features',UNKNOWN,0,feature failure: AttributeError: module 'm14_entry' has no attribute 'causal_price_features',-175.04,-133.0,42.04,-0.47,OPEN 15:10 @ ₹161.60,0,
POWERINDIA|SELL|11:00|201,POWERINDIA,SELL,SELL-EX1,201,11:00,31690.0,CAPGOODS,2026-09-04T11:00:00+05:30,14.026,999.0,0.0,False,feature failure: AttributeError: module 'm14_entry' has no attribute 'causal_price_features',UNKNOWN,0,feature failure: AttributeError: module 'm14_entry' has no attribute 'causal_price_features',-36.66,-10.0,26.66,-0.05,OPEN 15:15 @ ₹31700.00,0,
LAURUSLABS|SELL|11:05|201,LAURUSLABS,SELL,SELL-EX1,201,11:05,1850.0,PHA,2026-09-04T11:05:00+05:30,8.067,999.0,0.0,False,feature failure: AttributeError: module 'm14_entry' has no attribute 'causal_price_features',UNKNOWN,0,feature failure: AttributeError: module 'm14_entry' has no attribute 'causal_price_features',132.06,205.0,72.94,0.61,RUNNER SL 15:10 @ ₹1842.40,1,
OIL|BUY|11:05|106,OIL,BUY,BUY-EX7,106,11:05,490.5,OIL,2026-09-04T11:05:00+05:30,8.703,999.0,0.0,False,feature failure: AttributeError: module 'm14_entry' has no attribute 'causal_price_features',UNKNOWN,0,feature failure: AttributeError: module 'm14_entry' has no attribute 'causal_price_features',-349.03,-262.0,87.03,-1.0,SL 13:40 @ ₹487.90,0,
TIINDIA|SELL|11:05|280,TIINDIA,SELL,NORMAL SELL,280,11:05,2691.7,AUTO,2026-09-04T11:05:00+05:30,9.571,999.0,0.0,False,feature failure: AttributeError: module 'm14_entry' has no attribute 'causal_price_features',UNKNOWN,0,feature failure: AttributeError: module 'm14_entry' has no attribute 'causal_price_features',-241.55,-156.0,85.55,-1.0,SL 11:10 @ ₹2700.34,0,
UNIONBANK|BUY|11:05|108,UNIONBANK,BUY,BUY-EX9,108,11:05,188.35,PSUBK,2026-09-04T11:05:00+05:30,9.706,999.0,0.0,False,feature failure: AttributeError: module 'm14_entry' has no attribute 'causal_price_features',UNKNOWN,0,feature failure: AttributeError: module 'm14_entry' has no attribute 'causal_price_features',168.78,242.0,73.22,0.91,RUNNER SL 12:45 @ ₹189.26,1,
HAVELLS|SELL|11:10|280,HAVELLS,SELL,NORMAL SELL,280,11:10,1156.3,CDUR,2026-09-04T11:10:00+05:30,2.323,999.0,0.0,False,feature failure: AttributeError: module 'm14_entry' has no attribute 'causal_price_features',UNKNOWN,0,feature failure: AttributeError: module 'm14_entry' has no attribute 'causal_price_features',-45.84,-4.0,41.84,-0.01,OPEN 15:10 @ ₹1156.40,0,
IDFCFIRSTB|SELL|11:10|202,IDFCFIRSTB,SELL,SELL-EX2,202,11:10,87.06,BANK,2026-09-04T11:10:00+05:30,2.612,999.0,0.0,False,feature failure: AttributeError: module 'm14_entry' has no attribute 'causal_price_features',UNKNOWN,0,feature failure: AttributeError: module 'm14_entry' has no attribute 'causal_price_features',95.0,168.0,73.0,0.76,RUNNER SL 13:10 @ ₹86.77,1,
INDUSINDBK|BUY|11:10|101,INDUSINDBK,BUY,BUY-EX,101,11:10,1003.6,BANK,2026-09-04T11:10:00+05:30,2.708,999.0,0.0,False,feature failure: AttributeError: module 'm14_entry' has no attribute 'causal_price_features',UNKNOWN,0,feature failure: AttributeError: module 'm14_entry' has no attribute 'causal_price_features',-32.97,39.0,71.97,0.38,RUNNER SL 11:40 @ ₹1004.40,0,
LODHA|SELL|11:10|216,LODHA,SELL,SELL-EX15,216,11:10,1222.7,REALTY,2026-09-04T11:10:00+05:30,3.131,999.0,0.0,False,feature failure: AttributeError: module 'm14_entry' has no attribute 'causal_price_features',UNKNOWN,0,feature failure: AttributeError: module 'm14_entry' has no attribute 'causal_price_features',248.66,320.0,71.34,1.58,RUNNER SL 13:30 @ ₹1214.70,1,
IRFC|BUY|11:15|106,IRFC,BUY,BUY-EX7,106,11:15,83.6,RAILWAYS,2026-09-04T11:15:00+05:30,13.016,999.0,0.0,False,feature failure: AttributeError: module 'm14_entry' has no attribute 'causal_price_features',UNKNOWN,0,feature failure: AttributeError: module 'm14_entry' has no attribute 'causal_price_features',-288.9,-201.0,87.9,-1.0,SL 13:45 @ ₹83.26,0,
NYKAA|BUY|11:15|103,NYKAA,BUY,BUY-EX4,103,11:15,335.95,NEWAGE,2026-09-04T11:15:00+05:30,13.845,999.0,0.0,False,feature failure: AttributeError: module 'm14_entry' has no attribute 'causal_price_features',UNKNOWN,0,feature failure: AttributeError: module 'm14_entry' has no attribute 'causal_price_features',-585.08,-498.0,87.08,-1.0,SL 15:05 @ ₹332.58,0,
ADANIPOWER|SELL|11:25|201,ADANIPOWER,SELL,SELL-EX1,201,11:25,207.48,ENE,2026-09-04T11:25:00+05:30,1.236,999.0,0.0,False,feature failure: AttributeError: module 'm14_entry' has no attribute 'causal_price_features',UNKNOWN,0,feature failure: AttributeError: module 'm14_entry' has no attribute 'causal_price_features',-222.9,-135.0,87.9,-1.0,SL 11:55 @ ₹208.04,0,
TORNTPHARM|SELL|11:30|201,TORNTPHARM,SELL,SELL-EX1,201,11:30,4890.5,PHA,2026-09-04T11:30:00+05:30,15.081,999.0,0.0,False,feature failure: AttributeError: module 'm14_entry' has no attribute 'causal_price_features',UNKNOWN,0,feature failure: AttributeError: module 'm14_entry' has no attribute 'causal_price_features',188.62,260.0,71.38,1.02,RUNNER SL 12:45 @ ₹4864.47,1,
AUBANK|SELL|11:45|201,AUBANK,SELL,SELL-EX1,201,11:45,1065.5,BANK,2026-09-04T11:45:00+05:30,11.449,999.0,0.0,False,feature failure: AttributeError: module 'm14_entry' has no attribute 'causal_price_features',UNKNOWN,0,feature failure: AttributeError: module 'm14_entry' has no attribute 'causal_price_features',24.36,96.0,71.64,0.77,RUNNER SL 12:40 @ ₹1063.41,1,
MPHASIS|SELL|11:45|280,MPHASIS,SELL,NORMAL SELL,280,11:45,2453.5,IT,2026-09-04T11:45:00+05:30,13.987,999.0,0.0,False,feature failure: AttributeError: module 'm14_entry' has no attribute 'causal_price_features',UNKNOWN,0,feature failure: AttributeError: module 'm14_entry' has no attribute 'causal_price_features',72.31,144.0,71.69,1.2,RUNNER SL 12:40 @ ₹2446.29,1,
BAJAJFINSV|SELL|11:50|201,BAJAJFINSV,SELL,SELL-EX1,201,11:50,1983.0,FIN,2026-09-04T11:50:00+05:30,6.545,999.0,0.0,False,feature failure: AttributeError: module 'm14_entry' has no attribute 'causal_price_features',UNKNOWN,0,feature failure: AttributeError: module 'm14_entry' has no attribute 'causal_price_features',157.62,230.0,72.38,1.64,RUNNER SL 12:50 @ ₹1973.79,1,
CHOLAFIN|SELL|11:55|201,CHOLAFIN,SELL,SELL-EX1,201,11:55,1841.3,FIN,2026-09-04T11:55:00+05:30,2.017,999.0,0.0,False,feature failure: AttributeError: module 'm14_entry' has no attribute 'causal_price_features',UNKNOWN,0,feature failure: AttributeError: module 'm14_entry' has no attribute 'causal_price_features',53.35,126.0,72.65,0.7,RUNNER SL 12:50 @ ₹1836.62,1,
TATASTEEL|SELL|11:55|202,TATASTEEL,SELL,SELL-EX2,202,11:55,183.31,MET,2026-09-04T11:55:00+05:30,5.228,999.0,0.0,False,feature failure: AttributeError: module 'm14_entry' has no attribute 'causal_price_features',UNKNOWN,0,feature failure: AttributeError: module 'm14_entry' has no attribute 'causal_price_features',-313.1,-225.0,88.1,-1.0,SL 13:05 @ ₹184.14,0,
ASTRAL|SELL|12:00|216,ASTRAL,SELL,SELL-EX15,216,12:00,1489.1,BUILDMAT,2026-09-04T12:00:00+05:30,11.433,999.0,0.0,False,feature failure: AttributeError: module 'm14_entry' has no attribute 'causal_price_features',UNKNOWN,0,feature failure: AttributeError: module 'm14_entry' has no attribute 'causal_price_features',-219.35,-178.0,41.35,-0.47,OPEN 15:10 @ ₹1494.50,0,
BPCL|SELL|12:00|201,BPCL,SELL,SELL-EX1,201,12:00,318.55,OIL,2026-09-04T12:00:00+05:30,11.849,999.0,0.0,False,feature failure: AttributeError: module 'm14_entry' has no attribute 'causal_price_features',UNKNOWN,0,feature failure: AttributeError: module 'm14_entry' has no attribute 'causal_price_features',26.37,99.0,72.63,0.78,RUNNER SL 12:35 @ ₹317.91,1,
DMART|SELL|12:00|201,DMART,SELL,SELL-EX1,201,12:00,3751.8999,CONSUMPTION,2026-09-04T12:00:00+05:30,12.33,999.0,0.0,False,feature failure: AttributeError: module 'm14_entry' has no attribute 'causal_price_features',UNKNOWN,0,feature failure: AttributeError: module 'm14_entry' has no attribute 'causal_price_features',-286.16,-200.0,86.16,-1.0,SL 12:40 @ ₹3767.25,0,
GLENMARK|SELL|12:00|216,GLENMARK,SELL,SELL-EX15,216,12:00,2430.0,PHA,2026-09-04T12:00:00+05:30,12.528,999.0,0.0,False,feature failure: AttributeError: module 'm14_entry' has no attribute 'causal_price_features',UNKNOWN,0,feature failure: AttributeError: module 'm14_entry' has no attribute 'causal_price_features',-297.87,-212.0,85.87,-1.0,SL 13:00 @ ₹2440.59,0,
MARICO|SELL|12:00|216,MARICO,SELL,SELL-EX15,216,12:00,819.8,FMCG,2026-09-04T12:00:00+05:30,13.801,999.0,0.0,False,feature failure: AttributeError: module 'm14_entry' has no attribute 'causal_price_features',UNKNOWN,0,feature failure: AttributeError: module 'm14_entry' has no attribute 'causal_price_features',12.1,84.0,71.9,1.11,RUNNER SL 13:50 @ ₹818.39,1,
