day,model,sym,side,sig,code,time,min,entry,rank,cls,taken,ghost,skip_why,breadth,daypct,sec,sec_bullq,sec_bearq,sec_pb,sec_pw,held,tilt,regime,cf_net_s,cf_net_p,cf_r_s,cf_r_p,cf_exit_s,m9_shard
2026-07-31,M9B,5PAISA,BUY,ENTRY BUY,90,09:25,565,349.9,,,0,0,"scanner-table preview (90/290) — no TradingView chart label, blocked",0.38,1.098,,,,,,,,,,,,,,B
2026-07-31,M9B,ACI,SELL,ENTRY SELL,290,09:25,565,547.0,,,0,0,"scanner-table preview (90/290) — no TradingView chart label, blocked",0.38,-2.147,,,,,,,,,,,,,,B
2026-07-31,M9B,AFFLE,SELL,ENTRY SELL,290,09:20,560,1605.0,,,0,0,"scanner-table preview (90/290) — no TradingView chart label, blocked",0.38,-0.619,,,,,,,,,,,,,,B
2026-07-31,M9B,AJANTPHARM,SELL,ENTRY SELL,290,09:20,560,3415.4,,,0,0,"scanner-table preview (90/290) — no TradingView chart label, blocked",0.38,-0.773,,,,,,,,,,,,,,B
2026-07-31,M9B,AMAGI,SELL,ENTRY SELL,290,09:20,560,645.9,,,0,0,"scanner-table preview (90/290) — no TradingView chart label, blocked",0.38,-1.419,,,,,,,,,,,,,,B
2026-07-31,M9B,ARSSBL,BUY,ENTRY BUY,90,09:20,560,511.4,,,0,0,"scanner-table preview (90/290) — no TradingView chart label, blocked",0.38,0.689,,,,,,,,,,,,,,B
2026-07-31,M9B,ATHERENERG,BUY,ENTRY BUY,90,09:20,560,1260.4,,,0,0,"scanner-table preview (90/290) — no TradingView chart label, blocked",0.38,1.481,,,,,,,,,,,,,,B
2026-07-31,M9B,AVALON,BUY,ENTRY BUY,90,09:20,560,1820.1,,,0,0,"scanner-table preview (90/290) — no TradingView chart label, blocked",0.38,2.848,,,,,,,,,,,,,,B
2026-07-31,M9B,AVL,BUY,ENTRY BUY,90,09:20,560,640.55,,,0,0,"scanner-table preview (90/290) — no TradingView chart label, blocked",0.38,2.112,,,,,,,,,,,,,,B
2026-07-31,M9B,AWHCL,BUY,ENTRY BUY,90,09:25,565,430.45,,,0,0,"scanner-table preview (90/290) — no TradingView chart label, blocked",0.38,1.235,,,,,,,,,,,,,,B
2026-07-31,M9B,BBL,BUY,ENTRY BUY,90,09:20,560,2562.8,,,0,0,"scanner-table preview (90/290) — no TradingView chart label, blocked",0.38,2.726,,,,,,,,,,,,,,B
2026-07-31,M9B,BEML,BUY,ENTRY BUY,90,09:20,560,1770.9,,,0,0,"scanner-table preview (90/290) — no TradingView chart label, blocked",0.38,1.142,,,,,,,,,,,,,,B
2026-07-31,M9B,BETA,BUY,ENTRY BUY,90,09:25,565,2228.6,,,0,0,"scanner-table preview (90/290) — no TradingView chart label, blocked",0.38,2.182,,,,,,,,,,,,,,B
2026-07-31,M9B,BIRLACORPN,BUY,ENTRY BUY,90,09:20,560,895.65,,,0,0,"scanner-table preview (90/290) — no TradingView chart label, blocked",0.38,1.083,,,,,,,,,,,,,,B
2026-07-31,M9B,BLUSPRING,BUY,ENTRY BUY,90,09:25,565,115.84,,,0,0,"scanner-table preview (90/290) — no TradingView chart label, blocked",0.38,3.429,,,,,,,,,,,,,,B
2026-07-31,M9B,BRIGADE,BUY,ENTRY BUY,90,09:25,565,570.3,,,0,0,"scanner-table preview (90/290) — no TradingView chart label, blocked",0.38,0.929,,,,,,,,,,,,,,B
2026-07-31,M9B,CAPACITE,BUY,ENTRY BUY,90,09:20,560,218.15,,,0,0,"scanner-table preview (90/290) — no TradingView chart label, blocked",0.38,0.414,,,,,,,,,,,,,,B
2026-07-31,M9B,CAPLIPOINT,SELL,ENTRY SELL,290,09:20,560,2512.4,,,0,0,"scanner-table preview (90/290) — no TradingView chart label, blocked",0.38,-0.931,,,,,,,,,,,,,,B
2026-07-31,M9B,CEATLTD,SELL,ENTRY SELL,290,09:20,560,3434.5,,,0,0,"scanner-table preview (90/290) — no TradingView chart label, blocked",0.38,-1.023,,,,,,,,,,,,,,B
2026-07-31,M9B,CENTURYPLY,BUY,ENTRY BUY,90,09:25,565,795.7,,,0,0,"scanner-table preview (90/290) — no TradingView chart label, blocked",0.38,0.214,,,,,,,,,,,,,,B
2026-07-31,M9B,CHENNPETRO,BUY,ENTRY BUY,90,09:20,560,1243.0,,,0,0,"scanner-table preview (90/290) — no TradingView chart label, blocked",0.38,-0.08,,,,,,,,,,,,,,B
2026-07-31,M9B,CONCORDBIO,BUY,ENTRY BUY,90,09:20,560,1346.5,,,0,0,"scanner-table preview (90/290) — no TradingView chart label, blocked",0.38,1.241,,,,,,,,,,,,,,B
2026-07-31,M9B,CPPLUS,BUY,ENTRY BUY,90,09:20,560,3312.6,,,0,0,"scanner-table preview (90/290) — no TradingView chart label, blocked",0.38,1.807,,,,,,,,,,,,,,B
2026-07-31,M9B,CYIENTDLM,BUY,ENTRY BUY,90,09:25,565,694.95,,,0,0,"scanner-table preview (90/290) — no TradingView chart label, blocked",0.38,2.727,,,,,,,,,,,,,,B
2026-07-31,M9B,DCMSHRIRAM,SELL,ENTRY SELL,290,09:20,560,1036.9,,,0,0,"scanner-table preview (90/290) — no TradingView chart label, blocked",0.38,-1.435,,,,,,,,,,,,,,B
2026-07-31,M9B,DDEVPLSTIK,BUY,ENTRY BUY,90,09:20,560,269.7,,,0,0,"scanner-table preview (90/290) — no TradingView chart label, blocked",0.38,1.049,,,,,,,,,,,,,,B
2026-07-31,M9B,DEEPINDS,BUY,ENTRY BUY,90,09:20,560,569.7,,,0,0,"scanner-table preview (90/290) — no TradingView chart label, blocked",0.38,3.263,,,,,,,,,,,,,,B
2026-07-31,M9B,EDELWEISS,BUY,ENTRY BUY,90,09:25,565,115.44,,,0,0,"scanner-table preview (90/290) — no TradingView chart label, blocked",0.38,0.461,,,,,,,,,,,,,,B
2026-07-31,M9B,EMSLIMITED,BUY,ENTRY BUY,90,09:25,565,386.65,,,0,0,"scanner-table preview (90/290) — no TradingView chart label, blocked",0.38,0.298,,,,,,,,,,,,,,B
2026-07-31,M9B,ENGINERSIN,BUY,ENTRY BUY,90,09:20,560,223.3,,,0,0,"scanner-table preview (90/290) — no TradingView chart label, blocked",0.38,0.54,,,,,,,,,,,,,,B
2026-07-31,M9B,EPACKPEB,BUY,ENTRY BUY,90,09:25,565,268.43,,,0,0,"scanner-table preview (90/290) — no TradingView chart label, blocked",0.38,0.819,,,,,,,,,,,,,,B
2026-07-31,M9B,ERIS,SELL,ENTRY SELL,290,09:20,560,1360.1,,,0,0,"scanner-table preview (90/290) — no TradingView chart label, blocked",0.38,-1.442,,,,,,,,,,,,,,B
2026-07-31,M9B,ESCORTS,BUY,ENTRY BUY,90,09:25,565,3022.1,,,0,0,"scanner-table preview (90/290) — no TradingView chart label, blocked",0.38,0.375,,,,,,,,,,,,,,B
2026-07-31,M9B,FCL,BUY,ENTRY BUY,90,09:20,560,38.42,,,0,0,"scanner-table preview (90/290) — no TradingView chart label, blocked",0.38,1.533,,,,,,,,,,,,,,B
2026-07-31,M9B,FIVESTAR,BUY,ENTRY BUY,90,09:25,565,559.9,,,0,0,"scanner-table preview (90/290) — no TradingView chart label, blocked",0.38,1.431,,,,,,,,,,,,,,B
2026-07-31,M9B,GARUDA,BUY,ENTRY BUY,90,09:20,560,170.75,,,0,0,"scanner-table preview (90/290) — no TradingView chart label, blocked",0.38,1.637,,,,,,,,,,,,,,B
2026-07-31,M9B,GENUSPOWER,BUY,ENTRY BUY,90,09:20,560,310.45,,,0,0,"scanner-table preview (90/290) — no TradingView chart label, blocked",0.38,1.124,,,,,,,,,,,,,,B
2026-07-31,M9B,GILLETTE,SELL,ENTRY SELL,290,09:25,565,7644.0,,,0,0,"scanner-table preview (90/290) — no TradingView chart label, blocked",0.38,-1.036,,,,,,,,,,,,,,B
2026-07-31,M9B,GOODYEAR,SELL,ENTRY SELL,290,09:20,560,827.9,,,0,0,"scanner-table preview (90/290) — no TradingView chart label, blocked",0.38,-0.018,,,,,,,,,,,,,,B
2026-07-31,M9B,GRINDWELL,BUY,ENTRY BUY,90,09:20,560,2112.7,,,0,0,"scanner-table preview (90/290) — no TradingView chart label, blocked",0.38,0.366,,,,,,,,,,,,,,B
2026-07-31,M9B,GVPIL,BUY,ENTRY BUY,90,09:20,560,756.0,,,0,0,"scanner-table preview (90/290) — no TradingView chart label, blocked",0.38,1.259,,,,,,,,,,,,,,B
2026-07-31,M9B,HAPPYFORGE,BUY,ENTRY BUY,90,09:20,560,1670.0,,,0,0,"scanner-table preview (90/290) — no TradingView chart label, blocked",0.38,-0.251,,,,,,,,,,,,,,B
2026-07-31,M9B,HCC,BUY,ENTRY BUY,90,09:20,560,21.28,,,0,0,"scanner-table preview (90/290) — no TradingView chart label, blocked",0.38,1.141,,,,,,,,,,,,,,B
2026-07-31,M9B,HGINFRA,BUY,ENTRY BUY,90,09:20,560,535.35,,,0,0,"scanner-table preview (90/290) — no TradingView chart label, blocked",0.38,0.253,,,,,,,,,,,,,,B
2026-07-31,M9B,HOMEFIRST,BUY,ENTRY BUY,90,09:25,565,1206.4,,,0,0,"scanner-table preview (90/290) — no TradingView chart label, blocked",0.38,2.107,,,,,,,,,,,,,,B
2026-07-31,M9B,ICIL,BUY,ENTRY BUY,90,09:20,560,404.95,,,0,0,"scanner-table preview (90/290) — no TradingView chart label, blocked",0.38,0.797,,,,,,,,,,,,,,B
2026-07-31,M9B,IGARASHI,BUY,ENTRY BUY,90,09:20,560,450.15,,,0,0,"scanner-table preview (90/290) — no TradingView chart label, blocked",0.38,0.525,,,,,,,,,,,,,,B
2026-07-31,M9B,IGPL,SELL,ENTRY SELL,290,09:25,565,464.25,,,0,0,"scanner-table preview (90/290) — no TradingView chart label, blocked",0.38,-1.433,,,,,,,,,,,,,,B
2026-07-31,M9B,IMFA,BUY,ENTRY BUY,90,09:25,565,1421.1,,,0,0,"scanner-table preview (90/290) — no TradingView chart label, blocked",0.38,3.579,,,,,,,,,,,,,,B
2026-07-31,M9B,INNOVACAP,SELL,ENTRY SELL,290,09:20,560,962.65,,,0,0,"scanner-table preview (90/290) — no TradingView chart label, blocked",0.38,0.01,,,,,,,,,,,,,,B
2026-07-31,M9B,IPCALAB,SELL,ENTRY SELL,290,09:20,560,1758.9,,,0,0,"scanner-table preview (90/290) — no TradingView chart label, blocked",0.38,-0.062,,,,,,,,,,,,,,B
2026-07-31,M9B,ITCHOTELS,BUY,ENTRY BUY,90,09:20,560,162.09,,,0,0,"scanner-table preview (90/290) — no TradingView chart label, blocked",0.38,0.677,,,,,,,,,,,,,,B
2026-07-31,M9B,JKTYRE,BUY,ENTRY BUY,90,09:20,560,400.65,,,0,0,"scanner-table preview (90/290) — no TradingView chart label, blocked",0.38,0.653,,,,,,,,,,,,,,B
2026-07-31,M9B,JNKINDIA,BUY,ENTRY BUY,90,09:25,565,460.5,,,0,0,"scanner-table preview (90/290) — no TradingView chart label, blocked",0.38,0.109,,,,,,,,,,,,,,B
2026-07-31,M9B,JYOTISTRUC,BUY,ENTRY BUY,90,09:20,560,10.9,,,0,0,"scanner-table preview (90/290) — no TradingView chart label, blocked",0.38,1.679,,,,,,,,,,,,,,B
2026-07-31,M9B,KDDL,BUY,ENTRY BUY,90,09:25,565,3243.2,,,0,0,"scanner-table preview (90/290) — no TradingView chart label, blocked",0.38,1.859,,,,,,,,,,,,,,B
2026-07-31,M9B,KERNEX,BUY,ENTRY BUY,90,09:20,560,2264.3,,,0,0,"scanner-table preview (90/290) — no TradingView chart label, blocked",0.38,1.04,,,,,,,,,,,,,,B
2026-07-31,M9B,KITEX,BUY,ENTRY BUY,90,09:20,560,146.12,,,0,0,"scanner-table preview (90/290) — no TradingView chart label, blocked",0.38,0.495,,,,,,,,,,,,,,B
2026-07-31,M9B,KSHINTL,BUY,ENTRY BUY,90,09:20,560,839.0,,,0,0,"scanner-table preview (90/290) — no TradingView chart label, blocked",0.38,0.963,,,,,,,,,,,,,,B
2026-07-31,M9B,LATENTVIEW,BUY,ENTRY BUY,90,09:25,565,312.0,,,0,0,"scanner-table preview (90/290) — no TradingView chart label, blocked",0.38,0.386,,,,,,,,,,,,,,B
2026-07-31,M9B,LGBBROSLTD,BUY,ENTRY BUY,90,09:20,560,1618.8,,,0,0,"scanner-table preview (90/290) — no TradingView chart label, blocked",0.38,1.626,,,,,,,,,,,,,,B
2026-07-31,M9B,LINDEINDIA,BUY,ENTRY BUY,90,09:20,560,6705.0,,,0,0,"scanner-table preview (90/290) — no TradingView chart label, blocked",0.38,1.078,,,,,,,,,,,,,,B
2026-07-31,M9B,LTFOODS,BUY,ENTRY BUY,90,09:25,565,408.2,,,0,0,"scanner-table preview (90/290) — no TradingView chart label, blocked",0.38,2.744,,,,,,,,,,,,,,B
2026-07-31,M9B,MANINDS,BUY,ENTRY BUY,90,09:25,565,531.4,,,0,0,"scanner-table preview (90/290) — no TradingView chart label, blocked",0.38,0.435,,,,,,,,,,,,,,B
2026-07-31,M9B,MASTERTR,BUY,ENTRY BUY,90,09:25,565,82.24,,,0,0,"scanner-table preview (90/290) — no TradingView chart label, blocked",0.38,1.281,,,,,,,,,,,,,,B
2026-07-31,M9B,MMTC,BUY,ENTRY BUY,90,09:20,560,60.55,,,0,0,"scanner-table preview (90/290) — no TradingView chart label, blocked",0.38,0.917,,,,,,,,,,,,,,B
2026-07-31,M9B,MOL,SELL,ENTRY SELL,290,09:20,560,54.12,,,0,0,"scanner-table preview (90/290) — no TradingView chart label, blocked",0.38,-1.51,,,,,,,,,,,,,,B
2026-07-31,M9B,MSTCLTD,BUY,ENTRY BUY,90,09:20,560,609.5,,,0,0,"scanner-table preview (90/290) — no TradingView chart label, blocked",0.38,1.195,,,,,,,,,,,,,,B
2026-07-31,M9B,NCC,SELL,ENTRY SELL,290,09:20,560,140.38,,,0,0,"scanner-table preview (90/290) — no TradingView chart label, blocked",0.38,-0.44,,,,,,,,,,,,,,B
2026-07-31,M9B,NELCO,BUY,ENTRY BUY,90,09:25,565,965.1,,,0,0,"scanner-table preview (90/290) — no TradingView chart label, blocked",0.38,3.613,,,,,,,,,,,,,,B
2026-07-31,M9B,NEULANDLAB,SELL,ENTRY SELL,290,09:20,560,19279.0,,,0,0,"scanner-table preview (90/290) — no TradingView chart label, blocked",0.38,0.411,,,,,,,,,,,,,,B
2026-07-31,M9B,NIITLTD,BUY,ENTRY BUY,90,09:25,565,96.0,,,0,0,"scanner-table preview (90/290) — no TradingView chart label, blocked",0.38,0.639,,,,,,,,,,,,,,B
2026-07-31,M9B,NORTHARC,BUY,ENTRY BUY,90,09:25,565,288.95,,,0,0,"scanner-table preview (90/290) — no TradingView chart label, blocked",0.38,0.679,,,,,,,,,,,,,,B
2026-07-31,M9B,OMNI,BUY,ENTRY BUY,90,09:20,560,591.0,,,0,0,"scanner-table preview (90/290) — no TradingView chart label, blocked",0.38,0.939,,,,,,,,,,,,,,B
2026-07-31,M9B,PARKHOSPS,BUY,ENTRY BUY,90,09:20,560,284.7,,,0,0,"scanner-table preview (90/290) — no TradingView chart label, blocked",0.38,1.933,,,,,,,,,,,,,,B
2026-07-31,M9B,PFIZER,BUY,ENTRY BUY,90,09:25,565,4815.0,,,0,0,"scanner-table preview (90/290) — no TradingView chart label, blocked",0.38,0.313,,,,,,,,,,,,,,B
2026-07-31,M9B,PGHH,SELL,ENTRY SELL,290,09:25,565,8437.0,,,0,0,"scanner-table preview (90/290) — no TradingView chart label, blocked",0.38,-0.484,,,,,,,,,,,,,,B
2026-07-31,M9B,PICCADIL,BUY,ENTRY BUY,90,09:20,560,727.9,,,0,0,"scanner-table preview (90/290) — no TradingView chart label, blocked",0.38,0.957,,,,,,,,,,,,,,B
2026-07-31,M9B,PIRAMALFIN,BUY,ENTRY BUY,90,09:20,560,2064.0,,,0,0,"scanner-table preview (90/290) — no TradingView chart label, blocked",0.38,1.77,,,,,,,,,,,,,,B
2026-07-31,M9B,PPLPHARMA,SELL,ENTRY SELL,290,09:20,560,194.0,,,0,0,"scanner-table preview (90/290) — no TradingView chart label, blocked",0.38,-1.393,,,,,,,,,,,,,,B
2026-07-31,M9B,PRICOLLTD,BUY,ENTRY BUY,90,09:20,560,708.0,,,0,0,"scanner-table preview (90/290) — no TradingView chart label, blocked",0.38,2.773,,,,,,,,,,,,,,B
2026-07-31,M9B,PWL,BUY,ENTRY BUY,90,09:20,560,126.63,,,0,0,"scanner-table preview (90/290) — no TradingView chart label, blocked",0.38,0.86,,,,,,,,,,,,,,B
2026-07-31,M9B,RAMKY,BUY,ENTRY BUY,90,09:20,560,371.4,,,0,0,"scanner-table preview (90/290) — no TradingView chart label, blocked",0.38,0.869,,,,,,,,,,,,,,B
2026-07-31,M9B,RAYMONDLSL,BUY,ENTRY BUY,90,09:25,565,748.35,,,0,0,"scanner-table preview (90/290) — no TradingView chart label, blocked",0.38,1.816,,,,,,,,,,,,,,B
2026-07-31,M9B,RCF,BUY,ENTRY BUY,90,09:20,560,126.5,,,0,0,"scanner-table preview (90/290) — no TradingView chart label, blocked",0.38,0.397,,,,,,,,,,,,,,B
2026-07-31,M9B,RPOWER,BUY,ENTRY BUY,90,09:25,565,23.45,,,0,0,"scanner-table preview (90/290) — no TradingView chart label, blocked",0.38,0.428,,,,,,,,,,,,,,B
2026-07-31,M9B,RTNINDIA,BUY,ENTRY BUY,90,09:20,560,31.15,,,0,0,"scanner-table preview (90/290) — no TradingView chart label, blocked",0.38,0.322,,,,,,,,,,,,,,B
2026-07-31,M9B,SANDHAR,BUY,ENTRY BUY,90,09:20,560,610.6,,,0,0,"scanner-table preview (90/290) — no TradingView chart label, blocked",0.38,1.344,,,,,,,,,,,,,,B
2026-07-31,M9B,SANGHVIMOV,BUY,ENTRY BUY,90,09:20,560,441.0,,,0,0,"scanner-table preview (90/290) — no TradingView chart label, blocked",0.38,1.379,,,,,,,,,,,,,,B
2026-07-31,M9B,SBCL,BUY,ENTRY BUY,90,09:20,560,757.75,,,0,0,"scanner-table preview (90/290) — no TradingView chart label, blocked",0.38,2.955,,,,,,,,,,,,,,B
2026-07-31,M9B,SHADOWFAX,BUY,ENTRY BUY,90,09:20,560,223.06,,,0,0,"scanner-table preview (90/290) — no TradingView chart label, blocked",0.38,1.244,,,,,,,,,,,,,,B
2026-07-31,M9B,SHILPAMED,BUY,ENTRY BUY,90,09:20,560,611.7,,,0,0,"scanner-table preview (90/290) — no TradingView chart label, blocked",0.38,1.275,,,,,,,,,,,,,,B
2026-07-31,M9B,SHREEJISPG,BUY,ENTRY BUY,90,09:20,560,647.4,,,0,0,"scanner-table preview (90/290) — no TradingView chart label, blocked",0.38,0.998,,,,,,,,,,,,,,B
2026-07-31,M9B,SKMEGGPROD,BUY,ENTRY BUY,90,09:25,565,256.65,,,0,0,"scanner-table preview (90/290) — no TradingView chart label, blocked",0.38,2.66,,,,,,,,,,,,,,B
2026-07-31,M9B,SOBHA,BUY,ENTRY BUY,90,09:20,560,1353.9,,,0,0,"scanner-table preview (90/290) — no TradingView chart label, blocked",0.38,0.467,,,,,,,,,,,,,,B
2026-07-31,M9B,SUDARSCHEM,BUY,ENTRY BUY,90,09:20,560,1016.2,,,0,0,"scanner-table preview (90/290) — no TradingView chart label, blocked",0.38,0.669,,,,,,,,,,,,,,B
2026-07-31,M9B,SWSOLAR,BUY,ENTRY BUY,90,09:20,560,205.33,,,0,0,"scanner-table preview (90/290) — no TradingView chart label, blocked",0.38,0.701,,,,,,,,,,,,,,B
2026-07-31,M9B,TAJGVK,SELL,ENTRY SELL,290,09:20,560,356.0,,,0,0,"scanner-table preview (90/290) — no TradingView chart label, blocked",0.38,-1.603,,,,,,,,,,,,,,B
2026-07-31,M9B,TATVA,BUY,ENTRY BUY,90,09:20,560,1709.5,,,0,0,"scanner-table preview (90/290) — no TradingView chart label, blocked",0.38,1.817,,,,,,,,,,,,,,B
2026-07-31,M9B,TFCILTD,BUY,ENTRY BUY,90,09:25,565,101.72,,,0,0,"scanner-table preview (90/290) — no TradingView chart label, blocked",0.38,0.395,,,,,,,,,,,,,,B
2026-07-31,M9B,THELEELA,BUY,ENTRY BUY,90,09:25,565,473.8,,,0,0,"scanner-table preview (90/290) — no TradingView chart label, blocked",0.38,1.674,,,,,,,,,,,,,,B
2026-07-31,M9B,THOMASCOOK,BUY,ENTRY BUY,90,09:20,560,100.34,,,0,0,"scanner-table preview (90/290) — no TradingView chart label, blocked",0.38,0.844,,,,,,,,,,,,,,B
2026-07-31,M9B,TITAGARH,BUY,ENTRY BUY,90,09:25,565,830.05,,,0,0,"scanner-table preview (90/290) — no TradingView chart label, blocked",0.38,0.661,,,,,,,,,,,,,,B
2026-07-31,M9B,UCOBANK,BUY,ENTRY BUY,90,09:20,560,25.98,,,0,0,"scanner-table preview (90/290) — no TradingView chart label, blocked",0.38,0.231,,,,,,,,,,,,,,B
2026-07-31,M9B,UTLSOLAR,BUY,ENTRY BUY,90,09:20,560,373.65,,,0,0,"scanner-table preview (90/290) — no TradingView chart label, blocked",0.38,1.812,,,,,,,,,,,,,,B
2026-07-31,M9B,VAIBHAVGBL,BUY,ENTRY BUY,90,09:25,565,267.65,,,0,0,"scanner-table preview (90/290) — no TradingView chart label, blocked",0.38,1.383,,,,,,,,,,,,,,B
2026-07-31,M9B,VGUARD,BUY,ENTRY BUY,90,09:20,560,324.5,,,0,0,"scanner-table preview (90/290) — no TradingView chart label, blocked",0.38,2.076,,,,,,,,,,,,,,B
2026-07-31,M9B,VIDYAWIRES,BUY,ENTRY BUY,90,09:20,560,90.5,,,0,0,"scanner-table preview (90/290) — no TradingView chart label, blocked",0.38,1.344,,,,,,,,,,,,,,B
2026-07-31,M9B,VINCOFE,BUY,ENTRY BUY,90,09:20,560,151.22,,,0,0,"scanner-table preview (90/290) — no TradingView chart label, blocked",0.38,2.176,,,,,,,,,,,,,,B
2026-07-31,M9B,VMART,SELL,ENTRY SELL,290,09:20,560,748.6,,,0,0,"scanner-table preview (90/290) — no TradingView chart label, blocked",0.38,-1.24,,,,,,,,,,,,,,B
2026-07-31,M9B,VSSL,BUY,ENTRY BUY,90,09:20,560,300.75,,,0,0,"scanner-table preview (90/290) — no TradingView chart label, blocked",0.38,0.25,,,,,,,,,,,,,,B
2026-07-31,M9B,WABAG,BUY,ENTRY BUY,90,09:20,560,1930.0,,,0,0,"scanner-table preview (90/290) — no TradingView chart label, blocked",0.38,1.419,,,,,,,,,,,,,,B
2026-07-31,M9B,AARTIDRUGS,BUY,ENTRY BUY,90,09:35,575,420.55,,,0,0,"scanner-table preview (90/290) — no TradingView chart label, blocked",0.38,1.337,,,,,,,,,,,,,,B
2026-07-31,M9B,ADVENZYMES,BUY,ENTRY BUY,90,09:40,580,309.0,,,0,0,"scanner-table preview (90/290) — no TradingView chart label, blocked",0.38,0.341,,,,,,,,,,,,,,B
2026-07-31,M9B,AGI,SELL,SELL-EX5,205,09:35,575,699.05,,,0,0,SELL-side master signal — M9 is BUY-only (logged for evidence),0.38,-0.703,,,,,,,,,,,,,,B
2026-07-31,M9B,AJANTPHARM,SELL,SELL-EX8,208,09:30,570,3372.8,,,0,0,SELL-side master signal — M9 is BUY-only (logged for evidence),0.38,-2.01,,,,,,,,,,,,,,B
2026-07-31,M9B,ALEMBICLTD,BUY,ENTRY BUY,90,09:40,580,90.15,,,0,0,"scanner-table preview (90/290) — no TradingView chart label, blocked",0.38,0.659,,,,,,,,,,,,,,B
2026-07-31,M9B,APEX,SELL,ENTRY SELL,290,09:30,570,368.95,,,0,0,"scanner-table preview (90/290) — no TradingView chart label, blocked",0.38,-0.553,,,,,,,,,,,,,,B
2026-07-31,M9B,APEX,SELL,SELL-EX5,205,09:35,575,368.05,,,0,0,SELL-side master signal — M9 is BUY-only (logged for evidence),0.38,-0.795,,,,,,,,,,,,,,B
2026-07-31,M9B,AVL,BUY,BUY-EX,101,09:40,580,646.85,,,0,0,not on NSE top-20 gainers (all-securities) snapshot — entry blocked (user rule A,0.38,3.117,,,,,,,,,,,,,,B
2026-07-31,M9B,BASF,BUY,ENTRY BUY,90,09:30,570,3702.0,,,0,0,"scanner-table preview (90/290) — no TradingView chart label, blocked",0.38,0.598,,,,,,,,,,,,,,B
2026-07-31,M9B,BEML,BUY,BUY-EX,101,09:30,570,1788.5,,,0,0,not on NSE top-20 gainers (all-securities) snapshot — entry blocked (user rule A,0.38,2.147,,,,,,,,,,,,,,B
2026-07-31,M9B,BHARTIHEXA,SELL,SELL-EX5,205,09:35,575,1623.6,,,0,0,SELL-side master signal — M9 is BUY-only (logged for evidence),0.38,-2.14,,,,,,,,,,,,,,B
2026-07-31,M9B,BLUSPRING,BUY,BUY-EX,101,09:40,580,116.85,,,0,0,signal close ₹116.85 ≤ ₹200 — price floor (rule 4),0.38,4.33,,,,,,,,,,,,,,B
2026-07-31,M9B,BRIGADE,BUY,BUY-EX,101,09:40,580,570.6,,,0,0,not on NSE top-20 gainers (all-securities) snapshot — entry blocked (user rule A,0.38,0.982,,,,,,,,,,,,,,B
2026-07-31,M9B,CEATLTD,SELL,SELL-EX8,208,09:35,575,3425.1,,,0,0,SELL-side master signal — M9 is BUY-only (logged for evidence),0.38,-1.294,,,,,,,,,,,,,,B
2026-07-31,M9B,CENTURYPLY,BUY,BUY-EX,101,09:30,570,799.0,,,0,0,not on NSE top-20 gainers (all-securities) snapshot — entry blocked (user rule A,0.38,0.63,,,,,,,,,,,,,,B
2026-07-31,M9B,CMSINFO,SELL,SELL-EX1,201,09:35,575,264.9,,,0,0,SELL-side master signal — M9 is BUY-only (logged for evidence),0.38,-1.707,,,,,,,,,,,,,,B
2026-07-31,M9B,DIGITIDE,BUY,ENTRY BUY,90,09:40,580,102.55,,,0,0,"scanner-table preview (90/290) — no TradingView chart label, blocked",0.38,1.938,,,,,,,,,,,,,,B
2026-07-31,M9B,DREDGECORP,BUY,ENTRY BUY,90,09:30,570,1123.5,,,0,0,"scanner-table preview (90/290) — no TradingView chart label, blocked",0.38,0.925,,,,,,,,,,,,,,B
2026-07-31,M9B,DREDGECORP,BUY,BUY-EX,101,09:35,575,1135.8,,,0,0,entry-candle range 1.33% > 1.25% — volatility brake (rule 7),0.38,2.03,,,,,,,,,,,,,,B
2026-07-31,M9B,EUROPRATIK,BUY,ENTRY BUY,90,09:35,575,307.5,,,0,0,"scanner-table preview (90/290) — no TradingView chart label, blocked",0.38,0.985,,,,,,,,,,,,,,B
2026-07-31,M9B,FIVESTAR,BUY,BUY-EX,101,09:30,570,567.0,,,0,0,not on NSE top-20 gainers (all-securities) snapshot — entry blocked (user rule A,0.38,2.717,,,,,,,,,,,,,,B
2026-07-31,M9B,GILLETTE,SELL,SELL-EX3,203,09:30,570,7600.0,,,0,0,SELL-side master signal — M9 is BUY-only (logged for evidence),0.38,-1.605,,,,,,,,,,,,,,B
2026-07-31,M9B,GRAVITA,BUY,BUY-EX7,106,09:40,580,1598.1,,,0,0,not on NSE top-20 gainers (all-securities) snapshot — entry blocked (user rule A,0.38,1.152,,,,,,,,,,,,,,B
2026-07-31,M9B,GREENPANEL,SELL,ENTRY SELL,290,09:35,575,191.88,,,0,0,"scanner-table preview (90/290) — no TradingView chart label, blocked",0.38,-0.379,,,,,,,,,,,,,,B
2026-07-31,M9B,GSPCROP,SELL,ENTRY SELL,290,09:30,570,579.4,,,0,0,"scanner-table preview (90/290) — no TradingView chart label, blocked",0.38,-1.63,,,,,,,,,,,,,,B
2026-07-31,M9B,GVPIL,BUY,BUY-EX,101,09:35,575,763.0,,,0,0,not on NSE top-20 gainers (all-securities) snapshot — entry blocked (user rule A,0.38,2.197,,,,,,,,,,,,,,B
2026-07-31,M9B,HAPPYFORGE,BUY,BUY-EX,101,09:30,570,1688.0,,,0,0,not on NSE top-20 gainers (all-securities) snapshot — entry blocked (user rule A,0.38,0.824,,,,,,,,,,,,,,B
2026-07-31,M9B,HCC,BUY,BUY-EX,101,09:40,580,21.39,,,0,0,signal close ₹21.39 ≤ ₹200 — price floor (rule 4),0.38,1.663,,,,,,,,,,,,,,B
2026-07-31,M9B,HEG,SELL,SELL-EX19,219,09:35,575,659.0,,,0,0,SELL-side master signal — M9 is BUY-only (logged for evidence),0.38,-0.106,,,,,,,,,,,,,,B
2026-07-31,M9B,HOMEFIRST,BUY,ENTRY BUY,90,09:30,570,1208.8,,,0,0,"scanner-table preview (90/290) — no TradingView chart label, blocked",0.38,2.311,,,,,,,,,,,,,,B
2026-07-31,M9B,HONDAPOWER,SELL,ENTRY SELL,290,09:30,570,2094.3,,,0,0,"scanner-table preview (90/290) — no TradingView chart label, blocked",0.38,-1.352,,,,,,,,,,,,,,B
2026-07-31,M9B,IFBIND,BUY,ENTRY BUY,90,09:40,580,1320.8,,,0,0,"scanner-table preview (90/290) — no TradingView chart label, blocked",0.38,0.748,,,,,,,,,,,,,,B
2026-07-31,M9B,IKIO,BUY,ENTRY BUY,90,09:40,580,202.5,,,0,0,"scanner-table preview (90/290) — no TradingView chart label, blocked",0.38,2.708,,,,,,,,,,,,,,B
2026-07-31,M9B,INDORAMA,BUY,BUY-EX,101,09:30,570,57.01,,,0,0,signal close ₹57.01 ≤ ₹200 — price floor (rule 4),0.38,2.721,,,,,,,,,,,,,,B
2026-07-31,M9B,INDSWFTLAB,BUY,ENTRY BUY,90,09:35,575,225.49,,,0,0,"scanner-table preview (90/290) — no TradingView chart label, blocked",0.38,3.384,,,,,,,,,,,,,,B
2026-07-31,M9B,JAGRAN,SELL,ENTRY SELL,290,09:35,575,63.43,,,0,0,"scanner-table preview (90/290) — no TradingView chart label, blocked",0.38,-0.736,,,,,,,,,,,,,,B
2026-07-31,M9B,JINDALPHOT,BUY,ENTRY BUY,90,09:25,565,1073.8,,,0,0,"scanner-table preview (90/290) — no TradingView chart label, blocked",0.38,0.355,,,,,,,,,,,,,,B
2026-07-31,M9B,JKTYRE,BUY,ENTRY BUY,90,09:40,580,401.05,,,0,0,"scanner-table preview (90/290) — no TradingView chart label, blocked",0.38,0.754,,,,,,,,,,,,,,B
2026-07-31,M9B,JSWINFRA,BUY,ENTRY BUY,90,09:30,570,319.75,,,0,0,"scanner-table preview (90/290) — no TradingView chart label, blocked",0.38,0.125,,,,,,,,,,,,,,B
2026-07-31,M9B,JSWINFRA,BUY,BUY-EX,101,09:40,580,320.75,,,0,0,not on NSE top-20 gainers (all-securities) snapshot — entry blocked (user rule A,0.38,0.438,,,,,,,,,,,,,,B
2026-07-31,M9B,JUBLINGREA,BUY,BUY-EX17,102,09:40,580,737.0,,,0,0,not on NSE top-20 gainers (all-securities) snapshot — entry blocked (user rule A,0.38,1.376,,,,,,,,,,,,,,B
2026-07-31,M9B,KALAMANDIR,SELL,ENTRY SELL,290,09:30,570,88.35,,,0,0,"scanner-table preview (90/290) — no TradingView chart label, blocked",0.38,-0.417,,,,,,,,,,,,,,B
2026-07-31,M9B,KDDL,BUY,BUY-EX,101,09:30,570,3259.0,,,0,0,not on NSE top-20 gainers (all-securities) snapshot — entry blocked (user rule A,0.38,2.356,,,,,,,,,,,,,,B
2026-07-31,M9B,KIRLOSIND,BUY,BUY-EX,101,09:30,570,3795.7,,,0,0,not on NSE top-20 gainers (all-securities) snapshot — entry blocked (user rule A,0.38,1.165,,,,,,,,,,,,,,B
2026-07-31,M9B,KRSNAA,SELL,SELL-EX5,205,09:35,575,521.1,,,0,0,SELL-side master signal — M9 is BUY-only (logged for evidence),0.38,-0.344,,,,,,,,,,,,,,B
2026-07-31,M9B,KSHINTL,BUY,BUY-EX,101,09:30,570,853.45,,,0,0,entry-candle range 1.48% > 1.25% — volatility brake (rule 7),0.38,2.702,,,,,,,,,,,,,,B
2026-07-31,M9B,LANDMARK,BUY,ENTRY BUY,90,09:30,570,546.25,,,0,0,"scanner-table preview (90/290) — no TradingView chart label, blocked",0.38,1.364,,,,,,,,,,,,,,B
2026-07-31,M9B,LLOYDSME,SELL,ENTRY SELL,290,09:30,570,2022.0,,,0,0,"scanner-table preview (90/290) — no TradingView chart label, blocked",0.38,0.397,,,,,,,,,,,,,,B
2026-07-31,M9B,LLOYDSME,BUY,BUY-EX17,102,09:40,580,2051.9,,,0,0,entry-candle range 1.38% > 1.25% — volatility brake (rule 7),0.38,1.882,,,,,,,,,,,,,,B
2026-07-31,M9B,LUMAXTECH,BUY,BUY-EX,101,09:30,570,1539.6,,,0,0,not on NSE top-20 gainers (all-securities) snapshot — entry blocked (user rule A,0.38,1.396,,,,,,,,,,,,,,B
2026-07-31,M9B,MAHSCOOTER,BUY,BUY-EX17,102,09:30,570,12480.0,,,0,0,not on NSE top-20 gainers (all-securities) snapshot — entry blocked (user rule A,0.38,0.645,,,,,,,,,,,,,,B
2026-07-31,M9B,MSTCLTD,BUY,BUY-EX,101,09:35,575,617.7,,,0,0,entry-candle range 1.38% > 1.25% — volatility brake (rule 7),0.38,2.557,,,,,,,,,,,,,,B
2026-07-31,M9B,NELCO,BUY,BUY-EX,101,09:30,570,973.85,,,0,0,entry-candle range 1.38% > 1.25% — volatility brake (rule 7),0.38,4.552,,,,,,,,,,,,,,B
2026-07-31,M9B,NORTHARC,BUY,BUY-EX,101,09:40,580,291.0,,,0,0,not on NSE top-20 gainers (all-securities) snapshot — entry blocked (user rule A,0.38,1.394,,,,,,,,,,,,,,B
2026-07-31,M9B,OSWALPUMPS,SELL,ENTRY SELL,290,09:40,580,331.0,,,0,0,"scanner-table preview (90/290) — no TradingView chart label, blocked",0.38,-0.301,,,,,,,,,,,,,,B
2026-07-31,M9B,PATELENG,BUY,ENTRY BUY,90,09:40,580,27.54,,,0,0,"scanner-table preview (90/290) — no TradingView chart label, blocked",0.38,0.364,,,,,,,,,,,,,,B
2026-07-31,M9B,PIRAMALFIN,BUY,BUY-EX7,106,09:40,580,2067.2,,,0,0,not on NSE top-20 gainers (all-securities) snapshot — entry blocked (user rule A,0.38,1.928,,,,,,,,,,,,,,B
2026-07-31,M9B,POLYPLEX,BUY,ENTRY BUY,90,09:40,580,1109.95,,,0,0,"scanner-table preview (90/290) — no TradingView chart label, blocked",0.38,0.813,,,,,,,,,,,,,,B
2026-07-31,M9B,PPLPHARMA,BUY,ENTRY BUY,90,09:35,575,197.75,,,0,0,"scanner-table preview (90/290) — no TradingView chart label, blocked",0.38,0.513,,,,,,,,,,,,,,B
2026-07-31,M9B,PRECAM,BUY,ENTRY BUY,90,09:40,580,144.19,,,0,0,"scanner-table preview (90/290) — no TradingView chart label, blocked",0.38,0.481,,,,,,,,,,,,,,B
2026-07-31,M9B,RACLGEAR,BUY,ENTRY BUY,90,09:30,570,1264.6,,,0,0,"scanner-table preview (90/290) — no TradingView chart label, blocked",0.38,1.322,,,,,,,,,,,,,,B
2026-07-31,M9B,RAMKY,BUY,ENTRY BUY,90,09:30,570,371.3,,,0,0,"scanner-table preview (90/290) — no TradingView chart label, blocked",0.38,0.842,,,,,,,,,,,,,,B
2026-07-31,M9B,RATNAMANI,BUY,ENTRY BUY,90,09:30,570,2403.5,,,0,0,"scanner-table preview (90/290) — no TradingView chart label, blocked",0.38,0.649,,,,,,,,,,,,,,B
2026-07-31,M9B,REFEX,BUY,BUY-EX9,108,09:40,580,301.5,,,0,0,entry-candle range 2.17% > 1.25% — volatility brake (rule 7),0.38,-0.331,,,,,,,,,,,,,,B
2026-07-31,M9B,RICOAUTO,BUY,BUY-EX17,102,09:30,570,141.61,,,0,0,signal close ₹141.61 ≤ ₹200 — price floor (rule 4),0.38,2.393,,,,,,,,,,,,,,B
2026-07-31,M9B,RITES,SELL,SELL-EX6,206,09:35,575,215.6,,,0,0,SELL-side master signal — M9 is BUY-only (logged for evidence),0.38,-1.101,,,,,,,,,,,,,,B
2026-07-31,M9B,ROUTE,SELL,SELL-EX1,201,09:30,570,537.45,,,0,0,SELL-side master signal — M9 is BUY-only (logged for evidence),0.38,-1.8,,,,,,,,,,,,,,B
2026-07-31,M9B,RRKABEL,BUY,BUY-EX,101,09:40,580,2625.9,,,0,0,not on NSE top-20 gainers (all-securities) snapshot — entry blocked (user rule A,0.38,2.494,,,,,,,,,,,,,,B
2026-07-31,M9B,SAMBHV,BUY,BUY-EX,101,09:40,580,119.15,,,0,0,signal close ₹119.15 ≤ ₹200 — price floor (rule 4),0.38,2.849,,,,,,,,,,,,,,B
2026-07-31,M9B,SANSTAR,BUY,ENTRY BUY,90,09:40,580,114.73,,,0,0,"scanner-table preview (90/290) — no TradingView chart label, blocked",0.38,1.531,,,,,,,,,,,,,,B
2026-07-31,M9B,SIGNPOST,SELL,ENTRY SELL,290,09:40,580,307.0,,,0,0,"scanner-table preview (90/290) — no TradingView chart label, blocked",0.38,-1.413,,,,,,,,,,,,,,B
2026-07-31,M9B,STOVEKRAFT,BUY,ENTRY BUY,90,09:35,575,813.8,,,0,0,"scanner-table preview (90/290) — no TradingView chart label, blocked",0.38,1.471,,,,,,,,,,,,,,B
2026-07-31,M9B,STYLAMIND,BUY,BUY-EX,101,09:30,570,3404.8,,,0,0,entry-candle range 1.25% > 1.25% — volatility brake (rule 7),0.38,1.207,,,,,,,,,,,,,,B
2026-07-31,M9B,TEJASNET,BUY,BUY-EX7,106,09:30,570,515.65,,,0,0,not on NSE top-20 gainers (all-securities) snapshot — entry blocked (user rule A,0.38,1.807,,,,,,,,,,,,,,B
2026-07-31,M9B,THOMASCOOK,BUY,BUY-EX,101,09:30,570,101.83,,,0,0,signal close ₹101.83 ≤ ₹200 — price floor (rule 4),0.38,2.342,,,,,,,,,,,,,,B
2026-07-31,M9B,TIIL,BUY,ENTRY BUY,90,09:35,575,2568.2,,,0,0,"scanner-table preview (90/290) — no TradingView chart label, blocked",0.38,0.773,,,,,,,,,,,,,,B
2026-07-31,M9B,TIIL,BUY,BUY-EX,101,09:40,580,2594.0,,,0,0,not on NSE top-20 gainers (all-securities) snapshot — entry blocked (user rule A,0.38,1.785,,,,,,,,,,,,,,B
2026-07-31,M9B,TTKHLTCARE,SELL,ENTRY SELL,290,09:30,570,992.0,,,0,0,"scanner-table preview (90/290) — no TradingView chart label, blocked",0.38,-0.8,,,,,,,,,,,,,,B
2026-07-31,M9B,TTKHLTCARE,SELL,SELL-EX5,205,09:35,575,988.1,,,0,0,SELL-side master signal — M9 is BUY-only (logged for evidence),0.38,-1.19,,,,,,,,,,,,,,B
2026-07-31,M9B,TVSSCS,BUY,ENTRY BUY,90,09:30,570,136.8,,,0,0,"scanner-table preview (90/290) — no TradingView chart label, blocked",0.38,1.183,,,,,,,,,,,,,,B
2026-07-31,M9B,UFBL,BUY,ENTRY BUY,90,09:30,570,706.5,,,0,0,"scanner-table preview (90/290) — no TradingView chart label, blocked",0.38,4.667,,,,,,,,,,,,,,B
2026-07-31,M9B,VEDPOWER,BUY,BUY-EX9,108,09:40,580,33.99,,,0,0,signal close ₹33.99 ≤ ₹200 — price floor (rule 4),0.38,0.771,,,,,,,,,,,,,,B
2026-07-31,M9B,WABAG,BUY,BUY-EX,101,09:30,570,1938.5,,,0,0,not on NSE top-20 gainers (all-securities) snapshot — entry blocked (user rule A,0.38,1.865,,,,,,,,,,,,,,B
2026-07-31,M9B,WEWORK,BUY,BUY-EX,101,09:35,575,722.35,,,0,0,entry-candle range 1.60% > 1.25% — volatility brake (rule 7),0.38,1.169,,,,,,,,,,,,,,B
2026-07-31,M9B,ZEEL,BUY,BUY-EX,101,09:30,570,115.38,,,0,0,signal close ₹115.38 ≤ ₹200 — price floor (rule 4),0.38,2.514,,,,,,,,,,,,,,B
2026-07-31,M9B,AARTIDRUGS,BUY,BUY-EX,101,09:45,585,422.05,,,0,0,not on NSE top-20 gainers (all-securities) snapshot — entry blocked (user rule A,0.38,1.699,,,,,,,,,,,,,,B
2026-07-31,M9B,ARSSBL,BUY,BUY-EX,101,09:55,595,514.9,,,0,0,not on NSE top-20 gainers (all-securities) snapshot — entry blocked (user rule A,0.38,1.378,,,,,,,,,,,,,,B
2026-07-31,M9B,BIRLACORPN,BUY,BUY-EX,101,09:55,595,901.2,,,0,0,not on NSE top-20 gainers (all-securities) snapshot — entry blocked (user rule A,0.38,1.71,,,,,,,,,,,,,,B
2026-07-31,M9B,BUILDPRO,BUY,BUY-EX,101,09:55,595,1235.4,,,0,0,not on NSE top-20 gainers (all-securities) snapshot — entry blocked (user rule A,0.38,2.091,,,,,,,,,,,,,,B
2026-07-31,M9B,CELLO,BUY,BUY-EX4,103,09:55,595,343.95,,,0,0,not on NSE top-20 gainers (all-securities) snapshot — entry blocked (user rule A,0.38,1.311,,,,,,,,,,,,,,B
2026-07-31,M9B,CGCL,BUY,BUY-EX,101,09:50,590,230.17,,,0,0,entry-candle range 1.53% > 1.25% — volatility brake (rule 7),0.38,2.298,,,,,,,,,,,,,,B
2026-07-31,M9B,CONCORDBIO,BUY,BUY-EX,101,09:45,585,1368.0,,,0,0,not on NSE top-20 gainers (all-securities) snapshot — entry blocked (user rule A,0.38,2.857,,,,,,,,,,,,,,B
2026-07-31,M9B,CREDITACC,BUY,BUY-EX,101,09:55,595,1632.5,,,0,0,not on NSE top-20 gainers (all-securities) snapshot — entry blocked (user rule A,0.38,1.146,,,,,,,,,,,,,,B
2026-07-31,M9B,EXICOM,BUY,BUY-EX4,103,09:50,590,161.24,,,0,0,signal close ₹161.24 ≤ ₹200 — price floor (rule 4),0.38,2.57,,,,,,,,,,,,,,B
2026-07-31,M9B,FUSION,BUY,BUY-EX,101,09:50,590,206.46,,,0,0,not on NSE top-20 gainers (all-securities) snapshot — entry blocked (user rule A,0.38,4.616,,,,,,,,,,,,,,B
2026-07-31,M9B,GMMPFAUDLR,BUY,BUY-EX,101,09:55,595,820.65,,,0,0,not on NSE top-20 gainers (all-securities) snapshot — entry blocked (user rule A,0.38,1.165,,,,,,,,,,,,,,B
2026-07-31,M9B,GRANULES,BUY,BUY-EX7,106,09:45,585,839.0,,,0,0,not on NSE top-20 gainers (all-securities) snapshot — entry blocked (user rule A,0.38,0.72,,,,,,,,,,,,,,B
2026-07-31,M9B,HATSUN,BUY,BUY-EX,101,09:50,590,890.35,,,0,0,not on NSE top-20 gainers (all-securities) snapshot — entry blocked (user rule A,0.38,1.795,,,,,,,,,,,,,,B
2026-07-31,M9B,HOMEFIRST,BUY,BUY-EX17,102,09:50,590,1211.0,,,0,0,not on NSE top-20 gainers (all-securities) snapshot — entry blocked (user rule A,0.38,2.497,,,,,,,,,,,,,,B
2026-07-31,M9B,JSFB,BUY,BUY-EX,101,09:50,590,582.9,,,0,0,not on NSE top-20 gainers (all-securities) snapshot — entry blocked (user rule A,0.38,3.719,,,,,,,,,,,,,,B
2026-07-31,M9B,JWL,BUY,BUY-EX,101,09:45,585,261.5,,,0,0,not on NSE top-20 gainers (all-securities) snapshot — entry blocked (user rule A,0.38,0.192,,,,,,,,,,,,,,B
2026-07-31,M9B,KITEX,BUY,BUY-EX,101,09:50,590,146.8,,,0,0,signal close ₹146.80 ≤ ₹200 — price floor (rule 4),0.38,0.963,,,,,,,,,,,,,,B
2026-07-31,M9B,KNACK,BUY,BUY-EX,101,09:45,585,192.01,,,0,0,signal close ₹192.01 ≤ ₹200 — price floor (rule 4),0.38,1.058,,,,,,,,,,,,,,B
2026-07-31,M9B,LTFOODS,BUY,BUY-EX17,102,09:45,585,412.7,,,0,0,entry-candle range 1.46% > 1.25% — volatility brake (rule 7),0.38,3.876,,,,,,,,,,,,,,B
2026-07-31,M9B,MMTC,BUY,BUY-EX,101,09:50,590,61.35,,,0,0,signal close ₹61.35 ≤ ₹200 — price floor (rule 4),0.38,2.25,,,,,,,,,,,,,,B
2026-07-31,M9B,NH,SELL,SELL-EX1,201,09:50,590,2062.1,,,0,0,SELL-side master signal — M9 is BUY-only (logged for evidence),0.38,-0.956,,,,,,,,,,,,,,B
2026-07-31,M9B,NSIL,BUY,BUY-EX,101,09:45,585,5534.0,,,0,0,not on NSE top-20 gainers (all-securities) snapshot — entry blocked (user rule A,0.38,0.893,,,,,,,,,,,,,,B
2026-07-31,M9B,PARKHOSPS,BUY,BUY-EX,101,09:50,590,290.4,,,0,0,entry-candle range 1.77% > 1.25% — volatility brake (rule 7),0.38,3.974,,,,,,,,,,,,,,B
2026-07-31,M9B,ROLEXRINGS,BUY,BUY-EX9,108,09:45,585,137.49,,,0,0,signal close ₹137.49 ≤ ₹200 — price floor (rule 4),0.38,0.306,,,,,,,,,,,,,,B
2026-07-31,M9B,SANDHAR,BUY,BUY-EX,101,09:50,590,613.4,,,0,0,entry-candle range 1.39% > 1.25% — volatility brake (rule 7),0.38,1.809,,,,,,,,,,,,,,B
2026-07-31,M9B,TFCILTD,BUY,BUY-EX,101,09:45,585,102.12,,,0,0,signal close ₹102.12 ≤ ₹200 — price floor (rule 4),0.38,0.79,,,,,,,,,,,,,,B
2026-07-31,M9B,TIMKEN,BUY,BUY-EX4,103,09:50,590,3135.0,,,0,0,not on NSE top-20 gainers (all-securities) snapshot — entry blocked (user rule A,0.38,1.292,,,,,,,,,,,,,,B
2026-07-31,M9B,URBANCO,BUY,BUY-EX7,106,09:55,595,131.31,,,0,0,signal close ₹131.31 ≤ ₹200 — price floor (rule 4),0.38,0.398,,,,,,,,,,,,,,B
2026-07-31,M9B,WANBURY,BUY,BUY-EX9,108,09:45,585,300.15,,,0,0,not on NSE top-20 gainers (all-securities) snapshot — entry blocked (user rule A,0.38,1.231,,,,,,,,,,,,,,B
2026-07-31,M9B,WEWORK,BUY,BUY-EX,101,09:55,595,727.65,,,0,0,not on NSE top-20 gainers (all-securities) snapshot — entry blocked (user rule A,0.38,1.912,,,,,,,,,,,,,,B
2026-07-31,M9B,WSTCSTPAPR,BUY,BUY-EX,101,09:45,585,567.7,,,0,0,not on NSE top-20 gainers (all-securities) snapshot — entry blocked (user rule A,0.38,1.194,,,,,,,,,,,,,,B
2026-07-31,M9B,ALEMBICLTD,BUY,BUY-EX,101,10:05,605,91.1,,,0,0,signal close ₹91.10 ≤ ₹200 — price floor (rule 4),0.38,1.72,,,,,,,,,,,,,,B
2026-07-31,M9B,ARFIN,SELL,SELL-EX5,205,10:10,610,87.61,,,0,0,SELL-side master signal — M9 is BUY-only (logged for evidence),0.38,-0.375,,,,,,,,,,,,,,B
2026-07-31,M9B,AVALON,BUY,BUY-EX,101,10:00,600,1837.7,,,0,0,not on NSE top-20 gainers (all-securities) snapshot — entry blocked (user rule A,0.38,3.842,,,,,,,,,,,,,,B
2026-07-31,M9B,CHENNPETRO,BUY,BUY-EX17,102,10:05,605,1249.6,,,0,0,not on NSE top-20 gainers (all-securities) snapshot — entry blocked (user rule A,0.38,0.45,,,,,,,,,,,,,,B
2026-07-31,M9B,ESCORTS,BUY,BUY-EX7,106,10:00,600,3031.3,,,0,0,not on NSE top-20 gainers (all-securities) snapshot — entry blocked (user rule A,0.38,0.681,,,,,,,,,,,,,,B
2026-07-31,M9B,GENUSPOWER,BUY,BUY-EX,101,10:05,605,316.0,,,0,0,not on NSE top-20 gainers (all-securities) snapshot — entry blocked (user rule A,0.38,2.932,,,,,,,,,,,,,,B
2026-07-31,M9B,GOCLCORP,BUY,BUY-EX,101,10:05,605,392.0,,,0,0,not on NSE top-20 gainers (all-securities) snapshot — entry blocked (user rule A,0.38,0.771,,,,,,,,,,,,,,B
2026-07-31,M9B,ITCHOTELS,BUY,BUY-EX7,106,10:05,605,162.39,,,0,0,signal close ₹162.39 ≤ ₹200 — price floor (rule 4),0.38,0.863,,,,,,,,,,,,,,B
2026-07-31,M9B,JAINREC,BUY,BUY-EX,101,10:10,610,350.2,,,0,0,not on NSE top-20 gainers (all-securities) snapshot — entry blocked (user rule A,0.38,2.099,,,,,,,,,,,,,,B
2026-07-31,M9B,KINGFA,BUY,BUY-EX,101,10:10,610,5132.0,,,0,0,not on NSE top-20 gainers (all-securities) snapshot — entry blocked (user rule A,0.38,0.766,,,,,,,,,,,,,,B
2026-07-31,M9B,LATENTVIEW,BUY,BUY-EX7,106,10:05,605,313.9,,,0,0,not on NSE top-20 gainers (all-securities) snapshot — entry blocked (user rule A,0.38,0.997,,,,,,,,,,,,,,B
2026-07-31,M9B,NEULANDLAB,SELL,SELL-EX2,202,10:10,610,19075.0,,,0,0,SELL-side master signal — M9 is BUY-only (logged for evidence),0.38,-0.651,,,,,,,,,,,,,,B
2026-07-31,M9B,OPTIEMUS,BUY,BUY-EX,101,10:05,605,634.1,,,0,0,not on NSE top-20 gainers (all-securities) snapshot — entry blocked (user rule A,0.38,3.257,,,,,,,,,,,,,,B
2026-07-31,M9B,PICCADIL,BUY,BUY-EX,101,10:10,610,737.25,,,0,0,not on NSE top-20 gainers (all-securities) snapshot — entry blocked (user rule A,0.38,2.254,,,,,,,,,,,,,,B
2026-07-31,M9B,SAREGAMA,BUY,BUY-EX9,108,10:10,610,523.35,,,0,0,not on NSE top-20 gainers (all-securities) snapshot — entry blocked (user rule A,0.38,0.115,,,,,,,,,,,,,,B
2026-07-31,M9B,5PAISA,BUY,BUY-EX,101,10:20,620,351.1,,,0,0,not on NSE top-20 gainers (all-securities) snapshot — entry blocked (user rule A,0.38,1.445,,,,,,,,,,,,,,B
2026-07-31,M9B,AFFLE,SELL,NORMAL SELL,280,10:20,620,1592.5,,,0,0,SELL-side master signal — M9 is BUY-only (logged for evidence),0.38,-1.393,,,,,,,,,,,,,,B
2026-07-31,M9B,ANURAS,SELL,SELL-EX2,202,10:20,620,1205.5,,,0,0,SELL-side master signal — M9 is BUY-only (logged for evidence),0.38,-0.207,,,,,,,,,,,,,,B
2026-07-31,M9B,BLUEDART,BUY,BUY-EX,101,10:20,620,5132.2,,,0,0,not on NSE top-20 gainers (all-securities) snapshot — entry blocked (user rule A,0.38,2.121,,,,,,,,,,,,,,B
2026-07-31,M9B,DEVYANI,SELL,SELL-EX5,205,10:15,615,117.38,,,0,0,SELL-side master signal — M9 is BUY-only (logged for evidence),0.38,-0.945,,,,,,,,,,,,,,B
2026-07-31,M9B,EMSLIMITED,BUY,BUY-EX,101,10:20,620,395.3,,,0,0,not on NSE top-20 gainers (all-securities) snapshot — entry blocked (user rule A,0.38,2.542,,,,,,,,,,,,,,B
2026-07-31,M9B,GARUDA,BUY,BUY-EX5,104,10:20,620,172.0,,,0,0,signal close ₹172.00 ≤ ₹200 — price floor (rule 4),0.38,2.381,,,,,,,,,,,,,,B
2026-07-31,M9B,GHCL,SELL,SELL-EX5,205,10:20,620,437.0,,,0,0,SELL-side master signal — M9 is BUY-only (logged for evidence),0.38,-0.228,,,,,,,,,,,,,,B
2026-07-31,M9B,GRSE,BUY,BUY-EX,101,10:15,615,2623.0,,,0,0,not on NSE top-20 gainers (all-securities) snapshot — entry blocked (user rule A,0.38,1.627,,,,,,,,,,,,,,B
2026-07-31,M9B,ICIL,SELL,SELL-EX5,205,10:20,620,400.25,,,0,0,SELL-side master signal — M9 is BUY-only (logged for evidence),0.38,-0.373,,,,,,,,,,,,,,B
2026-07-31,M9B,IVALUE,BUY,BUY-EX,101,10:20,620,281.1,,,0,0,not on NSE top-20 gainers (all-securities) snapshot — entry blocked (user rule A,0.38,3.08,,,,,,,,,,,,,,B
2026-07-31,M9B,MUKANDLTD,BUY,BUY-EX,101,10:15,615,141.33,,,0,0,signal close ₹141.33 ≤ ₹200 — price floor (rule 4),0.38,0.95,,,,,,,,,,,,,,B
2026-07-31,M9B,PPLPHARMA,BUY,BUY-EX7,106,10:15,615,199.12,,,0,0,signal close ₹199.12 ≤ ₹200 — price floor (rule 4),0.38,1.21,,,,,,,,,,,,,,B
2026-07-31,M9B,SHANTIGOLD,SELL,SELL-EX5,205,10:15,615,215.11,,,0,0,SELL-side master signal — M9 is BUY-only (logged for evidence),0.38,-0.181,,,,,,,,,,,,,,B
2026-07-31,M9B,SRM,BUY,BUY-EX9,108,10:20,620,500.5,,,0,0,not on NSE top-20 gainers (all-securities) snapshot — entry blocked (user rule A,0.38,0.1,,,,,,,,,,,,,,B
2026-07-31,M9B,SURAKSHA,BUY,BUY-EX,101,10:15,615,253.0,,,0,0,not on NSE top-20 gainers (all-securities) snapshot — entry blocked (user rule A,0.38,2.637,,,,,,,,,,,,,,B
2026-07-31,M9B,THELEELA,BUY,BUY-EX,101,10:20,620,478.0,,,0,0,entry-candle range 1.29% > 1.25% — volatility brake (rule 7),0.38,2.575,,,,,,,,,,,,,,B
2026-07-31,M9B,TRANSRAILL,BUY,BUY-EX,101,10:15,615,498.3,,,0,0,entry-candle range 1.39% > 1.25% — volatility brake (rule 7),0.38,2.257,,,,,,,,,,,,,,B
2026-07-31,M9B,CPPLUS,BUY,BUY-EX12,111,10:40,640,3413.7,,,0,0,not on NSE top-20 gainers (all-securities) snapshot — entry blocked (user rule A,0.38,4.914,,,,,,,,,,,,,,B
2026-07-31,M9B,EPACKPEB,BUY,BUY-EX,101,10:30,630,273.78,,,0,0,entry-candle range 1.89% > 1.25% — volatility brake (rule 7),0.38,2.828,,,,,,,,,,,,,,B
2026-07-31,M9B,GRANULES,SELL,SELL-EX1,201,10:35,635,828.6,,,0,0,SELL-side master signal — M9 is BUY-only (logged for evidence),0.38,-0.528,,,,,,,,,,,,,,B
2026-07-31,M9B,INDGN,BUY,BUY-EX9,108,10:40,640,518.1,,,0,0,not on NSE top-20 gainers (all-securities) snapshot — entry blocked (user rule A,0.38,0.758,,,,,,,,,,,,,,B
2026-07-31,M9B,INDIANHUME,BUY,BUY-EX,101,10:40,640,396.75,,,0,0,not on NSE top-20 gainers (all-securities) snapshot — entry blocked (user rule A,0.38,2.255,,,,,,,,,,,,,,B
2026-07-31,M9B,JKTYRE,BUY,BUY-EX,101,10:35,635,407.9,,,0,0,entry-candle range 1.71% > 1.25% — volatility brake (rule 7),0.38,2.475,,,,,,,,,,,,,,B
2026-07-31,M9B,KPIL,SELL,SELL-EX6,206,10:35,635,1274.9,,,0,0,SELL-side master signal — M9 is BUY-only (logged for evidence),0.38,-0.709,,,,,,,,,,,,,,B
2026-07-31,M9B,MEESHO,BUY,BUY-EX5,104,10:30,630,183.0,,,0,0,signal close ₹183.00 ≤ ₹200 — price floor (rule 4),0.38,0.412,,,,,,,,,,,,,,B
2026-07-31,M9B,PGHH,BUY,BUY-EX9,108,10:40,640,8490.0,,,0,0,not on NSE top-20 gainers (all-securities) snapshot — entry blocked (user rule A,0.38,0.142,,,,,,,,,,,,,,B
2026-07-31,M9B,TRITURBINE,SELL,SELL-EX1,201,10:30,630,601.35,,,0,0,SELL-side master signal — M9 is BUY-only (logged for evidence),0.38,-0.603,,,,,,,,,,,,,,B
2026-07-31,M9B,ALEMBICLTD,BUY,BUY-EX,101,10:55,655,91.08,,,0,0,signal close ₹91.08 ≤ ₹200 — price floor (rule 4),0.38,1.697,,,,,,,,,,,,,,B
2026-07-31,M9B,CAMPUS,BUY,BUY-EX9,108,10:55,655,220.5,,,0,0,not on NSE top-20 gainers (all-securities) snapshot — entry blocked (user rule A,0.38,-0.113,,,,,,,,,,,,,,B
2026-07-31,M9B,FCL,BUY,BUY-EX,101,10:45,645,39.31,,,0,0,signal close ₹39.31 ≤ ₹200 — price floor (rule 4),0.38,3.885,,,,,,,,,,,,,,B
2026-07-31,M9B,GLOBUSSPR,BUY,BUY-EX,101,10:55,655,892.0,,,0,0,not on NSE top-20 gainers (all-securities) snapshot — entry blocked (user rule A,0.38,1.249,,,,,,,,,,,,,,B
2026-07-31,M9B,GPPL,SELL,SELL-EX5,205,10:55,655,150.2,,,0,0,SELL-side master signal — M9 is BUY-only (logged for evidence),0.38,-0.332,,,,,,,,,,,,,,B
2026-07-31,M9B,HGINFRA,BUY,BUY-EX,101,10:45,645,538.55,,,0,0,not on NSE top-20 gainers (all-securities) snapshot — entry blocked (user rule A,0.38,0.852,,,,,,,,,,,,,,B
2026-07-31,M9B,IMFA,BUY,BUY-EX5,104,10:50,650,1438.5,,,0,0,not on NSE top-20 gainers (all-securities) snapshot — entry blocked (user rule A,0.38,4.847,,,,,,,,,,,,,,B
2026-07-31,M9B,KAPSTON,BUY,BUY-EX,101,10:45,645,473.5,,,0,0,not on NSE top-20 gainers (all-securities) snapshot — entry blocked (user rule A,0.38,1.828,,,,,,,,,,,,,,B
2026-07-31,M9B,KNACK,SELL,SELL-EX1,201,10:45,645,189.0,,,0,0,SELL-side master signal — M9 is BUY-only (logged for evidence),0.38,-0.526,,,,,,,,,,,,,,B
2026-07-31,M9B,SAKSOFT,BUY,BUY-EX17,102,10:45,645,168.12,,,0,0,signal close ₹168.12 ≤ ₹200 — price floor (rule 4),0.38,0.49,,,,,,,,,,,,,,B
2026-07-31,M9B,TARC,BUY,BUY-EX,101,10:50,650,135.43,,,0,0,signal close ₹135.43 ≤ ₹200 — price floor (rule 4),0.38,1.067,,,,,,,,,,,,,,B
2026-07-31,M9B,ACC,SELL,NORMAL SELL,280,11:05,665,1354.4,,,0,0,SELL-side master signal — M9 is BUY-only (logged for evidence),0.38,-0.382,,,,,,,,,,,,,,B
2026-07-31,M9B,ADVENZYMES,BUY,BUY-EX,101,11:10,670,311.95,,,0,0,not on NSE top-20 gainers (all-securities) snapshot — entry blocked (user rule A,0.38,1.299,,,,,,,,,,,,,,B
2026-07-31,M9B,ALIVUS,BUY,BUY-EX,101,11:05,665,1152.3,,,0,0,not on NSE top-20 gainers (all-securities) snapshot — entry blocked (user rule A,0.38,3.345,,,,,,,,,,,,,,B
2026-07-31,M9B,BAJAJELEC,BUY,BUY-EX7,106,11:00,660,333.85,,,0,0,not on NSE top-20 gainers (all-securities) snapshot — entry blocked (user rule A,0.38,1.954,,,,,,,,,,,,,,B
2026-07-31,M9B,CAMPUS,BUY,BUY-EX9,108,11:05,665,220.52,,,0,0,not on NSE top-20 gainers (all-securities) snapshot — entry blocked (user rule A,0.38,-0.104,,,,,,,,,,,,,,B
2026-07-31,M9B,CRIZAC,BUY,BUY-EX,101,11:10,670,195.39,,,0,0,signal close ₹195.39 ≤ ₹200 — price floor (rule 4),0.38,2.298,,,,,,,,,,,,,,B
2026-07-31,M9B,EMCURE,BUY,BUY-EX7,106,11:05,665,1922.9,,,0,0,not on NSE top-20 gainers (all-securities) snapshot — entry blocked (user rule A,0.38,0.623,,,,,,,,,,,,,,B
2026-07-31,M9B,GREENPANEL,BUY,BUY-EX9,108,11:10,670,192.34,,,0,0,signal close ₹192.34 ≤ ₹200 — price floor (rule 4),0.38,-0.14,,,,,,,,,,,,,,B
2026-07-31,M9B,ROLEXRINGS,BUY,BUY-EX9,108,11:10,670,137.52,,,0,0,signal close ₹137.52 ≤ ₹200 — price floor (rule 4),0.38,0.328,,,,,,,,,,,,,,B
2026-07-31,M9B,TATVA,BUY,BUY-EX,101,11:00,660,1747.4,,,0,0,not on NSE top-20 gainers (all-securities) snapshot — entry blocked (user rule A,0.38,4.074,,,,,,,,,,,,,,B
2026-07-31,M9B,APEX,BUY,BUY-EX9,108,11:15,675,371.3,,,0,0,not on NSE top-20 gainers (all-securities) snapshot — entry blocked (user rule A,0.38,0.081,,,,,,,,,,,,,,B
2026-07-31,M9B,ARIS,BUY,BUY-EX9,108,11:15,675,128.56,,,0,0,signal close ₹128.56 ≤ ₹200 — price floor (rule 4),0.38,0.125,,,,,,,,,,,,,,B
2026-07-31,M9B,ASTERDM,BUY,BUY-EX9,108,11:15,675,814.05,,,0,0,not on NSE top-20 gainers (all-securities) snapshot — entry blocked (user rule A,0.38,0.105,,,,,,,,,,,,,,B
2026-07-31,M9B,BORORENEW,SELL,SELL-EX1,201,11:20,680,553.6,,,0,0,SELL-side master signal — M9 is BUY-only (logged for evidence),0.38,-1.46,,,,,,,,,,,,,,B
2026-07-31,M9B,CEATLTD,BUY,BUY-EX9,108,11:15,675,3438.9,,,0,0,not on NSE top-20 gainers (all-securities) snapshot — entry blocked (user rule A,0.38,-0.896,,,,,,,,,,,,,,B
2026-07-31,M9B,EASEMYTRIP,BUY,BUY-EX9,108,11:15,675,6.62,,,0,0,signal close ₹6.62 ≤ ₹200 — price floor (rule 4),0.38,0.151,,,,,,,,,,,,,,B
2026-07-31,M9B,SANSTAR,BUY,BUY-EX,101,11:15,675,115.04,,,0,0,signal close ₹115.04 ≤ ₹200 — price floor (rule 4),0.38,1.805,,,,,,,,,,,,,,B
2026-07-31,M9B,TTKHLTCARE,SELL,ENTRY SELL,290,09:30,570,992.0,,,0,0,"scanner-table preview (90/290) — no TradingView chart label, blocked",0.38,-0.8,,,,,,,,,,,,,,B
2026-07-31,M9B,TTKHLTCARE,SELL,SELL-EX5,205,09:35,575,988.1,,,0,0,SELL-side master signal — M9 is BUY-only (logged for evidence),0.38,-1.19,,,,,,,,,,,,,,B
2026-07-31,M9B,GANECOS,SELL,SELL-EX15,215,11:50,710,1182.3,,,0,0,SELL-side master signal — M9 is BUY-only (logged for evidence),0.38,-1.166,,,,,,,,,,,,,,B
2026-07-31,M9B,IGPL,SELL,ENTRY SELL,290,09:25,565,464.25,,,0,0,"scanner-table preview (90/290) — no TradingView chart label, blocked",0.38,-1.433,,,,,,,,,,,,,,B
2026-07-31,M9B,KINGFA,BUY,BUY-EX,101,10:10,610,5127.5,,,0,0,not on NSE top-20 gainers (all-securities) snapshot — entry blocked (user rule A,0.38,0.677,,,,,,,,,,,,,,B
2026-07-31,M9B,NSIL,BUY,BUY-EX,101,09:45,585,5534.0,,,0,0,not on NSE top-20 gainers (all-securities) snapshot — entry blocked (user rule A,0.38,0.893,,,,,,,,,,,,,,B
2026-07-31,M9B,TIIL,BUY,BUY-EX,101,09:40,580,2594.0,,,0,0,not on NSE top-20 gainers (all-securities) snapshot — entry blocked (user rule A,0.38,1.785,,,,,,,,,,,,,,B
2026-07-31,M9B,TTKHLTCARE,SELL,ENTRY SELL,290,09:30,570,992.0,,,0,0,"scanner-table preview (90/290) — no TradingView chart label, blocked",0.38,-0.8,,,,,,,,,,,,,,B
2026-07-31,M9B,TTKHLTCARE,SELL,SELL-EX5,205,09:35,575,988.1,,,0,0,SELL-side master signal — M9 is BUY-only (logged for evidence),0.38,-1.19,,,,,,,,,,,,,,B
2026-07-31,M9B,HATSUN,BUY,BUY-EX,101,09:50,590,890.35,,,0,0,not on NSE top-20 gainers (all-securities) snapshot — entry blocked (user rule A,0.38,1.795,,,,,,,,,,,,,,B
2026-07-31,M9B,HONDAPOWER,SELL,ENTRY SELL,290,09:30,570,2094.3,,,0,0,"scanner-table preview (90/290) — no TradingView chart label, blocked",0.38,-1.352,,,,,,,,,,,,,,B
2026-07-31,M9B,KINGFA,BUY,BUY-EX,101,10:10,610,5127.5,,,0,0,not on NSE top-20 gainers (all-securities) snapshot — entry blocked (user rule A,0.38,0.677,,,,,,,,,,,,,,B
2026-07-31,M9B,FMGOETZE,BUY,BUY-EX,101,10:00,600,480.3,,,0,0,not on NSE top-20 gainers (all-securities) snapshot — entry blocked (user rule A,0.38,1.479,,,,,,,,,,,,,,B
2026-07-31,M9B,GOCLCORP,BUY,BUY-EX,101,10:05,605,392.0,,,0,0,not on NSE top-20 gainers (all-securities) snapshot — entry blocked (user rule A,0.38,0.771,,,,,,,,,,,,,,B
2026-07-31,M9B,IGARASHI,BUY,ENTRY BUY,90,09:20,560,450.15,,,0,0,"scanner-table preview (90/290) — no TradingView chart label, blocked",0.38,0.525,,,,,,,,,,,,,,B
2026-07-31,M9B,MUKANDLTD,BUY,BUY-EX,101,10:15,615,141.33,,,0,0,signal close ₹141.33 ≤ ₹200 — price floor (rule 4),0.38,0.95,,,,,,,,,,,,,,B
2026-07-31,M9B,NSIL,BUY,BUY-EX,101,09:45,585,5534.0,,,0,0,not on NSE top-20 gainers (all-securities) snapshot — entry blocked (user rule A,0.38,0.893,,,,,,,,,,,,,,B
2026-07-31,M9B,SURAKSHA,BUY,BUY-EX,101,10:15,615,253.0,,,0,0,not on NSE top-20 gainers (all-securities) snapshot — entry blocked (user rule A,0.38,2.637,,,,,,,,,,,,,,B
2026-07-31,M9B,HATSUN,BUY,BUY-EX,101,09:50,590,890.35,,,0,0,not on NSE top-20 gainers (all-securities) snapshot — entry blocked (user rule A,0.38,1.795,,,,,,,,,,,,,,B
2026-07-31,M9B,HONDAPOWER,SELL,ENTRY SELL,290,09:30,570,2094.3,,,0,0,"scanner-table preview (90/290) — no TradingView chart label, blocked",0.38,-1.352,,,,,,,,,,,,,,B
2026-07-31,M9B,IGARASHI,BUY,ENTRY BUY,90,09:20,560,450.15,,,0,0,"scanner-table preview (90/290) — no TradingView chart label, blocked",0.38,0.525,,,,,,,,,,,,,,B
2026-07-31,M9B,MASTERTR,BUY,ENTRY BUY,90,09:25,565,82.24,,,0,0,"scanner-table preview (90/290) — no TradingView chart label, blocked",0.38,1.281,,,,,,,,,,,,,,B
2026-07-31,M9B,MUKANDLTD,BUY,BUY-EX,101,10:15,615,141.33,,,0,0,signal close ₹141.33 ≤ ₹200 — price floor (rule 4),0.38,0.95,,,,,,,,,,,,,,B
2026-07-31,M9B,NSIL,BUY,BUY-EX,101,09:45,585,5534.0,,,0,0,not on NSE top-20 gainers (all-securities) snapshot — entry blocked (user rule A,0.38,0.893,,,,,,,,,,,,,,B
2026-07-31,M9B,RACLGEAR,BUY,ENTRY BUY,90,09:30,570,1264.6,,,0,0,"scanner-table preview (90/290) — no TradingView chart label, blocked",0.38,1.322,,,,,,,,,,,,,,B
2026-07-31,M9B,RAMKY,BUY,ENTRY BUY,90,09:30,570,371.3,,,0,0,"scanner-table preview (90/290) — no TradingView chart label, blocked",0.38,0.842,,,,,,,,,,,,,,B
2026-07-31,M9B,SURAKSHA,BUY,BUY-EX,101,10:15,615,253.0,,,0,0,not on NSE top-20 gainers (all-securities) snapshot — entry blocked (user rule A,0.38,2.637,,,,,,,,,,,,,,B
2026-07-31,M9B,FMGOETZE,BUY,BUY-EX,101,10:00,600,480.3,,,0,0,not on NSE top-20 gainers (all-securities) snapshot — entry blocked (user rule A,0.38,1.479,,,,,,,,,,,,,,B
2026-07-31,M9B,GOCLCORP,BUY,BUY-EX,101,10:05,605,392.0,,,0,0,not on NSE top-20 gainers (all-securities) snapshot — entry blocked (user rule A,0.38,0.771,,,,,,,,,,,,,,B
2026-07-31,M9B,INNOVACAP,SELL,ENTRY SELL,290,09:20,560,962.65,,,0,0,"scanner-table preview (90/290) — no TradingView chart label, blocked",0.38,0.01,,,,,,,,,,,,,,B
2026-07-31,M9B,IGPL,SELL,ENTRY SELL,290,09:25,565,464.25,,,0,0,"scanner-table preview (90/290) — no TradingView chart label, blocked",0.38,-1.433,,,,,,,,,,,,,,B
2026-07-31,M9B,KINGFA,BUY,BUY-EX,101,10:10,610,5127.5,,,0,0,not on NSE top-20 gainers (all-securities) snapshot — entry blocked (user rule A,0.38,0.677,,,,,,,,,,,,,,B
2026-07-31,M9B,MASTERTR,BUY,ENTRY BUY,90,09:25,565,82.24,,,0,0,"scanner-table preview (90/290) — no TradingView chart label, blocked",0.38,1.281,,,,,,,,,,,,,,B
2026-07-31,M9B,NSIL,BUY,BUY-EX,101,09:45,585,5534.0,,,0,0,not on NSE top-20 gainers (all-securities) snapshot — entry blocked (user rule A,0.38,0.893,,,,,,,,,,,,,,B
2026-07-31,M9B,RAMKY,BUY,ENTRY BUY,90,09:30,570,371.3,,,0,0,"scanner-table preview (90/290) — no TradingView chart label, blocked",0.38,0.842,,,,,,,,,,,,,,B
2026-07-31,M9B,TIIL,BUY,BUY-EX,101,09:40,580,2594.0,,,0,0,not on NSE top-20 gainers (all-securities) snapshot — entry blocked (user rule A,0.38,1.785,,,,,,,,,,,,,,B
2026-07-31,M9B,TTKHLTCARE,SELL,ENTRY SELL,290,09:30,570,992.0,,,0,0,"scanner-table preview (90/290) — no TradingView chart label, blocked",0.38,-0.8,,,,,,,,,,,,,,B
2026-07-31,M9B,TTKHLTCARE,SELL,SELL-EX5,205,09:35,575,988.1,,,0,0,SELL-side master signal — M9 is BUY-only (logged for evidence),0.38,-1.19,,,,,,,,,,,,,,B
