day,model,sym,side,sig,code,time,min,entry,rank,cls,taken,ghost,skip_why,breadth,daypct,sec,sec_bullq,sec_bearq,sec_pb,sec_pw,held,tilt,regime,cf_net_s,cf_net_p,cf_r_s,cf_r_p,cf_exit_s
2026-07-28,M5,ABB,SELL,SELL-EX5,205,09:35,575,7203.0,,BREAKOUT,1,0,,0.486,-1.739,CAPGOODS,,,,,,,MIXED/chop,-234.0,,-0.53,,100% EOD 15:20
2026-07-28,M5,BANKINDIA,SELL,SELL-EX3,203,09:35,575,136.53,,BREAKOUT,1,0,,0.486,-1.065,PSUBK,,,,,,,MIXED/chop,-427.0,,-1.0,,100% SL 10:40
2026-07-28,M5,CGPOWER,SELL,SELL-EX8,208,09:35,575,843.95,,BREAKOUT,1,0,,0.486,-3.812,CAPGOODS,,,,,,,MIXED/chop,-2.0,,-0.0,,100% EOD 15:20
2026-07-28,M5,GVT&D,SELL,SELL-EX3,203,09:35,575,4086.6,,BREAKOUT,1,0,,0.486,-3.005,CAPGOODS,,,,,,,MIXED/chop,803.0,,1.23,,100% trail 10:40
2026-07-28,M5,NATIONALUM,SELL,SELL-EX3,203,09:30,570,334.45,,BREAKOUT,1,0,,0.486,-1.371,MET,,,,,,,MIXED/chop,-733.0,,-1.0,,100% SL 10:50
2026-07-28,M5,ADANIENSOL,SELL,SELL-EX3,203,09:50,590,1660.6,,PULLBACK,1,0,,0.486,-2.775,ENE,,,,,,,MIXED/chop,378.0,,0.76,,100% EOD 15:20
2026-07-28,M5,AUBANK,BUY,BUY-EX,101,09:50,590,1056.2,,BREAKOUT,1,0,,0.486,0.114,BANK,,,,,,,MIXED/chop,-292.0,,-1.0,,100% SL 12:30
2026-07-28,M5,NUVAMA,SELL,SELL-EX3,203,09:45,585,1882.2,,BREAKOUT,1,0,,0.486,-1.969,CAPMKTS,,,,,,,MIXED/chop,867.0,,1.2,,100% trail 11:45
2026-07-28,M5,VOLTAS,SELL,NORMAL SELL,280,09:45,585,1299.0,,BREAKOUT,1,0,,0.486,-1.066,CDUR,,,,,,,MIXED/chop,-424.0,,-1.0,,100% SL 14:05
2026-07-28,M5,OFSS,BUY,BUY-EX,101,10:30,630,11415.0,,BREAKOUT,1,0,,0.486,2.856,IT,,,,,,,MIXED/chop,-340.0,,-0.39,,100% EOD 15:20
2026-07-28,M5,GODFRYPHLP,SELL,NORMAL SELL,280,10:40,640,2057.4,,BREAKOUT,1,0,,0.486,-7.115,FMCG,,,,,,,MIXED/chop,487.0,,1.07,,100% trail 13:50
2026-07-28,M5,TECHM,BUY,BUY-EX5,104,10:50,650,1627.8,,BREAKOUT,1,0,,0.486,3.287,IT,,,,,,,MIXED/chop,231.0,,0.64,,100% EOD 15:20
2026-07-28,M5,INDUSTOWER,SELL,SELL-EX1,201,10:55,655,386.4,,BREAKOUT,1,0,,0.486,0.233,TELECOM,,,,,,,MIXED/chop,671.0,,1.69,,100% EOD 15:20
2026-07-28,M5,ADANIENSOL,SELL,ENTRY SELL,290,09:25,565,1676.4,20,,0,0,"scanner-table preview (90/290) — no chart label, blocked",0.486,-1.85,ENE,,,,,,,MIXED/chop,,,,,
2026-07-28,M5,ADANIPOWER,SELL,ENTRY SELL,290,09:25,565,211.0,71,,0,0,"scanner-table preview (90/290) — no chart label, blocked",0.486,-1.282,ENE,,,,,,,MIXED/chop,,,,,
2026-07-28,M5,ALKEM,SELL,ENTRY SELL,290,09:25,565,5601.0,167,,0,0,"scanner-table preview (90/290) — no chart label, blocked",0.486,-0.249,PHA,,,,,,,MIXED/chop,,,,,
2026-07-28,M5,ANGELONE,SELL,ENTRY SELL,290,09:25,565,303.45,107,,0,0,"scanner-table preview (90/290) — no chart label, blocked",0.486,-0.312,CAPMKTS,,,,,,,MIXED/chop,,,,,
2026-07-28,M5,BANKBARODA,SELL,ENTRY SELL,290,09:20,560,241.4,54,,0,0,"scanner-table preview (90/290) — no chart label, blocked",0.486,-1.147,PSUBK,,,,,,,MIXED/chop,,,,,
2026-07-28,M5,BDL,BUY,ENTRY BUY,90,09:20,560,1256.5,78,,0,0,"scanner-table preview (90/290) — no chart label, blocked",0.486,0.12,DEF,,,,,,,MIXED/chop,,,,,
2026-07-28,M5,BEL,SELL,ENTRY SELL,290,09:25,565,393.25,4,,0,0,"scanner-table preview (90/290) — no chart label, blocked",0.486,-3.331,DEF,,,,,,,MIXED/chop,,,,,
2026-07-28,M5,BHEL,SELL,ENTRY SELL,290,09:20,560,408.55,166,,0,0,"scanner-table preview (90/290) — no chart label, blocked",0.486,-1.554,CAPGOODS,,,,,,,MIXED/chop,,,,,
2026-07-28,M5,BLUESTARCO,SELL,ENTRY SELL,290,09:20,560,1633.2,163,,0,0,"scanner-table preview (90/290) — no chart label, blocked",0.486,-0.311,CDUR,,,,,,,MIXED/chop,,,,,
2026-07-28,M5,BOSCHLTD,SELL,ENTRY SELL,290,09:20,560,40980.0,110,,0,0,"scanner-table preview (90/290) — no chart label, blocked",0.486,-0.522,AUTO,,,,,,,MIXED/chop,,,,,
2026-07-28,M5,BSE,SELL,ENTRY SELL,290,09:20,560,3525.4,187,,0,0,"scanner-table preview (90/290) — no chart label, blocked",0.486,-0.497,CAPMKTS,,,,,,,MIXED/chop,,,,,
2026-07-28,M5,CIPLA,BUY,ENTRY BUY,90,09:20,560,1435.5,192,,0,0,"scanner-table preview (90/290) — no chart label, blocked",0.486,1.449,PHA,,,,,,,MIXED/chop,,,,,
2026-07-28,M5,COALINDIA,SELL,ENTRY SELL,290,09:20,560,417.75,6,,0,0,"scanner-table preview (90/290) — no chart label, blocked",0.486,-2.155,ENE,,,,,,,MIXED/chop,,,,,
2026-07-28,M5,CUMMINSIND,SELL,ENTRY SELL,290,09:25,565,5537.5,12,,0,0,"scanner-table preview (90/290) — no chart label, blocked",0.486,-1.643,CAPGOODS,,,,,,,MIXED/chop,,,,,
2026-07-28,M5,DABUR,BUY,ENTRY BUY,90,09:25,565,430.5,43,,0,0,"scanner-table preview (90/290) — no chart label, blocked",0.486,0.737,FMCG,,,,,,,MIXED/chop,,,,,
2026-07-28,M5,DLF,BUY,ENTRY BUY,90,09:25,565,656.1,89,,0,0,"scanner-table preview (90/290) — no chart label, blocked",0.486,0.706,REALTY,,,,,,,MIXED/chop,,,,,
2026-07-28,M5,DMART,BUY,ENTRY BUY,90,09:20,560,4042.7,175,,0,0,"scanner-table preview (90/290) — no chart label, blocked",0.486,0.59,CONSUMPTION,,,,,,,MIXED/chop,,,,,
2026-07-28,M5,GMRAIRPORT,BUY,ENTRY BUY,90,09:25,565,108.11,82,,0,0,"scanner-table preview (90/290) — no chart label, blocked",0.486,0.111,INFRA,,,,,,,MIXED/chop,,,,,
2026-07-28,M5,GODFRYPHLP,SELL,ENTRY SELL,290,09:20,560,2085.0,3,,0,0,"scanner-table preview (90/290) — no chart label, blocked",0.486,-5.869,FMCG,,,,,,,MIXED/chop,,,,,
2026-07-28,M5,GVT&D,SELL,ENTRY SELL,290,09:20,560,4104.3,8,,0,0,"scanner-table preview (90/290) — no chart label, blocked",0.486,-2.585,CAPGOODS,,,,,,,MIXED/chop,,,,,
2026-07-28,M5,HAVELLS,BUY,ENTRY BUY,90,09:25,565,1237.2,101,,0,0,"scanner-table preview (90/290) — no chart label, blocked",0.486,-0.129,CDUR,,,,,,,MIXED/chop,,,,,
2026-07-28,M5,HDFCBANK,SELL,ENTRY SELL,290,09:20,560,737.1,32,,0,0,"scanner-table preview (90/290) — no chart label, blocked",0.486,-0.426,BANK,,,,,,,MIXED/chop,,,,,
2026-07-28,M5,HINDALCO,SELL,ENTRY SELL,290,09:20,560,940.1,128,,0,0,"scanner-table preview (90/290) — no chart label, blocked",0.486,-0.519,MET,,,,,,,MIXED/chop,,,,,
2026-07-28,M5,ICICIPRULI,BUY,ENTRY BUY,90,09:25,565,509.5,92,,0,0,"scanner-table preview (90/290) — no chart label, blocked",0.486,0.098,INSURANCE,,,,,,,MIXED/chop,,,,,
2026-07-28,M5,INDHOTEL,BUY,ENTRY BUY,90,09:20,560,737.8,94,,0,0,"scanner-table preview (90/290) — no chart label, blocked",0.486,0.109,TRAVEL,,,,,,,MIXED/chop,,,,,
2026-07-28,M5,INDUSINDBK,SELL,ENTRY SELL,290,09:20,560,995.7,164,,0,0,"scanner-table preview (90/290) — no chart label, blocked",0.486,-0.925,BANK,,,,,,,MIXED/chop,,,,,
2026-07-28,M5,IREDA,SELL,ENTRY SELL,290,09:20,560,119.96,146,,0,0,"scanner-table preview (90/290) — no chart label, blocked",0.486,-0.283,FIN,,,,,,,MIXED/chop,,,,,
2026-07-28,M5,IRFC,BUY,ENTRY BUY,90,09:25,565,88.28,148,,0,0,"scanner-table preview (90/290) — no chart label, blocked",0.486,0.25,RAILWAYS,,,,,,,MIXED/chop,,,,,
2026-07-28,M5,ITC,BUY,ENTRY BUY,90,09:25,565,287.3,44,,0,0,"scanner-table preview (90/290) — no chart label, blocked",0.486,0.472,FMCG,,,,,,,MIXED/chop,,,,,
2026-07-28,M5,JSWENERGY,SELL,ENTRY SELL,290,09:25,565,544.55,124,,0,0,"scanner-table preview (90/290) — no chart label, blocked",0.486,-0.919,ENE,,,,,,,MIXED/chop,,,,,
2026-07-28,M5,KEI,SELL,ENTRY SELL,290,09:20,560,4827.0,151,,0,0,"scanner-table preview (90/290) — no chart label, blocked",0.486,-0.699,CAPGOODS,,,,,,,MIXED/chop,,,,,
2026-07-28,M5,MFSL,SELL,ENTRY SELL,290,09:20,560,1503.4,17,,0,0,"scanner-table preview (90/290) — no chart label, blocked",0.486,-0.193,INSURANCE,,,,,,,MIXED/chop,,,,,
2026-07-28,M5,MOTILALOFS,SELL,ENTRY SELL,290,09:20,560,859.55,170,,0,0,"scanner-table preview (90/290) — no chart label, blocked",0.486,-1.087,CAPMKTS,,,,,,,MIXED/chop,,,,,
2026-07-28,M5,NATIONALUM,SELL,ENTRY SELL,290,09:20,560,336.65,61,,0,0,"scanner-table preview (90/290) — no chart label, blocked",0.486,-0.723,MET,,,,,,,MIXED/chop,,,,,
2026-07-28,M5,NMDC,SELL,ENTRY SELL,290,09:20,560,83.39,75,,0,0,"scanner-table preview (90/290) — no chart label, blocked",0.486,-0.215,MET,,,,,,,MIXED/chop,,,,,
2026-07-28,M5,NYKAA,BUY,ENTRY BUY,90,09:25,565,328.9,65,,0,0,"scanner-table preview (90/290) — no chart label, blocked",0.486,0.52,NEWAGE,,,,,,,MIXED/chop,,,,,
2026-07-28,M5,OBEROIRLTY,BUY,ENTRY BUY,90,09:25,565,1843.1,178,,0,0,"scanner-table preview (90/290) — no chart label, blocked",0.486,0.865,REALTY,,,,,,,MIXED/chop,,,,,
2026-07-28,M5,PAYTM,BUY,ENTRY BUY,90,09:20,560,1304.0,104,,0,0,"scanner-table preview (90/290) — no chart label, blocked",0.486,0.89,NEWAGE,,,,,,,MIXED/chop,,,,,
2026-07-28,M5,PHOENIXLTD,BUY,ENTRY BUY,90,09:25,565,2039.7,102,,0,0,"scanner-table preview (90/290) — no chart label, blocked",0.486,0.771,REALTY,,,,,,,MIXED/chop,,,,,
2026-07-28,M5,PNB,BUY,ENTRY BUY,90,09:20,560,111.85,59,,0,0,"scanner-table preview (90/290) — no chart label, blocked",0.486,0.215,PSUBK,,,,,,,MIXED/chop,,,,,
2026-07-28,M5,POLICYBZR,BUY,ENTRY BUY,90,09:25,565,1562.4,108,,0,0,"scanner-table preview (90/290) — no chart label, blocked",0.486,0.541,INSURANCE,,,,,,,MIXED/chop,,,,,
2026-07-28,M5,POWERINDIA,SELL,ENTRY SELL,290,09:20,560,30815.0,206,,0,0,"scanner-table preview (90/290) — no chart label, blocked",0.486,-2.515,CAPGOODS,,,,,,,MIXED/chop,,,,,
2026-07-28,M5,RVNL,SELL,ENTRY SELL,290,09:20,560,222.95,177,,0,0,"scanner-table preview (90/290) — no chart label, blocked",0.486,-0.38,RAILWAYS,,,,,,,MIXED/chop,,,,,
2026-07-28,M5,SIEMENS,SELL,ENTRY SELL,290,09:20,560,3648.5,97,,0,0,"scanner-table preview (90/290) — no chart label, blocked",0.486,-1.721,CAPGOODS,,,,,,,MIXED/chop,,,,,
2026-07-28,M5,SOLARINDS,SELL,ENTRY SELL,290,09:25,565,18347.0,45,,0,0,"scanner-table preview (90/290) — no chart label, blocked",0.486,-1.089,DEF,,,,,,,MIXED/chop,,,,,
2026-07-28,M5,SONACOMS,SELL,ENTRY SELL,290,09:20,560,715.75,173,,0,0,"scanner-table preview (90/290) — no chart label, blocked",0.486,-0.39,AUTO,,,,,,,MIXED/chop,,,,,
2026-07-28,M5,SRF,SELL,ENTRY SELL,290,09:25,565,2633.1,180,,0,0,"scanner-table preview (90/290) — no chart label, blocked",0.486,-0.224,CHEMICALS,,,,,,,MIXED/chop,,,,,
2026-07-28,M5,SUZLON,SELL,ENTRY SELL,290,09:20,560,51.88,16,,0,0,"scanner-table preview (90/290) — no chart label, blocked",0.486,-2.389,GREEN,,,,,,,MIXED/chop,,,,,
2026-07-28,M5,TVSMOTOR,BUY,ENTRY BUY,90,09:25,565,3899.7,174,,0,0,"scanner-table preview (90/290) — no chart label, blocked",0.486,0.459,AUTO,,,,,,,MIXED/chop,,,,,
2026-07-28,M5,VEDL,SELL,ENTRY SELL,290,09:25,565,262.4,183,,0,0,"scanner-table preview (90/290) — no chart label, blocked",0.486,-0.719,MET,,,,,,,MIXED/chop,,,,,
2026-07-28,M5,VOLTAS,SELL,ENTRY SELL,290,09:20,560,1302.0,111,,0,0,"scanner-table preview (90/290) — no chart label, blocked",0.486,-0.838,CDUR,,,,,,,MIXED/chop,,,,,
2026-07-28,M5,WAAREEENER,BUY,ENTRY BUY,90,09:20,560,2747.2,181,,0,0,"scanner-table preview (90/290) — no chart label, blocked",0.486,0.19,GREEN,,,,,,,MIXED/chop,,,,,
2026-07-28,M5,ADANIGREEN,SELL,SELL-EX6,206,09:30,570,1382.8,51,,0,0,M5 gate: spurt 51 · movers N — need both,0.486,-1.066,GREEN,,,,,,,MIXED/chop,,,,,
2026-07-28,M5,ADANIPORTS,BUY,BUY-EX17,102,09:30,570,1775.6,99,,0,0,weak EX variant (EX9+) blocked — B2 (GHOST-shadowed EOD),0.486,0.441,LOGISTICS,,,,,,,MIXED/chop,,,,,
2026-07-28,M5,ADANIPOWER,SELL,SELL-EX8,208,09:30,570,210.19,61,,0,0,M5 gate: spurt 61 · movers N — need both,0.486,-1.661,ENE,,,,,,,MIXED/chop,,,,,
2026-07-28,M5,AMBER,SELL,SELL-EX6,206,09:30,570,7234.5,186,,0,0,M5 gate: spurt 186 · movers N — need both,0.486,-0.625,CDUR,,,,,,,MIXED/chop,,,,,
2026-07-28,M5,ASIANPAINT,BUY,BUY-EX,101,09:30,570,2724.2,89,,0,0,"EX1/EX2 at open blocked — razor class, allowed from 09:45",0.486,0.524,CHEMICALS,,,,,,,MIXED/chop,,,,,
2026-07-28,M5,ASTRAL,SELL,SELL-EX1,201,09:30,570,1451.3,161,,0,0,"EX1/EX2 at open blocked — razor class, allowed from 09:45",0.486,-0.316,BUILDMAT,,,,,,,MIXED/chop,,,,,
2026-07-28,M5,AXISBANK,SELL,SELL-EX12,212,09:30,570,1223.9,109,,0,0,weak EX variant (EX9+) blocked — B2 (GHOST-shadowed EOD),0.486,-0.415,BANK,,,,,,,MIXED/chop,,,,,
2026-07-28,M5,BAJAJ-AUTO,BUY,BUY-EX17,102,09:35,575,11218.5,200,,0,0,weak EX variant (EX9+) blocked — B2 (GHOST-shadowed EOD),0.486,0.344,AUTO,,,,,,,MIXED/chop,,,,,
2026-07-28,M5,BHARATFORG,SELL,SELL-EX8,208,09:35,575,2148.1,108,,0,0,M5 gate: spurt 108 · movers N — need both,0.486,-1.689,AUTO,,,,,,,MIXED/chop,,,,,
2026-07-28,M5,CANBK,SELL,ENTRY SELL,290,09:30,570,125.44,17,,0,0,"scanner-table preview (90/290) — no chart label, blocked",0.486,-1.236,PSUBK,,,,,,,MIXED/chop,,,,,
2026-07-28,M5,CHOLAFIN,BUY,BUY-EX7,106,09:35,575,1792.1,12,,0,0,M5 gate: spurt 12 · movers N — need both,0.486,0.482,FIN,,,,,,,MIXED/chop,,,,,
2026-07-28,M5,CUMMINSIND,SELL,SELL-EX12,212,09:30,570,5524.0,25,,0,0,weak EX variant (EX9+) blocked — B2 (GHOST-shadowed EOD),0.486,-1.883,CAPGOODS,,,,,,,MIXED/chop,,,,,
2026-07-28,M5,DABUR,BUY,BUY-EX,101,09:30,570,430.85,98,,0,0,"EX1/EX2 at open blocked — razor class, allowed from 09:45",0.486,0.819,FMCG,,,,,,,MIXED/chop,,,,,
2026-07-28,M5,DIVISLAB,BUY,BUY-EX,101,09:30,570,7447.5,125,,0,0,"EX1/EX2 at open blocked — razor class, allowed from 09:45",0.486,0.101,PHA,,,,,,,MIXED/chop,,,,,
2026-07-28,M5,DLF,BUY,BUY-EX,101,09:30,570,656.9,45,,0,0,"EX1/EX2 at open blocked — razor class, allowed from 09:45",0.486,0.829,REALTY,,,,,,,MIXED/chop,,,,,
2026-07-28,M5,EICHERMOT,BUY,BUY-EX,101,09:35,575,7826.0,143,,0,0,"EX1/EX2 at open blocked — razor class, allowed from 09:45",0.486,0.877,AUTO,,,,,,,MIXED/chop,,,,,
2026-07-28,M5,GODREJPROP,BUY,BUY-EX17,102,09:35,575,2120.2,96,,0,0,weak EX variant (EX9+) blocked — B2 (GHOST-shadowed EOD),0.486,2.178,REALTY,,,,,,,MIXED/chop,,,,,
2026-07-28,M5,GRASIM,BUY,BUY-EX,101,09:35,575,3126.6,133,,0,0,"EX1/EX2 at open blocked — razor class, allowed from 09:45",0.486,0.212,CEMENT,,,,,,,MIXED/chop,,,,,
2026-07-28,M5,HAL,SELL,SELL-EX12,212,09:30,570,4566.3,194,,0,0,weak EX variant (EX9+) blocked — B2 (GHOST-shadowed EOD),0.486,-1.12,DEF,,,,,,,MIXED/chop,,,,,
2026-07-28,M5,HINDALCO,SELL,SELL-EX3,203,09:30,570,936.05,58,,0,0,M5 gate: spurt 58 · movers N — need both,0.486,-0.947,MET,,,,,,,MIXED/chop,,,,,
2026-07-28,M5,HINDUNILVR,BUY,BUY-EX,101,09:35,575,2203.0,11,,0,0,"EX1/EX2 at open blocked — razor class, allowed from 09:45",0.486,1.353,FMCG,,,,,,,MIXED/chop,,,,,
2026-07-28,M5,HINDZINC,SELL,SELL-EX8,208,09:30,570,524.5,127,,0,0,M5 gate: spurt 127 · movers N — need both,0.486,-0.851,MET,,,,,,,MIXED/chop,,,,,
2026-07-28,M5,ICICIBANK,BUY,BUY-EX,101,09:35,575,1445.5,78,,0,0,"EX1/EX2 at open blocked — razor class, allowed from 09:45",0.486,0.0,BANK,,,,,,,MIXED/chop,,,,,
2026-07-28,M5,ICICIGI,BUY,BUY-EX,101,09:35,575,1682.2,157,,0,0,"EX1/EX2 at open blocked — razor class, allowed from 09:45",0.486,0.0,INSURANCE,,,,,,,MIXED/chop,,,,,
2026-07-28,M5,INDIGO,BUY,BUY-EX,101,09:35,575,5265.5,192,,0,0,"EX1/EX2 at open blocked — razor class, allowed from 09:45",0.486,0.487,TRAVEL,,,,,,,MIXED/chop,,,,,
2026-07-28,M5,INFY,BUY,BUY-EX,101,09:30,570,1110.2,2,,0,0,"EX1/EX2 at open blocked — razor class, allowed from 09:45",0.486,2.958,IT,,,,,,,MIXED/chop,,,,,
2026-07-28,M5,JSWENERGY,SELL,SELL-EX5,205,09:30,570,543.5,101,,0,0,M5 gate: spurt 101 · movers N — need both,0.486,-1.11,ENE,,,,,,,MIXED/chop,,,,,
2026-07-28,M5,KAYNES,BUY,BUY-EX17,102,09:35,575,3198.5,121,,0,0,weak EX variant (EX9+) blocked — B2 (GHOST-shadowed EOD),0.486,0.55,CAPGOODS,,,,,,,MIXED/chop,,,,,
2026-07-28,M5,LAURUSLABS,BUY,BUY-EX,101,09:30,570,1739.7,110,,0,0,"EX1/EX2 at open blocked — razor class, allowed from 09:45",0.486,1.677,PHA,,,,,,,MIXED/chop,,,,,
2026-07-28,M5,M&M,BUY,BUY-EX,101,09:35,575,3246.8,60,,0,0,"EX1/EX2 at open blocked — razor class, allowed from 09:45",0.486,0.21,AUTO,,,,,,,MIXED/chop,,,,,
2026-07-28,M5,MARICO,BUY,BUY-EX,101,09:30,570,866.25,150,,0,0,"EX1/EX2 at open blocked — razor class, allowed from 09:45",0.486,0.809,FMCG,,,,,,,MIXED/chop,,,,,
2026-07-28,M5,MARUTI,BUY,BUY-EX,101,09:35,575,13746.0,188,,0,0,"EX1/EX2 at open blocked — razor class, allowed from 09:45",0.486,0.117,AUTO,,,,,,,MIXED/chop,,,,,
2026-07-28,M5,NAUKRI,BUY,BUY-EX,101,09:30,570,1224.75,137,,0,0,"EX1/EX2 at open blocked — razor class, allowed from 09:45",0.486,2.92,NEWAGE,,,,,,,MIXED/chop,,,,,
2026-07-28,M5,NESTLEIND,BUY,BUY-EX,101,09:30,570,1468.3,204,,0,0,"EX1/EX2 at open blocked — razor class, allowed from 09:45",0.486,1.402,FMCG,,,,,,,MIXED/chop,,,,,
2026-07-28,M5,NHPC,SELL,SELL-EX12,212,09:30,570,78.94,148,,0,0,weak EX variant (EX9+) blocked — B2 (GHOST-shadowed EOD),0.486,-0.817,ENE,,,,,,,MIXED/chop,,,,,
2026-07-28,M5,NMDC,SELL,SELL-EX8,208,09:30,570,83.07,67,,0,0,M5 gate: spurt 67 · movers N — need both,0.486,-0.598,MET,,,,,,,MIXED/chop,,,,,
2026-07-28,M5,NTPC,SELL,SELL-EX2,202,09:30,570,344.95,9,,0,0,"EX1/EX2 at open blocked — razor class, allowed from 09:45",0.486,-1.429,ENE,,,,,,,MIXED/chop,,,,,
2026-07-28,M5,NYKAA,BUY,BUY-EX,101,09:30,570,329.95,40,,0,0,"EX1/EX2 at open blocked — razor class, allowed from 09:45",0.486,0.84,NEWAGE,,,,,,,MIXED/chop,,,,,
2026-07-28,M5,PAGEIND,SELL,SELL-EX1,201,09:35,575,39895.0,177,,0,0,"EX1/EX2 at open blocked — razor class, allowed from 09:45",0.486,-0.287,CONSUMPTION,,,,,,,MIXED/chop,,,,,
2026-07-28,M5,PAYTM,BUY,BUY-EX,101,09:30,570,1307.2,94,,0,0,"EX1/EX2 at open blocked — razor class, allowed from 09:45",0.486,1.137,NEWAGE,,,,,,,MIXED/chop,,,,,
2026-07-28,M5,PERSISTENT,BUY,BUY-EX17,102,09:30,570,5460.2,19,,0,0,weak EX variant (EX9+) blocked — B2 (GHOST-shadowed EOD),0.486,3.54,IT,,,,,,,MIXED/chop,,,,,
2026-07-28,M5,PFC,BUY,BUY-EX,101,09:30,570,421.15,28,,0,0,"EX1/EX2 at open blocked — razor class, allowed from 09:45",0.486,0.322,FIN,,,,,,,MIXED/chop,,,,,
2026-07-28,M5,POLICYBZR,BUY,BUY-EX,101,09:35,575,1570.1,131,,0,0,"EX1/EX2 at open blocked — razor class, allowed from 09:45",0.486,1.036,INSURANCE,,,,,,,MIXED/chop,,,,,
2026-07-28,M5,POLYCAB,BUY,BUY-EX,101,09:35,575,9043.0,180,,0,0,"EX1/EX2 at open blocked — razor class, allowed from 09:45",0.486,0.188,CAPGOODS,,,,,,,MIXED/chop,,,,,
2026-07-28,M5,POWERGRID,SELL,SELL-EX1,201,09:30,570,284.6,66,,0,0,"EX1/EX2 at open blocked — razor class, allowed from 09:45",0.486,-1.163,ENE,,,,,,,MIXED/chop,,,,,
2026-07-28,M5,PREMIERENE,BUY,BUY-EX,101,09:35,575,1039.4,117,,0,0,"EX1/EX2 at open blocked — razor class, allowed from 09:45",0.486,0.067,GREEN,,,,,,,MIXED/chop,,,,,
2026-07-28,M5,PRESTIGE,BUY,BUY-EX,101,09:35,575,1652.0,74,,0,0,"EX1/EX2 at open blocked — razor class, allowed from 09:45",0.486,0.652,REALTY,,,,,,,MIXED/chop,,,,,
2026-07-28,M5,RECLTD,BUY,BUY-EX,101,09:30,570,370.25,62,,0,0,"EX1/EX2 at open blocked — razor class, allowed from 09:45",0.486,0.393,FIN,,,,,,,MIXED/chop,,,,,
2026-07-28,M5,RVNL,SELL,SELL-EX8,208,09:30,570,222.38,163,,0,0,M5 gate: spurt 163 · movers N — need both,0.486,-0.634,RAILWAYS,,,,,,,MIXED/chop,,,,,
2026-07-28,M5,SAIL,SELL,SELL-EX1,201,09:30,570,160.9,92,,0,0,"EX1/EX2 at open blocked — razor class, allowed from 09:45",0.486,-1.21,MET,,,,,,,MIXED/chop,,,,,
2026-07-28,M5,SHREECEM,BUY,ENTRY BUY,90,09:35,575,27000.0,113,,0,0,"scanner-table preview (90/290) — no chart label, blocked",0.486,0.0,CEMENT,,,,,,,MIXED/chop,,,,,
2026-07-28,M5,SOLARINDS,SELL,SELL-EX3,203,09:30,570,18275.0,164,,0,0,M5 gate: spurt 164 · movers N — need both,0.486,-1.477,DEF,,,,,,,MIXED/chop,,,,,
2026-07-28,M5,SONACOMS,SELL,SELL-EX8,208,09:35,575,711.55,190,,0,0,M5 gate: spurt 190 · movers N — need both,0.486,-0.974,AUTO,,,,,,,MIXED/chop,,,,,
2026-07-28,M5,SRF,SELL,SELL-EX12,212,09:30,570,2630.4,181,,0,0,weak EX variant (EX9+) blocked — B2 (GHOST-shadowed EOD),0.486,-0.326,CHEMICALS,,,,,,,MIXED/chop,,,,,
2026-07-28,M5,TATACONSUM,BUY,BUY-EX6,105,09:35,575,1109.5,119,,0,0,M5 gate: spurt 119 · movers N — need both,0.486,0.135,FMCG,,,,,,,MIXED/chop,,,,,
2026-07-28,M5,TATAELXSI,BUY,BUY-EX,101,09:30,570,3623.0,205,,0,0,"EX1/EX2 at open blocked — razor class, allowed from 09:45",0.486,1.913,IT,,,,,,,MIXED/chop,,,,,
2026-07-28,M5,TATAPOWER,SELL,SELL-EX12,212,09:30,570,373.0,7,,0,0,weak EX variant (EX9+) blocked — B2 (GHOST-shadowed EOD),0.486,-1.531,ENE,,,,,,,MIXED/chop,,,,,
2026-07-28,M5,TMPV,SELL,ENTRY SELL,290,09:30,570,323.85,21,,0,0,"scanner-table preview (90/290) — no chart label, blocked",0.486,-1.115,AUTO,,,,,,,MIXED/chop,,,,,
2026-07-28,M5,TORNTPHARM,BUY,BUY-EX9,108,09:30,570,4985.0,80,,0,0,weak EX variant (EX9+) blocked — B2 (GHOST-shadowed EOD),0.486,-0.499,PHA,,,,,,,MIXED/chop,,,,,
2026-07-28,M5,TVSMOTOR,BUY,BUY-EX,101,09:30,570,3918.0,170,,0,0,"EX1/EX2 at open blocked — razor class, allowed from 09:45",0.486,0.93,AUTO,,,,,,,MIXED/chop,,,,,
2026-07-28,M5,UNIONBANK,SELL,ENTRY SELL,290,09:30,570,169.57,118,,0,0,"scanner-table preview (90/290) — no chart label, blocked",0.486,-0.306,PSUBK,,,,,,,MIXED/chop,,,,,
2026-07-28,M5,VEDL,SELL,SELL-EX8,208,09:30,570,261.8,182,,0,0,M5 gate: spurt 182 · movers N — need both,0.486,-0.946,MET,,,,,,,MIXED/chop,,,,,
2026-07-28,M5,WAAREEENER,BUY,BUY-EX,101,09:35,575,2758.9,183,,0,0,"EX1/EX2 at open blocked — razor class, allowed from 09:45",0.486,0.616,GREEN,,,,,,,MIXED/chop,,,,,
2026-07-28,M5,WIPRO,BUY,BUY-EX,101,09:35,575,180.25,195,,0,0,"EX1/EX2 at open blocked — razor class, allowed from 09:45",0.486,1.065,IT,,,,,,,MIXED/chop,,,,,
2026-07-28,M5,BAJAJ-AUTO,BUY,BUY-EX17,102,09:40,580,11230.0,203,,0,0,weak EX variant (EX9+) blocked — B2 (GHOST-shadowed EOD),0.486,0.447,AUTO,,,,,,,MIXED/chop,,,,,
2026-07-28,M5,BLUESTARCO,SELL,SELL-EX8,208,09:45,585,1626.0,206,,0,0,M5 gate: spurt 206 · movers N — need both,0.486,-0.751,CDUR,,,,,,,MIXED/chop,,,,,
2026-07-28,M5,BRITANNIA,BUY,BUY-EX,101,09:55,595,5461.5,171,,0,0,M5 gate: spurt 171 · movers N — need both,0.486,1.392,FMCG,,,,,,,MIXED/chop,,,,,
2026-07-28,M5,COCHINSHIP,SELL,SELL-EX12,212,09:45,585,1388.3,183,,0,0,weak EX variant (EX9+) blocked — B2 (GHOST-shadowed EOD),0.486,-0.906,DEF,,,,,,,MIXED/chop,,,,,
2026-07-28,M5,CROMPTON,SELL,ENTRY SELL,290,09:40,580,248.5,28,,0,0,"scanner-table preview (90/290) — no chart label, blocked",0.486,-0.201,CDUR,,,,,,,MIXED/chop,,,,,
2026-07-28,M5,CROMPTON,SELL,SELL-EX8,208,09:55,595,247.55,28,,0,0,M5 gate: spurt 28 · movers N — need both,0.486,-0.582,CDUR,,,,,,,MIXED/chop,,,,,
2026-07-28,M5,DELHIVERY,BUY,BUY-EX,101,09:40,580,471.9,99,,0,0,"EX1/EX2 at open blocked — razor class, allowed from 09:45",0.486,0.426,LOGISTICS,,,,,,,MIXED/chop,,,,,
2026-07-28,M5,DMART,BUY,BUY-EX12,111,09:40,580,4054.7,162,,0,0,weak EX variant (EX9+) blocked — B2 (GHOST-shadowed EOD),0.486,0.888,CONSUMPTION,,,,,,,MIXED/chop,,,,,
2026-07-28,M5,ETERNAL,BUY,BUY-EX,101,09:40,580,300.0,39,,0,0,"EX1/EX2 at open blocked — razor class, allowed from 09:45",0.486,1.351,NEWAGE,,,,,,,MIXED/chop,,,,,
2026-07-28,M5,GODREJCP,BUY,BUY-EX17,102,09:40,580,1089.5,165,,0,0,weak EX variant (EX9+) blocked — B2 (GHOST-shadowed EOD),0.486,1.349,FMCG,,,,,,,MIXED/chop,,,,,
2026-07-28,M5,HCLTECH,BUY,BUY-EX,101,09:40,580,1326.5,76,,0,0,"EX1/EX2 at open blocked — razor class, allowed from 09:45",0.486,2.425,IT,,,,,,,MIXED/chop,,,,,
2026-07-28,M5,HDFCBANK,SELL,SELL-EX12,212,09:45,585,735.5,40,,0,0,weak EX variant (EX9+) blocked — B2 (GHOST-shadowed EOD),0.486,-0.642,BANK,,,,,,,MIXED/chop,,,,,
2026-07-28,M5,HEROMOTOCO,BUY,BUY-EX,101,09:40,580,5141.9,81,,0,0,"EX1/EX2 at open blocked — razor class, allowed from 09:45",0.486,0.605,AUTO,,,,,,,MIXED/chop,,,,,
2026-07-28,M5,HINDZINC,SELL,ENTRY SELL,290,09:40,580,524.2,102,,0,0,"scanner-table preview (90/290) — no chart label, blocked",0.486,-0.907,MET,,,,,,,MIXED/chop,,,,,
2026-07-28,M5,HYUNDAI,BUY,BUY-EX,101,09:45,585,1986.1,157,,0,0,M5 gate: spurt 157 · movers N — need both,0.486,0.04,AUTO,,,,,,,MIXED/chop,,,,,
2026-07-28,M5,JIOFIN,BUY,BUY-EX,101,09:40,580,237.1,115,,0,0,"EX1/EX2 at open blocked — razor class, allowed from 09:45",0.486,0.364,FIN,,,,,,,MIXED/chop,,,,,
2026-07-28,M5,MANKIND,BUY,BUY-EX,101,09:40,580,2565.1,197,,0,0,"EX1/EX2 at open blocked — razor class, allowed from 09:45",0.486,0.278,PHA,,,,,,,MIXED/chop,,,,,
2026-07-28,M5,NBCC,BUY,BUY-EX,101,09:55,595,94.77,26,,0,0,M5 gate: spurt 26 · movers N — need both,0.486,-0.126,PSE,,,,,,,MIXED/chop,,,,,
2026-07-28,M5,PIDILITIND,BUY,BUY-EX,101,09:50,590,1628.1,41,,0,0,M5 gate: spurt 41 · movers N — need both,0.486,0.874,CHEMICALS,,,,,,,MIXED/chop,,,,,
2026-07-28,M5,POLYCAB,BUY,BUY-EX,101,09:40,580,9074.5,194,,0,0,"EX1/EX2 at open blocked — razor class, allowed from 09:45",0.486,0.537,CAPGOODS,,,,,,,MIXED/chop,,,,,
2026-07-28,M5,POWERINDIA,SELL,SELL-EX3,203,09:55,595,30735.0,150,,0,0,M5 gate: spurt 150 · movers N — need both,0.486,-2.768,CAPGOODS,,,,,,,MIXED/chop,,,,,
2026-07-28,M5,RVNL,SELL,SELL-EX19,219,09:50,590,222.27,164,,0,0,weak EX variant (EX9+) blocked — B2 (GHOST-shadowed EOD),0.486,-0.684,RAILWAYS,,,,,,,MIXED/chop,,,,,
2026-07-28,M5,SBIN,SELL,SELL-EX1,201,09:50,590,1010.1,118,,0,0,M5 gate: spurt 118 · movers N — need both,0.486,-0.971,PSUBK,,,,,,,MIXED/chop,,,,,
2026-07-28,M5,SHREECEM,BUY,BUY-EX,101,09:45,585,27030.0,159,,0,0,M5 gate: spurt 159 · movers N — need both,0.486,0.111,CEMENT,,,,,,,MIXED/chop,,,,,
2026-07-28,M5,SUNPHARMA,BUY,BUY-EX,101,09:40,580,1986.2,96,,0,0,"EX1/EX2 at open blocked — razor class, allowed from 09:45",0.486,0.567,PHA,,,,,,,MIXED/chop,,,,,
2026-07-28,M5,TORNTPHARM,SELL,SELL-EX8,208,09:40,580,4953.0,93,,0,0,M5 gate: spurt 93 · movers N — need both,0.486,-1.138,PHA,,,,,,,MIXED/chop,,,,,
2026-07-28,M5,ULTRACEMCO,BUY,BUY-EX,101,09:40,580,11932.0,175,,0,0,"EX1/EX2 at open blocked — razor class, allowed from 09:45",0.486,0.336,CEMENT,,,,,,,MIXED/chop,,,,,
2026-07-28,M5,ZYDUSLIFE,BUY,BUY-EX7,106,09:50,590,1112.7,151,,0,0,M5 gate: spurt 151 · movers N — need both,0.486,0.334,PHA,,,,,,,MIXED/chop,,,,,
2026-07-28,M5,ADANIPORTS,SELL,SELL-EX2,202,10:00,600,1759.9,93,,0,0,M5 gate: spurt 93 · movers N — need both,0.486,-0.447,LOGISTICS,,,,,,,MIXED/chop,,,,,
2026-07-28,M5,BANDHANBNK,BUY,BUY-EX,101,10:05,605,168.48,186,,0,0,M5 gate: spurt 186 · movers N — need both,0.486,-0.543,BANK,,,,,,,MIXED/chop,,,,,
2026-07-28,M5,BHARATFORG,SELL,SELL-EX1,201,10:00,600,2144.3,86,,0,0,M5 gate: spurt 86 · movers N — need both,0.486,-1.863,AUTO,,,,,,,MIXED/chop,,,,,
2026-07-28,M5,BHEL,SELL,SELL-EX12,212,10:00,600,405.05,177,,0,0,weak EX variant (EX9+) blocked — B2 (GHOST-shadowed EOD),0.486,-2.398,CAPGOODS,,,,,,,MIXED/chop,,,,,
2026-07-28,M5,BSE,SELL,SELL-EX12,212,10:00,600,3511.9,124,,0,0,weak EX variant (EX9+) blocked — B2 (GHOST-shadowed EOD),0.486,-0.878,CAPMKTS,,,,,,,MIXED/chop,,,,,
2026-07-28,M5,JSWENERGY,SELL,SELL-EX1,201,10:00,600,543.25,44,,0,0,M5 gate: spurt 44 · movers N — need both,0.486,-1.155,ENE,,,,,,,MIXED/chop,,,,,
2026-07-28,M5,KOTAKBANK,SELL,NORMAL SELL,280,10:05,605,383.7,79,,0,0,M5 gate: spurt 79 · movers N — need both,0.486,-0.596,BANK,,,,,,,MIXED/chop,,,,,
2026-07-28,M5,KPITTECH,BUY,BUY-EX,101,10:05,605,594.95,76,,0,0,M5 gate: spurt 76 · movers N — need both,0.486,1.701,IT,,,,,,,MIXED/chop,,,,,
2026-07-28,M5,RVNL,SELL,NORMAL SELL,280,10:05,605,222.18,149,,0,0,M5 gate: spurt 149 · movers N — need both,0.486,-0.724,RAILWAYS,,,,,,,MIXED/chop,,,,,
2026-07-28,M5,SIEMENS,SELL,SELL-EX1,201,10:00,600,3623.0,152,,0,0,M5 gate: spurt 152 · movers N — need both,0.486,-2.408,CAPGOODS,,,,,,,MIXED/chop,,,,,
2026-07-28,M5,SUZLON,SELL,SELL-EX2,202,10:05,605,51.73,38,,0,0,M5 gate: spurt 38 · movers N — need both,0.486,-2.672,GREEN,,,,,,,MIXED/chop,,,,,
2026-07-28,M5,UNIONBANK,BUY,BUY-EX4,103,10:05,605,170.9,117,,0,0,M5 gate: spurt 117 · movers N — need both,0.486,0.476,PSUBK,,,,,,,MIXED/chop,,,,,
2026-07-28,M5,UPL,SELL,NORMAL SELL,280,10:05,605,601.2,35,,0,0,M5 gate: spurt 35 · movers N — need both,0.486,-0.636,CHEMICALS,,,,,,,MIXED/chop,,,,,
2026-07-28,M5,AXISBANK,BUY,BUY-EX4,103,10:10,610,1232.5,106,,0,0,M5 gate: spurt 106 · movers N — need both,0.486,0.285,BANK,,,,,,,MIXED/chop,,,,,
2026-07-28,M5,BIOCON,SELL,NORMAL SELL,280,10:35,635,433.15,24,,0,0,M5 gate: spurt 24 · movers N — need both,0.486,-0.836,PHA,,,,,,,MIXED/chop,,,,,
2026-07-28,M5,BPCL,BUY,BUY-EX7,106,10:20,620,320.3,151,,0,0,M5 gate: spurt 151 · movers N — need both,0.486,1.041,OIL,,,,,,,MIXED/chop,,,,,
2026-07-28,M5,DRREDDY,SELL,SELL-EX2,202,10:15,615,1141.6,177,,0,0,M5 gate: spurt 177 · movers N — need both,0.486,-0.817,PHA,,,,,,,MIXED/chop,,,,,
2026-07-28,M5,GAIL,BUY,BUY-EX,101,10:25,625,174.13,37,,0,0,M5 gate: spurt 37 · movers N — need both,0.486,0.127,OIL,,,,,,,MIXED/chop,,,,,
2026-07-28,M5,HINDALCO,BUY,BUY-EX7,106,10:35,635,944.5,26,,0,0,M5 gate: spurt 26 · movers N — need both,0.486,-0.053,MET,,,,,,,MIXED/chop,,,,,
2026-07-28,M5,INDHOTEL,BUY,BUY-EX,101,10:30,630,738.5,129,,0,0,M5 gate: spurt 129 · movers N — need both,0.486,0.204,TRAVEL,,,,,,,MIXED/chop,,,,,
2026-07-28,M5,INDIANB,BUY,BUY-EX,101,10:10,610,832.85,100,,0,0,M5 gate: spurt 100 · movers N — need both,0.486,0.368,PSUBK,,,,,,,MIXED/chop,,,,,
2026-07-28,M5,JSWSTEEL,BUY,BUY-EX,101,10:15,615,1251.2,79,,0,0,M5 gate: spurt 79 · movers N — need both,0.486,0.184,MET,,,,,,,MIXED/chop,,,,,
2026-07-28,M5,LICI,BUY,BUY-EX,101,10:25,625,427.4,124,,0,0,M5 gate: spurt 124 · movers N — need both,0.486,0.565,INSURANCE,,,,,,,MIXED/chop,,,,,
2026-07-28,M5,MUTHOOTFIN,BUY,BUY-EX7,106,10:35,635,2996.6,78,,0,0,M5 gate: spurt 78 · movers N — need both,0.486,-0.939,FIN,,,,,,,MIXED/chop,,,,,
2026-07-28,M5,NMDC,BUY,BUY-EX4,103,10:30,630,83.69,58,,0,0,M5 gate: spurt 58 · movers N — need both,0.486,0.144,MET,,,,,,,MIXED/chop,,,,,
2026-07-28,M5,PNB,BUY,BUY-EX,101,10:10,610,111.67,83,,0,0,M5 gate: spurt 83 · movers N — need both,0.486,0.054,PSUBK,,,,,,,MIXED/chop,,,,,
2026-07-28,M5,SAIL,BUY,BUY-EX,101,10:20,620,163.0,38,,0,0,M5 gate: spurt 38 · movers N — need both,0.486,0.08,MET,,,,,,,MIXED/chop,,,,,
2026-07-28,M5,TATASTEEL,BUY,BUY-EX,101,10:35,635,184.61,61,,0,0,M5 gate: spurt 61 · movers N — need both,0.486,0.076,MET,,,,,,,MIXED/chop,,,,,
2026-07-28,M5,TITAN,BUY,BUY-EX,101,10:35,635,4753.9,67,,0,0,M5 gate: spurt 67 · movers N — need both,0.486,0.272,CDUR,,,,,,,MIXED/chop,,,,,
2026-07-28,M5,UNITDSPR,BUY,BUY-EX,101,10:30,630,1493.2,116,,0,0,M5 gate: spurt 116 · movers N — need both,0.486,0.688,FMCG,,,,,,,MIXED/chop,,,,,
2026-07-28,M5,APOLLOHOSP,BUY,BUY-EX,101,10:45,645,8882.5,149,,0,0,M5 gate: spurt 149 · movers N — need both,0.486,0.515,HOSPITALS,,,,,,,MIXED/chop,,,,,
2026-07-28,M5,ASHOKLEY,BUY,BUY-EX,101,10:40,640,155.68,97,,0,0,M5 gate: spurt 97 · movers N — need both,0.486,0.374,AUTO,,,,,,,MIXED/chop,,,,,
2026-07-28,M5,BSE,SELL,SELL-EX19,219,10:45,645,3511.4,164,,0,0,weak EX variant (EX9+) blocked — B2 (GHOST-shadowed EOD),0.486,-0.892,CAPMKTS,,,,,,,MIXED/chop,,,,,
2026-07-28,M5,FEDERALBNK,BUY,BUY-EX,101,10:45,645,357.9,130,,0,0,M5 gate: spurt 130 · movers N — need both,0.486,0.28,BANK,,,,,,,MIXED/chop,,,,,
2026-07-28,M5,ICICIPRULI,BUY,BUY-EX,101,10:45,645,510.9,108,,0,0,M5 gate: spurt 108 · movers N — need both,0.486,0.373,INSURANCE,,,,,,,MIXED/chop,,,,,
2026-07-28,M5,RBLBANK,BUY,BUY-EX,101,10:45,645,365.2,95,,0,0,M5 gate: spurt 95 · movers N — need both,0.486,0.592,BANK,,,,,,,MIXED/chop,,,,,
2026-07-28,M5,SBILIFE,BUY,BUY-EX4,103,10:50,650,1880.5,91,,0,0,M5 gate: spurt 91 · movers N — need both,0.486,0.712,INSURANCE,,,,,,,MIXED/chop,,,,,
2026-07-28,M5,SBIN,BUY,BUY-EX,101,10:40,640,1019.5,78,,0,0,M5 gate: spurt 78 · movers N — need both,0.486,-0.049,PSUBK,,,,,,,MIXED/chop,,,,,
2026-07-28,M5,360ONE,BUY,BUY-EX,101,11:00,660,1133.7,93,,0,0,M5 gate: spurt 93 · movers N — need both,0.486,0.39,CAPMKTS,,,,,,,MIXED/chop,,,,,
2026-07-28,M5,BAJAJFINSV,BUY,BUY-EX,101,11:00,660,1924.1,38,,0,0,M5 gate: spurt 38 · movers N — need both,0.486,0.245,FIN,,,,,,,MIXED/chop,,,,,
2026-07-28,M5,BEL,BUY,BUY-EX9,108,11:05,665,395.7,9,,0,0,weak EX variant (EX9+) blocked — B2 (GHOST-shadowed EOD),0.486,-2.729,DEF,,,,,,,MIXED/chop,,,,,
2026-07-28,M5,BOSCHLTD,BUY,BUY-EX9,108,11:05,665,41210.0,191,,0,0,weak EX variant (EX9+) blocked — B2 (GHOST-shadowed EOD),0.486,0.036,AUTO,,,,,,,MIXED/chop,,,,,
2026-07-28,M5,KALYANKJIL,BUY,BUY-EX5,104,10:55,655,576.9,195,,0,0,M5 gate: spurt 195 · movers N — need both,0.486,1.971,CDUR,,,,,,,MIXED/chop,,,,,
2026-07-28,M5,KEI,BUY,BUY-EX7,106,11:15,675,4870.0,171,,0,0,M5 gate: spurt 171 · movers N — need both,0.486,0.185,CAPGOODS,,,,,,,MIXED/chop,,,,,
2026-07-28,M5,MOTILALOFS,SELL,SELL-EX15,215,11:15,675,860.05,188,,0,0,weak EX variant (EX9+) blocked — B2 (GHOST-shadowed EOD),0.486,-1.03,CAPMKTS,,,,,,,MIXED/chop,,,,,
2026-07-28,M5,OIL,BUY,BUY-EX9,108,11:15,675,440.0,33,,0,0,weak EX variant (EX9+) blocked — B2 (GHOST-shadowed EOD),0.486,0.262,OIL,,,,,,,MIXED/chop,,,,,
2026-07-28,M5,PIIND,SELL,SELL-EX1,201,10:55,655,2719.9,160,,0,0,M5 gate: spurt 160 · movers N — need both,0.486,-0.806,CHEMICALS,,,,,,,MIXED/chop,,,,,
2026-07-28,M5,UNOMINDA,BUY,BUY-EX,101,11:00,660,1163.0,87,,0,0,M5 gate: spurt 87 · movers N — need both,0.486,0.086,AUTO,,,,,,,MIXED/chop,,,,,
2026-07-28,M5,VBL,BUY,BUY-EX,101,11:00,660,466.55,11,,0,0,M5 gate: spurt 11 · movers N — need both,0.486,0.56,FMCG,,,,,,,MIXED/chop,,,,,
2026-07-28,M5,ANGELONE,SELL,SELL-EX1,201,11:25,685,302.65,89,,0,0,post-11:00 entry needs breadth majority on SELL side (below-open 50% vs need ≥55,0.486,-0.575,CAPMKTS,,,,,,,MIXED/chop,,,,,
2026-07-28,M5,ICICIBANK,SELL,SELL-EX8,208,11:30,690,1430.5,88,,0,0,M5 gate: spurt 88 · movers N — need both,0.486,-1.038,BANK,,,,,,,MIXED/chop,,,,,
2026-07-28,M5,ITC,SELL,SELL-EX8,208,11:30,690,283.15,22,,0,0,M5 gate: spurt 22 · movers N — need both,0.486,-0.979,FMCG,,,,,,,MIXED/chop,,,,,
2026-07-28,M5,ABCAPITAL,SELL,NORMAL SELL,280,11:50,710,391.5,56,,0,0,post-11:00 entry needs breadth majority on SELL side (below-open 51% vs need ≥55,0.486,-2.125,FIN,,,,,,,MIXED/chop,,,,,
2026-07-28,M5,COALINDIA,SELL,NORMAL SELL,280,12:00,720,413.55,7,,0,0,post-11:00 entry needs breadth majority on SELL side (below-open 51% vs need ≥55,0.486,-3.139,ENE,,,,,,,MIXED/chop,,,,,
2026-07-28,M5,GLENMARK,SELL,SELL-EX1,201,11:55,715,2188.8,51,,0,0,M5 gate: spurt 51 · movers N — need both,0.486,-0.464,PHA,,,,,,,MIXED/chop,,,,,
2026-07-28,M5,VBL,SELL,SELL-EX2,202,11:45,705,459.55,9,,0,0,post-11:00 entry needs breadth majority on SELL side (below-open 51% vs need ≥55,0.486,-0.948,FMCG,,,,,,,MIXED/chop,,,,,
2026-07-28,M5,ZYDUSLIFE,SELL,SELL-EX1,201,11:45,705,1105.2,152,,0,0,post-11:00 entry needs breadth majority on SELL side (below-open 51% vs need ≥55,0.486,-0.343,PHA,,,,,,,MIXED/chop,,,,,
2026-07-28,M5,ADANIPORTS,BUY,BUY-EX17,102,09:30,570,1775.6,99,,0,1,,0.486,0.441,LOGISTICS,,,,,,,MIXED/chop,-455.22,-455.22,-1.0,-1.0,100% SL 10:00
2026-07-28,M5,AXISBANK,SELL,SELL-EX12,213,09:30,570,1223.9,109,,0,1,,0.486,-0.415,BANK,,,,,,,MIXED/chop,-360.55,-224.43,-1.0,-1.0,100% SL 10:10
2026-07-28,M5,BAJAJ-AUTO,BUY,BUY-EX17,102,09:35,575,11218.5,200,,0,1,,0.486,0.344,AUTO,,,,,,,MIXED/chop,413.33,413.33,2.92,4.36,100% trail 14:50
2026-07-28,M5,CUMMINSIND,SELL,SELL-EX12,213,09:30,570,5524.0,25,,0,1,,0.486,-1.883,CAPGOODS,,,,,,,MIXED/chop,623.01,623.01,1.5,2.97,100% trail 12:30
2026-07-28,M5,GODREJPROP,BUY,BUY-EX17,102,09:35,575,2120.2,96,,0,1,,0.486,2.178,REALTY,,,,,,,MIXED/chop,296.98,-313.7,0.39,-0.54,100% EOD 15:20
2026-07-28,M5,HAL,SELL,SELL-EX12,213,09:30,570,4566.3,194,,0,1,,0.486,-1.12,DEF,,,,,,,MIXED/chop,103.67,103.67,0.44,0.67,100% trail 11:05
2026-07-28,M5,KAYNES,BUY,BUY-EX17,102,09:35,575,3198.5,121,,0,1,,0.486,0.55,CAPGOODS,,,,,,,MIXED/chop,181.12,181.12,0.48,0.5,100% trail 14:45
2026-07-28,M5,NHPC,SELL,SELL-EX12,213,09:30,570,78.94,148,,0,1,,0.486,-0.817,ENE,,,,,,,MIXED/chop,326.3,326.3,1.08,1.08,100% trail 15:10
2026-07-28,M5,PERSISTENT,BUY,BUY-EX17,102,09:30,570,5460.2,19,,0,1,,0.486,3.54,IT,,,,,,,MIXED/chop,-288.71,202.04,-0.27,0.6,100% EOD 15:20
2026-07-28,M5,SRF,SELL,SELL-EX12,213,09:30,570,2630.4,181,,0,1,,0.486,-0.326,CHEMICALS,,,,,,,MIXED/chop,147.12,147.12,0.82,0.91,100% trail 13:05
2026-07-28,M5,TATAPOWER,SELL,SELL-EX12,213,09:30,570,373.0,7,,0,1,,0.486,-1.531,ENE,,,,,,,MIXED/chop,141.02,324.27,0.25,1.78,100% EOD 15:20
2026-07-28,M5,TORNTPHARM,BUY,BUY-EX9,108,09:30,570,4985.0,80,,0,1,,0.486,-0.499,PHA,,,,,,,MIXED/chop,-287.65,-287.65,-1.0,-1.0,100% SL 09:35
2026-07-28,M5,BAJAJ-AUTO,BUY,BUY-EX17,102,09:40,580,11230.0,203,,0,1,,0.486,0.447,AUTO,,,,,,,MIXED/chop,367.3,367.3,2.08,3.36,100% trail 14:50
2026-07-28,M5,COCHINSHIP,SELL,SELL-EX12,213,09:45,585,1388.3,183,,0,1,,0.486,-0.906,DEF,,,,,,,MIXED/chop,-519.5,-242.25,-1.0,-1.0,100% SL 12:45
2026-07-28,M5,DMART,BUY,BUY-EX12,111,09:40,580,4054.7,162,,0,1,,0.486,0.888,CONSUMPTION,,,,,,,MIXED/chop,-12.86,-12.86,0.25,0.34,100% trail 11:20
2026-07-28,M5,GODREJCP,BUY,BUY-EX17,102,09:40,580,1089.5,165,,0,1,,0.486,1.349,FMCG,,,,,,,MIXED/chop,-671.76,-411.06,-1.0,-1.0,100% SL 10:00
2026-07-28,M5,HDFCBANK,SELL,SELL-EX12,213,09:45,585,735.5,40,,0,1,,0.486,-0.642,BANK,,,,,,,MIXED/chop,-355.12,-106.89,-1.0,-0.13,100% SL 12:05
2026-07-28,M5,RVNL,SELL,SELL-EX19,220,09:50,590,222.27,164,,0,1,,0.486,-0.684,RAILWAYS,,,,,,,MIXED/chop,191.49,127.43,0.8,1.64,100% trail 14:45
2026-07-28,M5,BHEL,SELL,SELL-EX12,213,10:00,600,405.05,177,,0,1,,0.486,-2.398,CAPGOODS,,,,,,,MIXED/chop,-121.91,-140.87,-0.16,-0.34,100% EOD 15:20
2026-07-28,M5,BSE,SELL,SELL-EX12,213,10:00,600,3511.9,124,,0,1,,0.486,-0.878,CAPMKTS,,,,,,,MIXED/chop,655.53,655.53,1.32,4.4,100% EOD 15:20
2026-07-28,M5,BSE,SELL,SELL-EX19,220,10:45,645,3511.4,164,,0,1,,0.486,-0.892,CAPMKTS,,,,,,,MIXED/chop,-166.73,-178.74,-1.0,-1.0,100% trail 11:00
2026-07-28,M5,BEL,BUY,BUY-EX9,108,11:05,665,395.7,9,,0,1,,0.486,-2.729,DEF,,,,,,,MIXED/chop,-305.64,-299.65,-1.0,-1.0,100% SL 11:55
2026-07-28,M5,BOSCHLTD,BUY,BUY-EX9,108,11:05,665,41210.0,191,,0,1,,0.486,0.036,AUTO,,,,,,,MIXED/chop,-90.62,-90.62,-0.08,-0.14,100% trail 15:00
2026-07-28,M5,MOTILALOFS,SELL,SELL-EX15,216,11:15,675,860.05,188,,0,1,,0.486,-1.03,CAPMKTS,,,,,,,MIXED/chop,128.27,128.27,1.11,1.19,100% trail 15:15
2026-07-28,M5,OIL,BUY,BUY-EX9,108,11:15,675,440.0,33,,0,1,,0.486,0.262,OIL,,,,,,,MIXED/chop,505.67,505.67,1.73,2.25,100% trail 14:55
