symbol,oi_prev
AMBER,701700.0
DIXON,1593300.0
HAL,3441900.0
HEROMOTOCO,1950000.0
KEI,1275575.0
MCX,6345900.0
SOLARINDS,869700.0
TCS,19147275.0
ABB,1175500.0
ANGELONE,19835000.0
BAJAJ-AUTO,1485525.0
BOSCHLTD,89750.0
BSE,12908600.0
MARUTI,2397300.0
RELIANCE,110950500.0
TRENT,4437900.0
GAIL,25293750.0
GLENMARK,1478625.0
GMRAIRPORT,75532275.0
GODFRYPHLP,379775.0
GODREJCP,4184000.0
GODREJPROP,3882450.0
GRASIM,1244750.0
GVT&D,1447625.0
LAURUSLABS,12033450.0
LICHSGFIN,7191000.0
LICI,20904800.0
LODHA,2443125.0
LT,7879550.0
LTF,47688750.0
LTM,1445250.0
LUPIN,4005625.0
SAGILITY,33456000.0
SAIL,9400.0
SBICARD,9987200.0
SBILIFE,1750125.0
SBIN,65910000.0
SHREECEM,77850.0
SHRIRAMFIN,11218350.0
SIEMENS,1215900.0
SONACOMS,6803650.0
SRF,1296800.0
SUNPHARMA,5783050.0
SUPREMEIND,286475.0
SUZLON,220129100.0
SWIGGY,36122225.0
CAMS,3973200.0
CANBK,91206000.0
CDSL,8949000.0
CGPOWER,4082550.0
CHOLAFIN,5053125.0
CIPLA,4681375.0
COALINDIA,27761400.0
COCHINSHIP,3342800.0
COFORGE,8454525.0
COLPAL,2603150.0
CONCOR,8648750.0
CROMPTON,19861700.0
CUMMINSIND,1048600.0
HAVELLS,5415500.0
HCLTECH,8952800.0
HDFCAMC,2183100.0
HDFCBANK,162854250.0
HDFCLIFE,20400600.0
HINDALCO,16088100.0
HINDPETRO,10426725.0
HINDUNILVR,11020500.0
HINDZINC,21707000.0
HYUNDAI,1268025.0
DABUR,11636250.0
DELHIVERY,14981500.0
DIVISLAB,2283800.0
DLF,9728950.0
DMART,2031600.0
DRREDDY,8226875.0
PAGEIND,48620.0
PATANJALI,14209350.0
PAYTM,11879125.0
PERSISTENT,1141750.0
PETRONET,5768400.0
PFC,38889500.0
PGEL,3746800.0
PHOENIXLTD,362600.0
PIDILITIND,1177500.0
PIIND,1166900.0
PNB,67576000.0
PNBHOUSING,1722500.0
POLICYBZR,31803800.0
POLYCAB,1459375.0
POWERGRID,25539800.0
POWERINDIA,298950.0
PREMIERENE,8130200.0
PRESTIGE,2208600.0
VBL,14884350.0
VEDL,28171550.0
VMM,21451550.0
VOLTAS,5966625.0
ZYDUSLIFE,6465600.0
BAJAJFINSV,4543800.0
BAJAJHLDNG,19350.0
BAJFINANCE,23920500.0
BANDHANBNK,60721200.0
BANKBARODA,67137525.0
BANKINDIA,57454800.0
BDL,6404325.0
BEL,48331725.0
BHARATFORG,3272000.0
BHARTIARTL,24366075.0
BHEL,33605250.0
BIOCON,23985000.0
BLUESTARCO,1975025.0
BPCL,11530050.0
BRITANNIA,841500.0
EICHERMOT,1830900.0
ENRIN,69300.0
ETERNAL,52898950.0
JINDALSTEL,5410000.0
JIOFIN,139507750.0
JSWENERGY,5441650.0
JSWSTEEL,7125975.0
JUBLFOOD,6812500.0
KALYANKJIL,18998550.0
KAYNES,1569450.0
KFINTECH,1909575.0
KOTAKBANK,53850000.0
KPITTECH,6530150.0
360ONE,2279500.0
ABCAPITAL,16386600.0
ADANIENSOL,3368925.0
ADANIENT,8053776.0
ADANIGREEN,4728600.0
ADANIPORTS,6982500.0
ADANIPOWER,51247800.0
ALKEM,270375.0
AMBUJACEM,15700800.0
ANANDRATHI,193000.0
APLAPOLLO,2257500.0
APOLLOHOSP,3699500.0
ASHOKLEY,93180000.0
ASIANPAINT,3633500.0
ASTRAL,1527875.0
ATHERENERG,4231125.0
AUBANK,7789000.0
AUROPHARMA,5573150.0
AXISBANK,24193750.0
OBEROIRLTY,1023750.0
OFSS,966300.0
OIL,4454800.0
ONGC,46824750.0
RADICO,640200.0
RBLBANK,20751800.0
RECLTD,28405125.0
RVNL,30080050.0
NAM-INDIA,1144375.0
NATIONALUM,29521875.0
NAUKRI,2087250.0
NBCC,26871000.0
NESTLEIND,2319500.0
NHPC,37085200.0
NMDC,91374750.0
NTPC,21502500.0
NYKAA,8537500.0
TATACONSUM,4287800.0
TATAELXSI,1511125.0
TATAPOWER,26214550.0
TATASTEEL,135896750.0
TECHM,6847800.0
TIINDIA,451800.0
TITAN,3495450.0
TMPV,77928000.0
TORNTPHARM,438000.0
TVSMOTOR,1757875.0
UJJIVANSFB,8480000.0
ULTRACEMCO,546050.0
UNIONBANK,33811425.0
UNITDSPR,2933600.0
UNOMINDA,1091750.0
UPL,8489075.0
WAAREEENER,2015125.0
WIPRO,97191000.0
FEDERALBNK,23030000.0
FORCEMOT,102125.0
FORTIS,7264850.0
ICICIBANK,36870400.0
ICICIGI,1863225.0
ICICIPRULI,7192800.0
IDEA,2622632175.0
IDFCFIRSTB,215226375.0
IEX,30811050.0
INDHOTEL,6097000.0
INDIANB,5098000.0
INDIGO,2424000.0
INDUSINDBK,8985900.0
INDUSTOWER,21168400.0
INFY,40949200.0
INOXWIND,37555200.0
IOC,52255125.0
IREDA,54227600.0
IRFC,87901275.0
ITC,86172375.0
M&M,7616200.0
MAHABANK,22522500.0
MANAPPURAM,10080000.0
MANKIND,1469500.0
MARICO,4246800.0
MAXHEALTH,10180275.0
MAZDOCK,4065075.0
MFSL,2173200.0
MOTHERSON,35116500.0
MOTILALOFS,2135125.0
MPHASIS,1120900.0
MUTHOOTFIN,3012900.0
YESBANK,508485000.0
